{
  "criteria": {
    "requirement": {
      "trigger": "minecraft:player_killed_entity",
      "conditions": {
        "player": [
          {
            "condition": "minecraft:value_check",
            "value": {
              "type": "minecraft:score",
              "target": {
                "type": "minecraft:fixed",
                "name": "NightmareAutoLvlUp"
              },
              "score": "fkbm.options"
            },
            "range": 1
          }
        ],
        "entity": [
          {
            "condition": "minecraft:entity_properties",
            "entity": "this",
            "predicate": {
              "nbt": "{Tags:[\"fkbm.touched\"]}"
            }
          }
        ]
      }
    }
  },
  "rewards": {
    "function": "fkbm:systems/nightmare/xp/kill_lvl_up"
  }
}