{
  "carvers": [
      "minecraft:cave",
      "minecraft:cave_extra_underground",
      "minecraft:canyon"
  ],
  "downfall": 0.5,
  "effects": {
    "sky_color": 10338284,
    "fog_color": 13687790,
      "mood_sound": {
          "block_search_extent": 8,
          "offset": 2,
          "sound": "minecraft:ambient.cave",
          "tick_delay": 6000
      },
      "music_volume": 1,
      "water_color": 3750089,
      "water_fog_color": 329011
  },
  "features": [
      [],
      [
          "minecraft:lake_lava_underground",
          "minecraft:lake_lava_surface"
      ],
      [
          "minecraft:iceberg_packed",
          "minecraft:iceberg_blue",
          "minecraft:amethyst_geode"
      ],
      [
          "minecraft:monster_room",
          "minecraft:monster_room_deep"
      ],
      [
          "minecraft:blue_ice"
      ],
      [],
      [
          "minecraft:ore_dirt",
          "minecraft:ore_gravel",
          "minecraft:ore_granite_upper",
          "minecraft:ore_granite_lower",
          "minecraft:ore_diorite_upper",
          "minecraft:ore_diorite_lower",
          "minecraft:ore_andesite_upper",
          "minecraft:ore_andesite_lower",
          "minecraft:ore_tuff",
          "minecraft:ore_coal_upper",
          "minecraft:ore_coal_lower",
          "minecraft:ore_iron_upper",
          "minecraft:ore_iron_middle",
          "minecraft:ore_iron_small",
          "minecraft:ore_gold",
          "minecraft:ore_gold_lower",
          "minecraft:ore_redstone",
          "minecraft:ore_redstone_lower",
          "minecraft:ore_diamond",
          "minecraft:ore_diamond_medium",
          "minecraft:ore_diamond_large",
          "minecraft:ore_diamond_buried",
          "minecraft:ore_lapis",
          "minecraft:ore_lapis_buried",
          "minecraft:ore_copper",
          "minecraft:underwater_magma",
          "minecraft:disk_sand",
          "minecraft:disk_clay",
          "minecraft:disk_gravel"
      ],
      [],
      [
          "minecraft:spring_water",
          "minecraft:spring_lava"
      ],
      [
          "minecraft:glow_lichen",
          "minecraft:trees_water",
          "minecraft:flower_default",
          "minecraft:patch_grass_badlands",
          "minecraft:brown_mushroom_normal",
          "minecraft:red_mushroom_normal",
          "minecraft:patch_sugar_cane",
          "minecraft:patch_pumpkin"
      ],
      [
          "minecraft:freeze_top_layer"
      ]
  ],
  "has_precipitation": true,
  "spawn_costs": {},
  "spawners": {
      "ambient": [
          {
              "type": "minecraft:bat",
              "maxCount": 8,
              "minCount": 8,
              "weight": 10
          }
      ],
      "axolotls": [],
      "creature": [
          {
              "type": "minecraft:polar_bear",
              "maxCount": 2,
              "minCount": 1,
              "weight": 1
          }
      ],
      "misc": [],
      "monster": [
          {
              "type": "minecraft:spider",
              "maxCount": 4,
              "minCount": 4,
              "weight": 100
          },
          {
              "type": "minecraft:zombie",
              "maxCount": 4,
              "minCount": 4,
              "weight": 95
          },
          {
              "type": "minecraft:zombie_villager",
              "maxCount": 1,
              "minCount": 1,
              "weight": 5
          },
          {
              "type": "minecraft:skeleton",
              "maxCount": 4,
              "minCount": 4,
              "weight": 100
          },
          {
              "type": "minecraft:creeper",
              "maxCount": 4,
              "minCount": 4,
              "weight": 100
          },
          {
              "type": "minecraft:slime",
              "maxCount": 4,
              "minCount": 4,
              "weight": 100
          },
          {
              "type": "minecraft:enderman",
              "maxCount": 4,
              "minCount": 1,
              "weight": 10
          },
          {
              "type": "minecraft:witch",
              "maxCount": 1,
              "minCount": 1,
              "weight": 5
          },
          {
              "type": "minecraft:drowned",
              "maxCount": 1,
              "minCount": 1,
              "weight": 5
          }
      ],
      "underground_water_creature": [
          {
              "type": "minecraft:glow_squid",
              "maxCount": 6,
              "minCount": 4,
              "weight": 10
          }
      ],
      "water_ambient": [
          {
              "type": "minecraft:salmon",
              "maxCount": 5,
              "minCount": 1,
              "weight": 15
          }
      ],
      "water_creature": [
          {
              "type": "minecraft:squid",
              "maxCount": 4,
              "minCount": 1,
              "weight": 1
          }
      ]
  },
  "temperature": 0,
  "temperature_modifier": "frozen"
}