{
    "name": "shipwreck", 
    "fallback": "minecraft:empty",
    "elements": [
        {
            "weight": 10,
            "element": {
                "element_type": "minecraft:empty_pool_element"
            }
        },
        {
            "weight": 2,
            "element": {
                "element_type": "minecraft:single_pool_element",
                "location": "revamped_shipwrecks:shipwreck/spruce_jungle/alternatives/scattered_loose_debris_spacer_1",
                "projection": "rigid",
                "processors": "minecraft:empty"
            }
        },
        {
            "weight": 2,
            "element": {
                "element_type": "minecraft:single_pool_element",
                "location": "revamped_shipwrecks:shipwreck/spruce_jungle/alternatives/scattered_loose_debris_spacer_2",
                "projection": "rigid",
                "processors": "minecraft:empty"
            }
        },
        {
            "weight": 1,
            "element": {
                "element_type": "minecraft:single_pool_element",
                "location": "revamped_shipwrecks:shipwreck/spruce_jungle/alternatives/scattered_loose_debris_spacer_3",
                "projection": "rigid",
                "processors": "minecraft:empty"
            }
        }
    ]
}