{
  "type": "minecraft:crafting_shaped",
  "category": "equipment",
  "pattern": [
    " X ",
    "XXX",
    "XXX"
  ],
  "key": {
    "X": "#minecraft:planks"
  },
  "result": {
    "id": "minecraft:shield",
    "count": 1,
    "components": {
      "minecraft:item_name": "{'text':'Wooden Guardblade'}",
      "minecraft:attribute_modifiers": {
        "modifiers": [
          {
            "type": "minecraft:attack_damage",
            "id": "attack_damage.guardblade",
            "amount": 3,
            "operation": "add_value",
            "slot": "mainhand"
          },
          {
            "type": "minecraft:attack_speed",
            "id": "attack_speed",
            "amount": -3,
            "operation": "add_value",
            "slot": "mainhand"
          }
        ],
        "show_in_tooltip": false
      },
      "lore": [
        "{'text':' '}",
        "{'color':'gray','italic':false,'text':'When in Main Hand:'}",
        "{'color':'dark_green','italic':false,'text':' 4 Attack Damage'}",
        "{'color':'dark_green','italic':false,'text':' 1 Attack Speed'}"
      ],
      "minecraft:item_model": "ppg:we/guardblade/wooden",
      "minecraft:damage": 0,
      "minecraft:max_damage": 230,
      "minecraft:enchantable": {
        "value": 15
      }
    }
  }
}
