{
    "type": "minecraft:command",
    "pools": [
        {
            "rolls": 1,
            "entries": [
                {
                    "type": "minecraft:item",
                    "name": "minecraft:stone_pickaxe",
                    "weight": 70,
                    "functions": [
                        {
                            "function": "minecraft:set_custom_model_data",
                            "value": 930030
                        },
                        {
                            "function": "minecraft:set_components",
                            "components": {
                                "minecraft:food": {
                                    "nutrition": 0,
                                    "saturation": 0,
                                    "can_always_eat": true,
                                    "eat_seconds": 930030
                                },
                                "minecraft:tool": {
                                    "rules": []
                                },
                                "!attribute_modifiers": {},
                                "!tool": {},
                                "!max_damage": {},
                                "max_stack_size": 16,
                                "enchantment_glint_override": true
                            }
                        },
                        {
                            "function": "minecraft:set_custom_data",
                            "tag": "{loot_bags:{type:0b}}"
                        },
                        {
                            "function": "minecraft:set_name",
                            "name": "\u00a7fCommon Loot Bag"
                        },
                        {
                            "function": "minecraft:set_lore",
                            "lore": [
                                "\u00a79Loot Bag",
                                "\u00a7eRight Click"
                            ],
                            "mode": "replace_all"
                        }
                    ]
                },
                {
                    "type": "minecraft:item",
                    "name": "minecraft:stone_pickaxe",
                    "weight": 40,
                    "functions": [
                        {
                            "function": "minecraft:set_custom_model_data",
                            "value": 930031
                        },
                        {
                            "function": "minecraft:set_components",
                            "components": {
                                "minecraft:food": {
                                    "nutrition": 0,
                                    "saturation": 0,
                                    "can_always_eat": true,
                                    "eat_seconds": 930030
                                },
                                "minecraft:tool": {
                                    "rules": []
                                },
                                "!attribute_modifiers": {},
                                "!tool": {},
                                "!max_damage": {},
                                "max_stack_size": 16,
                                "enchantment_glint_override": true
                            }
                        },
                        {
                            "function": "minecraft:set_custom_data",
                            "tag": "{loot_bags:{type:1b}}"
                        },
                        {
                            "function": "minecraft:set_name",
                            "name": "\u00a7aUncommon Loot Bag"
                        },
                        {
                            "function": "minecraft:set_lore",
                            "lore": [
                                "\u00a79Loot Bag",
                                "\u00a7eRight Click"
                            ],
                            "mode": "replace_all"
                        }
                    ]
                },
                {
                    "type": "minecraft:item",
                    "name": "minecraft:stone_pickaxe",
                    "weight": 20,
                    "functions": [
                        {
                            "function": "minecraft:set_custom_model_data",
                            "value": 930032
                        },
                        {
                            "function": "minecraft:set_components",
                            "components": {
                                "minecraft:food": {
                                    "nutrition": 0,
                                    "saturation": 0,
                                    "can_always_eat": true,
                                    "eat_seconds": 930030
                                },
                                "minecraft:tool": {
                                    "rules": []
                                },
                                "!attribute_modifiers": {},
                                "!tool": {},
                                "!max_damage": {},
                                "max_stack_size": 16,
                                "enchantment_glint_override": true
                            }
                        },
                        {
                            "function": "minecraft:set_custom_data",
                            "tag": "{loot_bags:{type:2b}}"
                        },
                        {
                            "function": "minecraft:set_name",
                            "name": "\u00a79Rare Loot Bag"
                        },
                        {
                            "function": "minecraft:set_lore",
                            "lore": [
                                "\u00a79Loot Bag",
                                "\u00a7eRight Click"
                            ],
                            "mode": "replace_all"
                        }
                    ]
                },
                {
                    "type": "minecraft:item",
                    "name": "minecraft:stone_pickaxe",
                    "weight": 10,
                    "functions": [
                        {
                            "function": "minecraft:set_custom_model_data",
                            "value": 930033
                        },
                        {
                            "function": "minecraft:set_components",
                            "components": {
                                "minecraft:food": {
                                    "nutrition": 0,
                                    "saturation": 0,
                                    "can_always_eat": true,
                                    "eat_seconds": 930030
                                },
                                "minecraft:tool": {
                                    "rules": []
                                },
                                "!attribute_modifiers": {},
                                "!tool": {},
                                "!max_damage": {},
                                "max_stack_size": 16,
                                "enchantment_glint_override": true
                            }
                        },
                        {
                            "function": "minecraft:set_custom_data",
                            "tag": "{loot_bags:{type:3b}}"
                        },
                        {
                            "function": "minecraft:set_name",
                            "name": "\u00a75Epic Loot Bag"
                        },
                        {
                            "function": "minecraft:set_lore",
                            "lore": [
                                "\u00a79Loot Bag",
                                "\u00a7eRight Click"
                            ],
                            "mode": "replace_all"
                        }
                    ]
                },
                {
                    "type": "minecraft:item",
                    "name": "minecraft:stone_pickaxe",
                    "weight": 5,
                    "functions": [
                        {
                            "function": "minecraft:set_custom_model_data",
                            "value": 930034
                        },
                        {
                            "function": "minecraft:set_components",
                            "components": {
                                "minecraft:food": {
                                    "nutrition": 0,
                                    "saturation": 0,
                                    "can_always_eat": true,
                                    "eat_seconds": 930030
                                },
                                "minecraft:tool": {
                                    "rules": []
                                },
                                "!attribute_modifiers": {},
                                "!tool": {},
                                "!max_damage": {},
                                "max_stack_size": 16,
                                "enchantment_glint_override": true
                            }
                        },
                        {
                            "function": "minecraft:set_custom_data",
                            "tag": "{loot_bags:{type:4b}}"
                        },
                        {
                            "function": "minecraft:set_name",
                            "name": "\u00a7cMythic Loot Bag"
                        },
                        {
                            "function": "minecraft:set_lore",
                            "lore": [
                                "\u00a79Loot Bag",
                                "\u00a7eRight Click"
                            ],
                            "mode": "replace_all"
                        }
                    ]
                },
                {
                    "type": "minecraft:item",
                    "name": "minecraft:stone_pickaxe",
                    "weight": 20,
                    "functions": [
                        {
                            "function": "minecraft:set_custom_model_data",
                            "value": 930035
                        },
                        {
                            "function": "minecraft:set_components",
                            "components": {
                                "minecraft:food": {
                                    "nutrition": 0,
                                    "saturation": 0,
                                    "can_always_eat": true,
                                    "eat_seconds": 930030
                                },
                                "minecraft:tool": {
                                    "rules": []
                                },
                                "!attribute_modifiers": {},
                                "!tool": {},
                                "!max_damage": {},
                                "max_stack_size": 16,
                                "enchantment_glint_override": true
                            }
                        },
                        {
                            "function": "minecraft:set_custom_data",
                            "tag": "{loot_bags:{type:5b}}"
                        },
                        {
                            "function": "minecraft:set_name",
                            "name": "\u00a7dHealth Loot Bag"
                        },
                        {
                            "function": "minecraft:set_lore",
                            "lore": [
                                "\u00a79Loot Bag",
                                "\u00a7eRight Click"
                            ],
                            "mode": "replace_all"
                        }
                    ]
                }
            ]
        }
    ]
}