{
	"display": {
		"icon": {
			"id": "minecraft:blaze_powder"
		},
		"title": {"translate":"A snowball's chance in hell"},
		"description": {"color":"#75E1FF","translate":"Defeat a Blaze using snowballs"},
		"announce_to_chat": true,
		"frame": "goal"
	},
	"parent": "blazeandcave:weaponry/snowball_fight",
	"rewards": {
		"function": "bacap_rewards:weaponry/a_snowballs_chance_in_hell"
	},		
	"criteria": {
		"snowball": {
			"trigger": "minecraft:player_killed_entity",
			"conditions": {
				"entity": {
					"type": "blaze"
				},
				"killing_blow": {
					"tags": [
							{
								"id": "minecraft:is_projectile",
								"expected": true
							}
						],
					"direct_entity": {
						"type": "minecraft:snowball"
					}
				}
			}
		}
	}
}