{
	"display": {
		"icon": {
			"id": "minecraft:diamond_axe"
		},
		"title": {"translate":"Axeman"},
		"description": {"color":"#75E1FF","translate":"Attack a mob using all six types of axes"},
		"announce_to_chat": true,
		"frame": "goal"
	},
	"parent": "blazeandcave:weaponry/viking",
	"rewards": {
		"function": "bacap_rewards:weaponry/axeman"
	},		
	"criteria": {
		"wooden_axe": {
			"trigger": "minecraft:player_hurt_entity",
			"conditions": {
				"entity": {
					"distance": {
						"absolute": {
							"max": 5
						}
					}
				},			
				"damage": {
					"type": {
						"source_entity": {
							"equipment": {
								"mainhand": {
									"items": [
										"minecraft:wooden_axe"
									]
								}
							}
						}
					}
				}
			}
		},
		"stone_axe": {
			"trigger": "minecraft:player_hurt_entity",
			"conditions": {
				"entity": {
					"distance": {
						"absolute": {
							"max": 5
						}
					}
				},
				"damage": {
					"type": {
						"source_entity": {
							"equipment": {
								"mainhand": {
									"items": [
										"minecraft:stone_axe"
									]
								}
							}
						}
					}
				}
			}
		},
		"iron_axe": {
			"trigger": "minecraft:player_hurt_entity",
			"conditions": {
				"entity": {
					"distance": {
						"absolute": {
							"max": 5
						}
					}
				},
				"damage": {
					"type": {
						"source_entity": {
							"equipment": {
								"mainhand": {
									"items": [
										"minecraft:iron_axe"
									]
								}
							}
						}
					}
				}
			}
		},
		"golden_axe": {
			"trigger": "minecraft:player_hurt_entity",
			"conditions": {
				"entity": {
					"distance": {
						"absolute": {
							"max": 5
						}
					}
				},
				"damage": {
					"type": {
						"source_entity": {
							"equipment": {
								"mainhand": {
									"items": [
										"minecraft:golden_axe"
									]
								}
							}
						}
					}
				}
			}
		},
		"diamond_axe": {
			"trigger": "minecraft:player_hurt_entity",
			"conditions": {
				"entity": {
					"distance": {
						"absolute": {
							"max": 5
						}
					}
				},
				"damage": {
					"type": {
						"source_entity": {
							"equipment": {
								"mainhand": {
									"items": [
										"minecraft:diamond_axe"
									]
								}
							}
						}
					}
				}
			}
		},
		"netherite_axe": {
			"trigger": "minecraft:player_hurt_entity",
			"conditions": {
				"entity": {
					"distance": {
						"absolute": {
							"max": 5
						}
					}
				},
				"damage": {
					"type": {
						"source_entity": {
							"equipment": {
								"mainhand": {
									"items": [
										"minecraft:netherite_axe"
									]
								}
							}
						}
					}
				}
			}
		}	
	}
}