{
	"display": {
		"icon": {
			"id": "minecraft:tnt"
		},
		"title": {"translate":"Bombs Away!"},
		"description": {"color":"green","translate":"Use gunpowder and sand to craft TNT"},
		"announce_to_chat": true
	},
	"parent": "blazeandcave:weaponry/root",
	"rewards": {
		"function": "bacap_rewards:weaponry/bombs_away"
	},		
	"criteria": {
		"tnt": {
			"trigger": "minecraft:inventory_changed",
			"conditions": {
				"items": [
					{
						"items": [
							"minecraft:tnt"
						]
					}
				]
			}
		}
	}
}