{
	"display": {
		"icon": {
			"id": "minecraft:arrow"
		},
		"title": {"translate":"Bow Spammer"},
		"description": {"color":"green","translate":"Attack a mob by bow-spamming"},
		"announce_to_chat": true
	},
	"parent": "blazeandcave:weaponry/point_blank",
	"rewards": {
		"function": "bacap_rewards:weaponry/bow_spammer"
	},		
	"criteria": {
		"bow_spammer": {
			"trigger": "minecraft:player_hurt_entity",
			"conditions": {
				"damage": {
					"taken": {
						"max": 1.0
						},
					"type": {
						"tags": [
							{
								"id": "minecraft:is_projectile",
								"expected": true
							}
						],
						"direct_entity": {
							"type": "minecraft:arrow"
						}
					}
				}
			}
		}
	}
}