{
	"display": {
		"icon": {
			"id": "minecraft:egg"
		},
		"title": {"translate":"Egging, Dude!"},
		"description": {"color":"green","translate":"Vandalise something with eggs"},
		"announce_to_chat": true
	},
	"parent": "blazeandcave:weaponry/root",
	"rewards": {
		"function": "bacap_rewards:weaponry/egging_dude"
	},		
	"criteria": {
		"egg": {
			"trigger": "minecraft:player_hurt_entity",
			"conditions": {
				"damage": {
					"type": {
						"tags": [
							{
								"id": "minecraft:is_projectile",
								"expected": true
							}
						],
						"direct_entity": {
							"type": "minecraft:egg"
						}
					}
				}
			}
		}
	}
}