{
	"display": {
		"icon": {
			"id": "minecraft:firework_rocket"
		},
		"title": {"translate":"Fireworks Display"},
		"description": {"color":"green","translate":"Use gunpowder and paper to craft fireworks"},
		"announce_to_chat": true
	},
	"parent": "minecraft:adventure/whos_the_pillager_now",
	"rewards": {
		"function": "bacap_rewards:weaponry/fireworks_display"
	},		
	"criteria": {
		"firework_rocket": {
			"trigger": "minecraft:inventory_changed",
			"conditions": {
				"items": [
					{
						"items": [
							"minecraft:firework_rocket"
						]
					}
				]
			}
		}
	}
}