{
	"display": {
		"icon": {
			"id": "minecraft:clock"
		},
		"title": {"translate":"It's time consuming"},
		"description": {"color":"green","translate":"Kill something using a clock"},
		"announce_to_chat": true
	},
	"parent": "blazeandcave:weaponry/diemonds",
	"rewards": {
		"function": "bacap_rewards:weaponry/its_time_consuming"
	},		
	"criteria": {
		"clock": {
			"trigger": "minecraft:player_killed_entity",
			"conditions": {
				"entity": {
					"distance": {
						"absolute": {
							"max": 5
						}
					}
				},
				"killing_blow": {
					"type": {
						"tags": [
							{
								"id": "minecraft:player_attack",
								"expected": true
							}
						]
					}
				},
				"player": {
					"equipment": {
						"mainhand": {
							"items": [
								"minecraft:clock"
							]
						}
					}
				}
			}
		}	
	}
}