{
	"display": {
		"icon": {
			"id": "minecraft:porkchop"
		},
		"title": {"translate":"Pig Fishing Tournament"},
		"description": {"color":"green","translate":"Pull a pig using a fishing rod"},
		"announce_to_chat": true
	},
	"parent": "blazeandcave:weaponry/root",
	"rewards": {
		"function": "bacap_rewards:weaponry/pig_fishing_tournament"
	},		
	"criteria": {
		"pig": {
			"trigger": "minecraft:fishing_rod_hooked",
			"conditions": {
				"entity": {
					"type": "minecraft:pig"
				}
			}
		}
	}
}