{
	"display": {
		"icon": {
			"id": "minecraft:string"
		},
		"title": {"translate":"Point Blank"},
		"description": {"color":"green","translate":"Shoot a mob from point-blank range"},
		"announce_to_chat": true
	},
	"parent": "minecraft:adventure/shoot_arrow",
	"rewards": {
		"function": "bacap_rewards:weaponry/point_blank"
	},		
	"criteria": {
		"point_blank": {
			"trigger": "minecraft:player_hurt_entity",
			"conditions": {
				"damage": {
					"type": {
						"tags": [
							{
								"id": "minecraft:is_projectile",
								"expected": true
							}
						],
						"direct_entity": {
							"type": "minecraft:arrow"
						}
					}
				},
				"entity": {
					"distance": {
						"absolute": {
							"max": 2.0
						}
					}
				}
			}
		}
	}
}