{
	"display": {
		"icon": {
			"id": "minecraft:fire_charge"
		},
		"title": {"translate":"Poseidon vs. Hades"},
		"description": {"color":"dark_purple","translate":"Hunt all types of nether creatures with your trident"},
		"announce_to_chat": true,
		"frame": "challenge"
	},
	"parent": "blazeandcave:weaponry/king_of_the_sea",
	"rewards": {
		"function": "bacap_rewards:weaponry/poseidon_vs_hades"
	},	
	"criteria": {
		"zombified_piglin": {
			"trigger": "minecraft:player_killed_entity",
			"conditions": {
				"killing_blow": {
					"tags": [
							{
								"id": "minecraft:is_projectile",
								"expected": true
							}
						],
						"direct_entity": {
							"type": "minecraft:trident"
						}
				},
				"entity": {
					"type": "zombified_piglin"
				}
			}
		},	
		"ghast": {
			"trigger": "minecraft:player_killed_entity",
			"conditions": {
				"killing_blow": {
					"tags": [
							{
								"id": "minecraft:is_projectile",
								"expected": true
							}
						],
						"direct_entity": {
							"type": "minecraft:trident"
						}
				},
				"entity": {
					"type": "ghast"
				}
			}
		},
		"magma_cube": {
			"trigger": "minecraft:player_killed_entity",
			"conditions": {
				"killing_blow": {
					"tags": [
							{
								"id": "minecraft:is_projectile",
								"expected": true
							}
						],
						"direct_entity": {
							"type": "minecraft:trident"
						}
				},
				"entity": {
					"type": "magma_cube"
				}
			}
		},
		"skeleton": {
			"trigger": "minecraft:player_killed_entity",
			"conditions": {
				"killing_blow": {
					"tags": [
							{
								"id": "minecraft:is_projectile",
								"expected": true
							}
						],
						"direct_entity": {
							"type": "minecraft:trident"
						}
				},
				"entity": {
					"type": "skeleton",
					"location": {
						"dimension": "the_nether"
					}
				}
			}
		},
		"wither_skeleton": {
			"trigger": "minecraft:player_killed_entity",
			"conditions": {
				"killing_blow": {
					"tags": [
							{
								"id": "minecraft:is_projectile",
								"expected": true
							}
						],
						"direct_entity": {
							"type": "minecraft:trident"
						}
				},
				"entity": {
					"type": "wither_skeleton"
				}
			}
		},
		"blaze": {
			"trigger": "minecraft:player_killed_entity",
			"conditions": {
				"killing_blow": {
					"tags": [
							{
								"id": "minecraft:is_projectile",
								"expected": true
							}
						],
						"direct_entity": {
							"type": "minecraft:trident"
						}
				},
				"entity": {
					"type": "blaze"
				}
			}
		},
		"piglin": {
			"trigger": "minecraft:player_killed_entity",
			"conditions": {
				"killing_blow": {
					"tags": [
							{
								"id": "minecraft:is_projectile",
								"expected": true
							}
						],
						"direct_entity": {
							"type": "minecraft:trident"
						}
				},
				"entity": {
					"type": "piglin"
				}
			}
		},
		"hoglin": {
			"trigger": "minecraft:player_killed_entity",
			"conditions": {
				"killing_blow": {
					"tags": [
							{
								"id": "minecraft:is_projectile",
								"expected": true
							}
						],
						"direct_entity": {
							"type": "minecraft:trident"
						}
				},
				"entity": {
					"type": "hoglin"
				}
			}
		},
		"strider": {
			"trigger": "minecraft:player_killed_entity",
			"conditions": {
				"killing_blow": {
					"tags": [
							{
								"id": "minecraft:is_projectile",
								"expected": true
							}
						],
						"direct_entity": {
							"type": "minecraft:trident"
						}
				},
				"entity": {
					"type": "strider"
				}
			}
		},
		"zoglin": {
			"trigger": "minecraft:player_killed_entity",
			"conditions": {
				"killing_blow": {
					"tags": [
							{
								"id": "minecraft:is_projectile",
								"expected": true
							}
						],
						"direct_entity": {
							"type": "minecraft:trident"
						}
				},
				"entity": {
					"type": "zoglin"
				}
			}
		},
		"piglin_brute": {
			"trigger": "minecraft:player_killed_entity",
			"conditions": {
				"killing_blow": {
					"tags": [
							{
								"id": "minecraft:is_projectile",
								"expected": true
							}
						],
						"direct_entity": {
							"type": "minecraft:trident"
						}
				},
				"entity": {
					"type": "piglin_brute"
				}
			}
		}
	}
}