{
	"display": {
		"icon": {
			"id": "minecraft:stone_sword"
		},
		"title": {"translate":"Weaponry"},
		"description": {"color":"#CCCCCC","translate":"Weapons of choice for combat"},
		"background": "minecraft:textures/block/smithing_table_top.png",
		"show_toast": false,
		"announce_to_chat": false
	},
	"rewards": {
		"function": "bacap_rewards:weaponry/root"
	},		
	"criteria": {
		"sword": {
			"trigger": "minecraft:inventory_changed",
			"conditions": {
				"items": [
					{
						"items": "#minecraft:swords"
					}
				]
			}
		}
	}
}