{
	"display": {
		"icon": {
			"id": "minecraft:shield"
		},
		"title": {"translate":"Sir Knight"},
		"description": {"color":"green","translate":"Use planks and iron to craft a shield"},
		"announce_to_chat": true
	},
	"parent": "blazeandcave:weaponry/root",
	"rewards": {
		"function": "bacap_rewards:weaponry/sir_knight"
	},		
	"criteria": {
		"shield": {
			"trigger": "minecraft:inventory_changed",
			"conditions": {
				"items": [
					{
						"items": [
							"minecraft:shield"
						]
					}
				]
			}
		}
	}
}