{
	"display": {
		"icon": {
			"id": "minecraft:cod"
		},
		"title": {"translate":"Slapfish"},
		"description": {"color":"green","translate":"Slap a mob across the face with a fish"},
		"announce_to_chat": true
	},
	"parent": "blazeandcave:weaponry/expelliarmus",
	"rewards": {
		"function": "bacap_rewards:weaponry/slapfish"
	},		
	"criteria": {
		"slapfish": {
			"trigger": "minecraft:player_hurt_entity",
			"conditions": {
				"entity": {
					"distance": {
						"absolute": {
							"max": 5
						}
					}
				},			
				"damage": {
					"type": {
						"source_entity": {
							"equipment": {
								"mainhand": {
									"items": "#minecraft:fishes"
								}
							}
						}
					}
				}
			}
		}
	}
}