{
	"display": {
		"icon": {
			"id": "minecraft:big_dripleaf"
		},
		"title": {"translate":"Spleaf"},
		"description": {"color":"#75E1FF","translate":"Kill a mob using a shovel while both of you are standing on a Big Dripleaf"},
		"announce_to_chat": true,
		"frame": "goal"
	},
	"parent": "blazeandcave:weaponry/shovel_knight",
	"rewards": {
		"function": "bacap_rewards:weaponry/spleaf"
	},		
	"criteria": {
		"wooden_shovel": {
			"trigger": "minecraft:player_killed_entity",
			"conditions": {
				"entity": {
					"distance": {
						"absolute": {
							"max": 5
						}
					},
					"stepping_on": {
						"block": {
							"blocks": [
								"minecraft:big_dripleaf"
							]
						}
					}
				},			
				"killing_blow": {
					"source_entity": {
						"equipment": {
							"mainhand": {
								"items": "#minecraft:shovels"
							}
						},
						"stepping_on": {
							"block": {
								"blocks": [
									"minecraft:big_dripleaf"
								]
							}
						}
					},
					"tags": [
						{
							"id": "minecraft:player_attack",
							"expected": true
						}
					]
				}
			}
		}
	}
}