{
	"display": {
		"icon": {
			"id": "minecraft:fletching_table"
		},
		"title": {"translate":"That is so fletch!"},
		"description": {"color":"green","translate":"Craft a fletching table"},
		"announce_to_chat": true
	},
	"parent": "minecraft:adventure/shoot_arrow",
	"rewards": {
		"function": "bacap_rewards:weaponry/that_is_so_fletch"
	},		
	"criteria": {
		"fletching_table": {
			"trigger": "minecraft:inventory_changed",
			"conditions": {
				"items": [
					{
						"items": [
							"minecraft:fletching_table"
						]
					}
				]
			}
		}
	}
}