{
	"display": {
		"icon": {
			"id": "minecraft:prismarine_shard"
		},
		"title": {"translate":"The Aquatic Hunter"},
		"description": {"color":"dark_purple","translate":"Hunt all types of aquatic creatures with your trident"},
		"announce_to_chat": true,
		"frame": "challenge"
	},
	"parent": "blazeandcave:weaponry/king_of_the_sea",
	"rewards": {
		"function": "bacap_rewards:weaponry/the_aquatic_hunter"
	},	
	"criteria": {
		"guardian": {
			"trigger": "minecraft:player_killed_entity",
			"conditions": {
				"killing_blow": {
					"tags": [
							{
								"id": "minecraft:is_projectile",
								"expected": true
							}
						],
						"direct_entity": {
							"type": "minecraft:trident"
						}
				},
				"entity": {
					"type": "guardian"
				}
			}
		},	
		"squid": {
			"trigger": "minecraft:player_killed_entity",
			"conditions": {
				"killing_blow": {
					"tags": [
							{
								"id": "minecraft:is_projectile",
								"expected": true
							}
						],
						"direct_entity": {
							"type": "minecraft:trident"
						}
				},
				"entity": {
					"type": "squid"
				}
			}
		},
		"turtle": {
			"trigger": "minecraft:player_killed_entity",
			"conditions": {
				"killing_blow": {
					"tags": [
							{
								"id": "minecraft:is_projectile",
								"expected": true
							}
						],
						"direct_entity": {
							"type": "minecraft:trident"
						}
				},
				"entity": {
					"type": "turtle"
				}
			}
		},
		"dolphin": {
			"trigger": "minecraft:player_killed_entity",
			"conditions": {
				"killing_blow": {
					"tags": [
							{
								"id": "minecraft:is_projectile",
								"expected": true
							}
						],
						"direct_entity": {
							"type": "minecraft:trident"
						}
				},
				"entity": {
					"type": "dolphin"
				}
			}
		},
		"cod_mob": {
			"trigger": "minecraft:player_killed_entity",
			"conditions": {
				"killing_blow": {
					"tags": [
							{
								"id": "minecraft:is_projectile",
								"expected": true
							}
						],
						"direct_entity": {
							"type": "minecraft:trident"
						}
				},
				"entity": {
					"type": "cod"
				}
			}
		},
		"salmon_mob": {
			"trigger": "minecraft:player_killed_entity",
			"conditions": {
				"killing_blow": {
					"tags": [
							{
								"id": "minecraft:is_projectile",
								"expected": true
							}
						],
						"direct_entity": {
							"type": "minecraft:trident"
						}
				},
				"entity": {
					"type": "salmon"
				}
			}
		},
		"pufferfish": {
			"trigger": "minecraft:player_killed_entity",
			"conditions": {
				"killing_blow": {
					"tags": [
							{
								"id": "minecraft:is_projectile",
								"expected": true
							}
						],
						"direct_entity": {
							"type": "minecraft:trident"
						}
				},
				"entity": {
					"type": "pufferfish"
				}
			}
		},
		"tropical_fish": {
			"trigger": "minecraft:player_killed_entity",
			"conditions": {
				"killing_blow": {
					"tags": [
							{
								"id": "minecraft:is_projectile",
								"expected": true
							}
						],
						"direct_entity": {
							"type": "minecraft:trident"
						}
				},
				"entity": {
					"type": "tropical_fish"
				}
			}
		},
		"drowned": {
			"trigger": "minecraft:player_killed_entity",
			"conditions": {
				"killing_blow": {
					"tags": [
							{
								"id": "minecraft:is_projectile",
								"expected": true
							}
						],
						"direct_entity": {
							"type": "minecraft:trident"
						}
				},
				"entity": {
					"type": "drowned"
				}
			}
		},
		"axolotl": {
			"trigger": "minecraft:player_killed_entity",
			"conditions": {
				"killing_blow": {
					"tags": [
							{
								"id": "minecraft:is_projectile",
								"expected": true
							}
						],
						"direct_entity": {
							"type": "minecraft:trident"
						}
				},
				"entity": {
					"type": "axolotl"
				}
			}
		},
		"glow_squid": {
			"trigger": "minecraft:player_killed_entity",
			"conditions": {
				"killing_blow": {
					"tags": [
							{
								"id": "minecraft:is_projectile",
								"expected": true
							}
						],
						"direct_entity": {
							"type": "minecraft:trident"
						}
				},
				"entity": {
					"type": "glow_squid"
				}
			}
		},
		"frog": {
			"trigger": "minecraft:player_killed_entity",
			"conditions": {
				"killing_blow": {
					"tags": [
							{
								"id": "minecraft:is_projectile",
								"expected": true
							}
						],
						"direct_entity": {
							"type": "minecraft:trident"
						}
				},
				"entity": {
					"type": "frog"
				}
			}
		},
		"tadpole": {
			"trigger": "minecraft:player_killed_entity",
			"conditions": {
				"killing_blow": {
					"tags": [
							{
								"id": "minecraft:is_projectile",
								"expected": true
							}
						],
						"direct_entity": {
							"type": "minecraft:trident"
						}
				},
				"entity": {
					"type": "tadpole"
				}
			}
		}
	}
}