{
	"display": {
		"icon": {
			"id": "minecraft:chicken"
		},
		"title": {"translate":"The Mighty Hunter"},
		"description": {"color":"dark_purple","translate":"Hunt all types of land animals with your bow"},
		"announce_to_chat": true,
		"frame": "challenge"
	},
	"parent": "minecraft:adventure/sniper_duel",
	"rewards": {
		"function": "bacap_rewards:weaponry/the_mighty_hunter"
	},	
	"criteria": {
		"chicken": {
			"trigger": "minecraft:player_killed_entity",
			"conditions": {
				"killing_blow": {
					"tags": [
							{
								"id": "minecraft:is_projectile",
								"expected": true
							}
						],
						"direct_entity": {
							"type": "#blazeandcave:arrows"
						}
				},
				"entity": {
					"type": "chicken"
				}
			}
		},	
		"cow": {
			"trigger": "minecraft:player_killed_entity",
			"conditions": {
				"killing_blow": {
					"tags": [
							{
								"id": "minecraft:is_projectile",
								"expected": true
							}
						],
						"direct_entity": {
							"type": "#blazeandcave:arrows"
						}
				},
				"entity": {
					"type": "cow"
				}
			}
		},
		"pig": {
			"trigger": "minecraft:player_killed_entity",
			"conditions": {
				"killing_blow": {
					"tags": [
							{
								"id": "minecraft:is_projectile",
								"expected": true
							}
						],
						"direct_entity": {
							"type": "#blazeandcave:arrows"
						}
				},
				"entity": {
					"type": "pig"
				}
			}
		},
		"sheep": {
			"trigger": "minecraft:player_killed_entity",
			"conditions": {
				"killing_blow": {
					"tags": [
							{
								"id": "minecraft:is_projectile",
								"expected": true
							}
						],
						"direct_entity": {
							"type": "#blazeandcave:arrows"
						}
				},
				"entity": {
					"type": "sheep"
				}
			}
		},
		"rabbit": {
			"trigger": "minecraft:player_killed_entity",
			"conditions": {
				"killing_blow": {
					"tags": [
							{
								"id": "minecraft:is_projectile",
								"expected": true
							}
						],
						"direct_entity": {
							"type": "#blazeandcave:arrows"
						}
				},
				"entity": {
					"type": "rabbit"
				}
			}
		},
		"mooshroom": {
			"trigger": "minecraft:player_killed_entity",
			"conditions": {
				"killing_blow": {
					"tags": [
							{
								"id": "minecraft:is_projectile",
								"expected": true
							}
						],
						"direct_entity": {
							"type": "#blazeandcave:arrows"
						}
				},
				"entity": {
					"type": "mooshroom"
				}
			}
		},
		"polar_bear": {
			"trigger": "minecraft:player_killed_entity",
			"conditions": {
				"killing_blow": {
					"tags": [
							{
								"id": "minecraft:is_projectile",
								"expected": true
							}
						],
						"direct_entity": {
							"type": "#blazeandcave:arrows"
						}
				},
				"entity": {
					"type": "polar_bear"
				}
			}
		},
		"horse": {
			"trigger": "minecraft:player_killed_entity",
			"conditions": {
				"killing_blow": {
					"tags": [
							{
								"id": "minecraft:is_projectile",
								"expected": true
							}
						],
						"direct_entity": {
							"type": "#blazeandcave:arrows"
						}
				},
				"entity": {
					"type": "horse"
				}
			}
		},
		"donkey": {
			"trigger": "minecraft:player_killed_entity",
			"conditions": {
				"killing_blow": {
					"tags": [
							{
								"id": "minecraft:is_projectile",
								"expected": true
							}
						],
						"direct_entity": {
							"type": "#blazeandcave:arrows"
						}
				},
				"entity": {
					"type": "donkey"
				}
			}
		},
		"mule": {
			"trigger": "minecraft:player_killed_entity",
			"conditions": {
				"killing_blow": {
					"tags": [
							{
								"id": "minecraft:is_projectile",
								"expected": true
							}
						],
						"direct_entity": {
							"type": "#blazeandcave:arrows"
						}
				},
				"entity": {
					"type": "mule"
				}
			}
		},
		"llama": {
			"trigger": "minecraft:player_killed_entity",
			"conditions": {
				"killing_blow": {
					"tags": [
							{
								"id": "minecraft:is_projectile",
								"expected": true
							}
						],
						"direct_entity": {
							"type": "#blazeandcave:arrows"
						}
				},
				"entity": {
					"type": "llama"
				}
			}
		},
		"wolf": {
			"trigger": "minecraft:player_killed_entity",
			"conditions": {
				"killing_blow": {
					"tags": [
							{
								"id": "minecraft:is_projectile",
								"expected": true
							}
						],
						"direct_entity": {
							"type": "#blazeandcave:arrows"
						}
				},
				"entity": {
					"type": "wolf"
				}
			}
		},
		"ocelot": {
			"trigger": "minecraft:player_killed_entity",
			"conditions": {
				"killing_blow": {
					"tags": [
							{
								"id": "minecraft:is_projectile",
								"expected": true
							}
						],
						"direct_entity": {
							"type": "#blazeandcave:arrows"
						}
				},
				"entity": {
					"type": "ocelot"
				}
			}
		},
		"parrot": {
			"trigger": "minecraft:player_killed_entity",
			"conditions": {
				"killing_blow": {
					"tags": [
							{
								"id": "minecraft:is_projectile",
								"expected": true
							}
						],
						"direct_entity": {
							"type": "#blazeandcave:arrows"
						}
				},
				"entity": {
					"type": "parrot"
				}
			}
		},
		"cat": {
			"trigger": "minecraft:player_killed_entity",
			"conditions": {
				"killing_blow": {
					"tags": [
							{
								"id": "minecraft:is_projectile",
								"expected": true
							}
						],
						"direct_entity": {
							"type": "#blazeandcave:arrows"
						}
				},
				"entity": {
					"type": "cat"
				}
			}
		},
		"panda": {
			"trigger": "minecraft:player_killed_entity",
			"conditions": {
				"killing_blow": {
					"tags": [
							{
								"id": "minecraft:is_projectile",
								"expected": true
							}
						],
						"direct_entity": {
							"type": "#blazeandcave:arrows"
						}
				},
				"entity": {
					"type": "panda"
				}
			}
		},
		"fox": {
			"trigger": "minecraft:player_killed_entity",
			"conditions": {
				"killing_blow": {
					"tags": [
							{
								"id": "minecraft:is_projectile",
								"expected": true
							}
						],
						"direct_entity": {
							"type": "#blazeandcave:arrows"
						}
				},
				"entity": {
					"type": "fox"
				}
			}
		},
		"bee": {
			"trigger": "minecraft:player_killed_entity",
			"conditions": {
				"killing_blow": {
					"tags": [
							{
								"id": "minecraft:is_projectile",
								"expected": true
							}
						],
						"direct_entity": {
							"type": "#blazeandcave:arrows"
						}
				},
				"entity": {
					"type": "bee"
				}
			}
		},
		"hoglin": {
			"trigger": "minecraft:player_killed_entity",
			"conditions": {
				"killing_blow": {
					"tags": [
							{
								"id": "minecraft:is_projectile",
								"expected": true
							}
						],
						"direct_entity": {
							"type": "#blazeandcave:arrows"
						}
				},
				"entity": {
					"type": "hoglin"
				}
			}
		},
		"strider": {
			"trigger": "minecraft:player_killed_entity",
			"conditions": {
				"killing_blow": {
					"tags": [
							{
								"id": "minecraft:is_projectile",
								"expected": true
							}
						],
						"direct_entity": {
							"type": "#blazeandcave:arrows"
						}
				},
				"entity": {
					"type": "strider"
				}
			}
		},
		"bat": {
			"trigger": "minecraft:player_killed_entity",
			"conditions": {
				"killing_blow": {
					"tags": [
							{
								"id": "minecraft:is_projectile",
								"expected": true
							}
						],
						"direct_entity": {
							"type": "#blazeandcave:arrows"
						}
				},
				"entity": {
					"type": "bat"
				}
			}
		},
		"trader_llama": {
			"trigger": "minecraft:player_killed_entity",
			"conditions": {
				"killing_blow": {
					"tags": [
							{
								"id": "minecraft:is_projectile",
								"expected": true
							}
						],
						"direct_entity": {
							"type": "#blazeandcave:arrows"
						}
				},
				"entity": {
					"type": "trader_llama"
				}
			}
		},
		"turtle": {
			"trigger": "minecraft:player_killed_entity",
			"conditions": {
				"killing_blow": {
					"tags": [
							{
								"id": "minecraft:is_projectile",
								"expected": true
							}
						],
						"direct_entity": {
							"type": "#blazeandcave:arrows"
						}
				},
				"entity": {
					"type": "turtle"
				}
			}
		},
		"goat": {
			"trigger": "minecraft:player_killed_entity",
			"conditions": {
				"killing_blow": {
					"tags": [
							{
								"id": "minecraft:is_projectile",
								"expected": true
							}
						],
						"direct_entity": {
							"type": "#blazeandcave:arrows"
						}
				},
				"entity": {
					"type": "goat"
				}
			}
		},
		"frog": {
			"trigger": "minecraft:player_killed_entity",
			"conditions": {
				"killing_blow": {
					"tags": [
							{
								"id": "minecraft:is_projectile",
								"expected": true
							}
						],
						"direct_entity": {
							"type": "#blazeandcave:arrows"
						}
				},
				"entity": {
					"type": "frog"
				}
			}
		},
		"camel": {
			"trigger": "minecraft:player_killed_entity",
			"conditions": {
				"killing_blow": {
					"tags": [
							{
								"id": "minecraft:is_projectile",
								"expected": true
							}
						],
						"direct_entity": {
							"type": "#blazeandcave:arrows"
						}
				},
				"entity": {
					"type": "camel"
				}
			}
		},
		"sniffer": {
			"trigger": "minecraft:player_killed_entity",
			"conditions": {
				"killing_blow": {
					"tags": [
							{
								"id": "minecraft:is_projectile",
								"expected": true
							}
						],
						"direct_entity": {
							"type": "#blazeandcave:arrows"
						}
				},
				"entity": {
					"type": "sniffer"
				}
			}
		},
		"armadillo": {
			"trigger": "minecraft:player_killed_entity",
			"conditions": {
				"killing_blow": {
					"tags": [
							{
								"id": "minecraft:is_projectile",
								"expected": true
							}
						],
						"direct_entity": {
							"type": "#blazeandcave:arrows"
						}
				},
				"entity": {
					"type": "armadillo"
				}
			}
		}
	}
}