{
	"display": {
		"icon": {
			"id": "minecraft:player_head",
			"components": {"profile":{"id":[-409077305,-170507060,-1767981928,-214256487],"properties":[{"name":"textures","value":"eyJ0ZXh0dXJlcyI6eyJTS0lOIjp7InVybCI6Imh0dHA6Ly90ZXh0dXJlcy5taW5lY3JhZnQubmV0L3RleHR1cmUvYTU2MmEzN2I4NzFmOTY0YmZjM2UxMzExZWE2NzJhYWEwMzk4NGE1ZGM0NzIxNTRhMzRkYzI1YWYxNTdlMzgyYiJ9fX0="}]}}
		},
		"title": {"translate":"When Pigs Finally Fly"},
		"description": {"color":"dark_purple","translate":"Pull a pig from 25 blocks below you and watch it go"},
		"announce_to_chat": true,
		"frame": "challenge"
	},
	"parent": "blazeandcave:weaponry/indiana_jones",
	"rewards": {
		"function": "bacap_rewards:weaponry/when_pigs_finally_fly"
	},		
	"criteria": {
		"pig": {
			"trigger": "minecraft:fishing_rod_hooked",
			"conditions": {
				"entity": {
					"type": "minecraft:pig",
					"distance": {
						"absolute": {
							"min": 25
						}
					}
				}
			}
		}	
	}
}