{
	"display": {
		"icon": {
			"id": "minecraft:ghast_tear"
		},
		"title": {"translate":"Who ya gonna call?"},
		"description": {"color":"#75E1FF","translate":"Kill a ghast using a firework's explosion"},
		"announce_to_chat": true,
		"frame": "goal"
	},
	"parent": "blazeandcave:weaponry/my_eyes",
	"rewards": {
		"function": "bacap_rewards:weaponry/who_ya_gonna_call"
	},		
	"criteria": {
		"ghast": {
			"trigger": "minecraft:player_killed_entity",
			"conditions": {
				"entity": {
					"type": "ghast"
				},
				"killing_blow": {
					"direct_entity": {
						"type": "minecraft:firework_rocket"
					}
				}
			}
		}
	}
}