{
	"display": {
		"icon": {
			"id": "minecraft:tripwire_hook"
		},
		"title": {"translate":"X-Bow"},
		"description": {"color":"green","translate":"Craft a crossbow using stick, spider string, iron and a hook"},
		"announce_to_chat": true
	},
	"parent": "blazeandcave:weaponry/root",
	"rewards": {
		"function": "bacap_rewards:weaponry/x_bow"
	},		
	"criteria": {
		"crossbow": {
			"trigger": "minecraft:inventory_changed",
			"conditions": {
				"items": [
					{
						"items": [
							"minecraft:crossbow"
						]
					}
				]
			}
		}
	}
}