{
  "elements": [
    {
      "element": {
        "element_type": "minecraft:legacy_single_pool_element",
        "location": "ddd:dungeon/common/library_features/library_bookshelf",
        "processors": "ddd:aging_stone_bricks",
        "projection": "rigid"
      },
      "weight": 1
    },
    {
      "element": {
        "element_type": "minecraft:legacy_single_pool_element",
        "location": "ddd:dungeon/common/library_features/library_candles",
        "processors": "ddd:aging_stone_bricks",
        "projection": "rigid"
      },
      "weight": 1
    },
        {
      "element": {
        "element_type": "minecraft:legacy_single_pool_element",
        "location": "ddd:dungeon/common/library_features/library_barrel",
        "processors": "ddd:aging_stone_bricks",
        "projection": "rigid"
      },
      "weight": 2
    },
    {
      "element": {
        "element_type": "minecraft:legacy_single_pool_element",
        "location": "ddd:dungeon/common/library_features/library_cobweb",
        "processors": "ddd:aging_stone_bricks",
        "projection": "rigid"
      },
      "weight": 1
    },
    {
      "element": {
        "element_type": "minecraft:empty_pool_element"
      },
      "weight": 1
    }
  ],
  "fallback": "minecraft:empty"
}