{
  "elements": [
    {
      "element": {
        "element_type": "minecraft:legacy_single_pool_element",
        "location": "ddd:dungeon/common/small_features_liv3/big_pot",
        "processors": "ddd:aging_deepslate_bricks",
        "projection": "rigid"
      },
      "weight": 1
    },
    {
      "element": {
        "element_type": "minecraft:legacy_single_pool_element",
        "location": "ddd:dungeon/common/small_features_liv3/candles",
        "processors": "ddd:aging_deepslate_bricks",
        "projection": "rigid"
      },
      "weight": 1
    },
        {
      "element": {
        "element_type": "minecraft:legacy_single_pool_element",
        "location": "ddd:dungeon/common/small_features_liv3/chest",
        "processors": "ddd:aging_deepslate_bricks",
        "projection": "rigid"
      },
      "weight": 1
    },
    {
      "element": {
        "element_type": "minecraft:legacy_single_pool_element",
        "location": "ddd:dungeon/common/small_features_liv3/small_pot_1",
        "processors": "ddd:aging_deepslate_bricks",
        "projection": "rigid"
      },
      "weight": 1
    },
    {
      "element": {
        "element_type": "minecraft:empty_pool_element"
      },
      "weight": 1
    }
  ],
  "fallback": "minecraft:empty"
}