{
  "description": "Bound",
  "exclusive_set": "minecraft:feather_falling",
  "supported_items": "#minecraft:enchantable/foot_armor",
  "weight": 1,
  "max_level": 3,
  "min_cost": {
    "base": 15,
    "per_level_above_first": 9
  },
  "max_cost": {
    "base": 65,
    "per_level_above_first": 9
  },
  "anvil_cost": 4,
  "slots": [
    "feet"
  ],
  "effects": {
    "minecraft:tick": [
      {
        "effect": {
          "type": "minecraft:run_function",
          "function": "bound:check"
        },
        "requirements": {
          "condition": "minecraft:entity_properties",
          "entity": "this",
          "predicate": {
            "type_specific": {
              "type": "minecraft:player",
              "input": {
                "jump": true
              }
            },
            "flags": {
              "is_sneaking": false,
              "is_swimming": false,
              "is_on_ground": false,
              "is_flying": false
            }
          }
        }
      }
    ]
  }
}