{
  "type": "minecraft:fishing",
  "pools": [
    {
      "rolls": 1,
      "entries": [
        {
          "type": "minecraft:loot_table",
          "value": "simplexity:gameplay/fishing/loot_table/lush_cave",
          "conditions": [
            {
              "condition": "minecraft:location_check",
              "predicate": {
                "biomes": "#simplexity:lush_caves"
              }
            }
          ]
        },
        {
          "type": "minecraft:loot_table",
          "value": "simplexity:gameplay/fishing/loot_table/pale_garden",
          "conditions": [
            {
              "condition": "minecraft:location_check",
              "predicate": {
                "biomes": "#simplexity:pale_garden_biomes"
              }
            }
          ]
        },
        {
          "type": "minecraft:loot_table",
          "value": "simplexity:gameplay/fishing/loot_table/river",
          "conditions": [
            {
              "condition": "minecraft:any_of",
              "terms": [
                {
                  "condition": "minecraft:location_check",
                  "predicate": {
                    "biomes": "#simplexity:river_biomes"
                  }
                }
              ]
            }
          ]
        },
        {
          "type": "minecraft:loot_table",
          "value": "simplexity:gameplay/fishing/loot_table/misc_cave",
          "conditions": [
            {
              "condition": "minecraft:any_of",
              "terms": [
                {
                  "condition": "minecraft:location_check",
                  "predicate": {
                    "biomes": "#simplexity:cave_biomes"
                  }
                }
              ]
            }
          ]
        },
        {
          "type": "minecraft:loot_table",
          "value": "simplexity:gameplay/fishing/loot_table/deep_dark",
          "conditions": [
            {
              "condition": "minecraft:location_check",
              "predicate": {
                "biomes": "#simplexity:deep_dark_biomes"
              }
            }
          ]
        },
        {
          "type": "minecraft:loot_table",
          "value": "simplexity:gameplay/fishing/loot_table/flower",
          "conditions": [
            {
              "condition": "minecraft:any_of",
              "terms": [
                {
                  "condition": "minecraft:location_check",
                  "predicate": {
                    "biomes": "#simplexity:flower_biomes"
                  }
                }
              ]
            }
          ]
        },
        {
          "type": "minecraft:loot_table",
          "value": "simplexity:gameplay/fishing/loot_table/snow",
          "conditions": [
            {
              "condition": "minecraft:any_of",
              "terms": [
                {
                  "condition": "minecraft:location_check",
                  "predicate": {
                    "biomes": "#simplexity:snow_biomes"
                  }
                }
              ]
            }
          ]
        },
        {
          "type": "minecraft:loot_table",
          "value": "simplexity:gameplay/fishing/loot_table/desert",
          "conditions": [
            {
              "condition": "minecraft:any_of",
              "terms": [
                {
                  "condition": "minecraft:location_check",
                  "predicate": {
                    "biomes": "#simplexity:desert_biomes"
                  }
                }
              ]
            }
          ]
        },
        {
          "type": "minecraft:loot_table",
          "value": "simplexity:gameplay/fishing/loot_table/swamp",
          "conditions": [
            {
              "condition": "minecraft:any_of",
              "terms": [
                {
                  "condition": "minecraft:location_check",
                  "predicate": {
                    "biomes": "#simplexity:swamp_biomes"
                  }
                }
              ]
            }
          ]
        },
        {
          "type": "minecraft:loot_table",
          "value": "simplexity:gameplay/fishing/loot_table/mountain",
          "conditions": [
            {
              "condition": "minecraft:any_of",
              "terms": [
                {
                  "condition": "minecraft:location_check",
                  "predicate": {
                    "biomes": "#simplexity:mountain_biomes"
                  }
                }
              ]
            }
          ]
        },
        {
          "type": "minecraft:loot_table",
          "value": "simplexity:gameplay/fishing/loot_table/plains",
          "conditions": [
            {
              "condition": "minecraft:any_of",
              "terms": [
                {
                  "condition": "minecraft:location_check",
                  "predicate": {
                    "biomes": "#simplexity:plains_biomes"
                  }
                }
              ]
            }
          ]
        },
        {
          "type": "minecraft:loot_table",
          "value": "simplexity:gameplay/fishing/loot_table/end",
          "conditions": [
            {
              "condition": "minecraft:location_check",
              "predicate": {
                "biomes": "#simplexity:end_biomes"
              }
            }
          ]
        },
        {
          "type": "minecraft:loot_table",
          "value": "simplexity:gameplay/fishing/loot_table/dark_forest",
          "conditions": [
            {
              "condition": "minecraft:any_of",
              "terms": [
                {
                  "condition": "minecraft:location_check",
                  "predicate": {
                    "biomes": "#simplexity:dark_forest_biomes"
                  }
                }
              ]
            }
          ]
        },
        {
          "type": "minecraft:loot_table",
          "value": "simplexity:gameplay/fishing/loot_table/mushroom",
          "conditions": [
            {
              "condition": "minecraft:any_of",
              "terms": [
                {
                  "condition": "minecraft:location_check",
                  "predicate": {
                    "biomes": "#simplexity:mushroom_biomes"
                  }
                }
              ]
            }
          ]
        },
        {
          "type": "minecraft:loot_table",
          "value": "simplexity:gameplay/fishing/loot_table/ocean",
          "conditions": [
            {
              "condition": "minecraft:any_of",
              "terms": [
                {
                  "condition": "minecraft:location_check",
                  "predicate": {
                    "biomes": "#simplexity:ocean_biomes"
                  }
                }
              ]
            }
          ]
        },
        {
          "type": "minecraft:loot_table",
          "value": "simplexity:gameplay/fishing/loot_table/jungle",
          "conditions": [
            {
              "condition": "minecraft:any_of",
              "terms": [
                {
                  "condition": "minecraft:location_check",
                  "predicate": {
                    "biomes": "#simplexity:jungle_biomes"
                  }
                }
              ]
            }
          ]
        },
        {
          "type": "minecraft:loot_table",
          "value": "simplexity:gameplay/fishing/loot_table/badlands",
          "conditions": [
            {
              "condition": "minecraft:any_of",
              "terms": [
                {
                  "condition": "minecraft:location_check",
                  "predicate": {
                    "biomes": "#simplexity:badlands_biomes"
                  }
                }
              ]
            }
          ]
        },
        {
          "type": "minecraft:loot_table",
          "value": "simplexity:gameplay/fishing/loot_table/beach",
          "conditions": [
            {
              "condition": "minecraft:any_of",
              "terms": [
                {
                  "condition": "minecraft:location_check",
                  "predicate": {
                    "biomes": "#simplexity:beach_biomes"
                  }
                }
              ]
            }
          ]
        },
        {
          "type": "minecraft:loot_table",
          "value": "simplexity:gameplay/fishing/loot_table/taiga",
          "conditions": [
            {
              "condition": "minecraft:any_of",
              "terms": [
                {
                  "condition": "minecraft:location_check",
                  "predicate": {
                    "biomes": "#simplexity:taiga_biomes"
                  }
                }
              ]
            }
          ]
        },
        {
          "type": "minecraft:loot_table",
          "value": "simplexity:gameplay/fishing/loot_table/nether",
          "conditions": [
            {
              "condition": "minecraft:any_of",
              "terms": [
                {
                  "condition": "minecraft:location_check",
                  "predicate": {
                    "biomes": "#simplexity:nether_biomes"
                  }
                }
              ]
            }
          ]
        },
        {
          "type": "minecraft:loot_table",
          "value": "simplexity:gameplay/fishing/loot_table/savanna",
          "conditions": [
            {
              "condition": "minecraft:any_of",
              "terms": [
                {
                  "condition": "minecraft:location_check",
                  "predicate": {
                    "biomes": "#simplexity:savanna_biomes"
                  }
                }
              ]
            }
          ]
        },
        {
          "type": "minecraft:loot_table",
          "value": "simplexity:gameplay/fishing/loot_table/forest",
          "conditions": [
            {
              "condition": "minecraft:any_of",
              "terms": [
                {
                  "condition": "minecraft:location_check",
                  "predicate": {
                    "biomes": "#simplexity:forest_biomes"
                  }
                }
              ]
            }
          ]
        },
        {
          "type": "minecraft:loot_table",
          "value": "simplexity:gameplay/fishing/loot_table/misc_biome"
        }
      ]
    }
  ]
}
