{
    "type": "minecraft:crafting_shaped",
    "category": "equipment",
    "pattern": [
        " E ",
        " E ",
        " # "
    ],
    "key": {
        "#": "minecraft:stick",
        "E": "minecraft:anvil"
    },
    "result": {
        "count": 1,
        "id": "minecraft:stone_sword",
        "components": {
            "minecraft:item_name": "{\"fallback\":\"Anvil Sword\",\"translate\":\"wasd.sword.anvil\", \"italic\":false}",
            "minecraft:lore": [
                "{\"fallback\":\"Drops an anvil on mobs heads.\",\"translate\": \"wasd.sword.anvil.lore\", \"italic\":false, \"color\":blue}"
            ],
            "minecraft:item_model": "wasd:swords/anvil",
            "minecraft:max_damage": 1561,
            "repairable": {"items": "anvil"},
            "minecraft:custom_data": {
                "wasd_sword": 1,
                "wasd.sword_type": 73
            },
            "minecraft:attribute_modifiers": {
                "modifiers": [
                    {
                        "type": "minecraft:attack_damage",
                        "id": "6370001",
                        "amount": 6,
                        "operation": "add_value",
                        "slot": "mainhand"
                    },
                    {
                        "type": "minecraft:attack_speed",
                        "id": "6370001",
                        "amount": -2.4,
                        "operation": "add_value",
                        "slot": "mainhand"
                    }
                ]
            }
        }
    }
}