{
    "type": "minecraft:crafting_shaped",
    "group": "plant_swords",
    "category": "equipment",
    "pattern": [
        " E ",
        " E ",
        " # "
    ],
    "key": {
        "#": "minecraft:bamboo",
        "E": "minecraft:bamboo_block"
    },
    "result": {
        "count": 1,
        "id": "minecraft:stone_sword",
        "components": {
            "minecraft:item_name": "{\"fallback\":\"Bamboo Sword\",\"translate\":\"wasd.sword.bamboo\", \"italic\":false}",
            "minecraft:lore": [
                "{\"fallback\":\"Makes bamboo spikes shoot up from the ground.\",\"translate\": \"wasd.sword.bamboo.lore\", \"italic\":false, \"color\":blue}"
            ],
            "minecraft:item_model": "wasd:swords/bamboo",
            "minecraft:max_damage": 59,
            "repairable": {"items": "bamboo"},
            "minecraft:custom_data": {
                "wasd_sword": 1,
                "wasd.sword_type": 104
            },
            "minecraft:attribute_modifiers": {
                "modifiers": [
                    {
                        "type": "minecraft:attack_damage",
                        "id": "6370001",
                        "amount": 3,
                        "operation": "add_value",
                        "slot": "mainhand"
                    },
                    {
                        "type": "minecraft:attack_speed",
                        "id": "6370001",
                        "amount": -2.4,
                        "operation": "add_value",
                        "slot": "mainhand"
                    }
                ]
            }
        }
    }
}