{
    "type": "minecraft:crafting_shaped",
    "group": "fancy_swords",
    "category": "equipment",
    "pattern": [
        " E ",
        " E ",
        " # "
    ],
    "key": {
        "#": "minecraft:stick",
        "E": "minecraft:beacon"
    },
    "result": {
        "count": 1,
        "id": "minecraft:stone_sword",
        "components": {
            "minecraft:item_name": "{\"fallback\":\"Beacon Sword\",\"translate\":\"wasd.sword.beacon\", \"italic\":false}",
            "minecraft:lore": [
                "{\"fallback\":\"Gives you a random Beacon effect on attack.\",\"translate\": \"wasd.sword.beacon.lore\", \"italic\":false, \"color\":blue}"
            ],
            "minecraft:item_model": "wasd:swords/beacon",
            "minecraft:max_damage": 1561,
            "repairable": {"items": "beacon"},
            "minecraft:custom_data": {
                "wasd_sword": 1,
                "wasd.sword_type": 71
            },
            "minecraft:attribute_modifiers": {
                "modifiers": [
                    {
                        "type": "minecraft:attack_damage",
                        "id": "6370001",
                        "amount": 8,
                        "operation": "add_value",
                        "slot": "mainhand"
                    },
                    {
                        "type": "minecraft:attack_speed",
                        "id": "6370001",
                        "amount": -2.4,
                        "operation": "add_value",
                        "slot": "mainhand"
                    }
                ]
            }
        }
    }
}