{
    "type": "minecraft:crafting_shaped",
    "group": "plant_swords",
    "category": "equipment",
    "pattern": [
        " E ",
        " E ",
        " # "
    ],
    "key": {
        "#": "minecraft:stick",
        "E": "minecraft:bread"
    },
    "result": {
        "count": 1,
        "id": "minecraft:carrot_on_a_stick",
        "components": {
            "minecraft:item_name": "{\"fallback\":\"Bread Stick\",\"translate\":\"wasd.sword.bread_stick\", \"italic\":false}",
            "minecraft:lore": [
                "{\"fallback\":\"Right-Click to restore some hunger.\",\"translate\": \"wasd.sword.bread_stick.lore\", \"italic\":false, \"color\":blue}"
            ],
            "minecraft:item_model": "wasd:swords/bread_stick",
            "minecraft:max_damage": 13,
            "repairable": {"items": "bread"},
            "minecraft:custom_data": {
                "wasd_sword": 1,
                "wasd.sword_type": 51
            },
            "minecraft:attribute_modifiers": {
                "modifiers": [
                    {
                        "type": "minecraft:attack_damage",
                        "id": "6370001",
                        "amount": 3,
                        "operation": "add_value",
                        "slot": "mainhand"
                    },
                    {
                        "type": "minecraft:attack_speed",
                        "id": "6370001",
                        "amount": -2.4,
                        "operation": "add_value",
                        "slot": "mainhand"
                    }
                ]
            }
        }
    }
}