{
    "type": "minecraft:crafting_shaped",
    "group": "soil_swords",
    "category": "equipment",
    "pattern": [
        " E ",
        " E ",
        " # "
    ],
    "key": {
        "#": "minecraft:stick",
        "E": "minecraft:clay"
    },
    "result": {
        "count": 1,
        "id": "minecraft:stone_sword",
        "components": {
            "minecraft:item_name": "{\"fallback\":\"Clay-More\",\"translate\":\"wasd.sword.clay_more\", \"italic\":false}",
            "minecraft:lore": [
                "{\"fallback\":\"Deals high damage but swings slowly.\",\"translate\": \"wasd.sword.clay_more.lore\", \"italic\":false, \"color\":blue}"
            ],
            "minecraft:item_model": "wasd:swords/claymore",
            "minecraft:max_damage": 250,
            "repairable": {"items": "clay"},
            "minecraft:custom_data": {
                "wasd_sword": 1,
                "wasd.sword_type": 55
            },
            "minecraft:attribute_modifiers": {
                "modifiers": [
                    {
                        "type": "minecraft:attack_damage",
                        "id": "6370001",
                        "amount": 9,
                        "operation": "add_value",
                        "slot": "mainhand"
                    },
                    {
                        "type": "minecraft:attack_speed",
                        "id": "6370001",
                        "amount": -3.5,
                        "operation": "add_value",
                        "slot": "mainhand"
                    }
                ]
            }
        }
    }
}