{
    "type": "minecraft:crafting_shaped",
    "group": "water_swords",
    "category": "equipment",
    "pattern": [
        " E ",
        " E ",
        " # "
    ],
    "key": {
        "#": "minecraft:stick",
        "E": "#wasd.tags:coral_fans"
    },
    "result": {
        "count": 1,
        "id": "minecraft:stone_sword",
        "components": {
            "minecraft:item_name": "{\"fallback\":\"Coral Sword\",\"translate\":\"wasd.sword.coral\", \"italic\":false}",
            "minecraft:lore": [
                "{\"fallback\":\"Heals you when in water.\",\"translate\": \"wasd.sword.coral.lore\", \"italic\":false, \"color\":blue}"
            ],
            "minecraft:item_model": "wasd:swords/coral",
            "minecraft:max_damage": 131,
            "repairable": {"items": "#wasd.tags:coral_fans"},
            "minecraft:custom_data": {
                "wasd_sword": 1,
                "wasd.sword_type": 68
            },
            "minecraft:attribute_modifiers": {
                "modifiers": [
                    {
                        "type": "minecraft:attack_damage",
                        "id": "6370001",
                        "amount": 4,
                        "operation": "add_value",
                        "slot": "mainhand"
                    },
                    {
                        "type": "minecraft:attack_speed",
                        "id": "6370001",
                        "amount": -2.4,
                        "operation": "add_value",
                        "slot": "mainhand"
                    }
                ]
            }
        }
    }
}