{
    "type": "minecraft:crafting_shaped",
    "group": "stone_swords",
    "category": "equipment",
    "pattern": [
        " A ",
        " E ",
        " # "
    ],
    "key": {
        "#": "minecraft:stick",
        "E": "minecraft:dripstone_block",
        "A": "minecraft:pointed_dripstone"
    },
    "result": {
        "count": 1,
        "id": "minecraft:stone_sword",
        "components": {
            "minecraft:item_name": "{\"fallback\":\"Dripstone Sword\",\"translate\":\"wasd.sword.dripstone\", \"italic\":false}",
            "minecraft:lore": [
                "{\"fallback\":\"Drops pointed dripstone on mobs heads.\",\"translate\": \"wasd.sword.dripstone.lore\", \"italic\":false, \"color\":blue}"
            ],
            "minecraft:item_model": "wasd:swords/dripstone",
            "minecraft:max_damage": 32,
            "repairable": {"items": "pointed_dripstone"},
            "minecraft:custom_data": {
                "wasd_sword": 1,
                "wasd.sword_type": 69
            },
            "minecraft:attribute_modifiers": {
                "modifiers": [
                    {
                        "type": "minecraft:attack_damage",
                        "id": "6370001",
                        "amount": 2,
                        "operation": "add_value",
                        "slot": "mainhand"
                    },
                    {
                        "type": "minecraft:attack_speed",
                        "id": "6370001",
                        "amount": -2.4,
                        "operation": "add_value",
                        "slot": "mainhand"
                    }
                ]
            }
        }
    }
}