{
    "type": "minecraft:crafting_shaped",
    "group": "mob_drop_swords",
    "category": "equipment",
    "pattern": [
        " E ",
        " E ",
        " # "
    ],
    "key": {
        "#": "minecraft:stick",
        "E": "minecraft:ender_pearl"
    },
    "result": {
        "count": 1,
        "id": "minecraft:carrot_on_a_stick",
        "components": {
            "minecraft:item_name": "{\"fallback\":\"Ender Pearl Sword\",\"translate\":\"wasd.sword.ender_pearl\", \"italic\":false}",
            "minecraft:lore": [
                "{\"fallback\":\"Right-Click to randomly teleport.\",\"translate\": \"wasd.sword.ender_pearl.lore\", \"italic\":false, \"color\":blue}"
            ],
            "minecraft:item_model": "wasd:swords/ender_pearl",
            "repairable": {"items": "ender_pearl"},
            "minecraft:custom_data": {
                "wasd_sword": 1,
                "wasd.sword_type": 49
            },
            "minecraft:attribute_modifiers": {
                "modifiers": [
                    {
                        "type": "minecraft:attack_damage",
                        "id": "6370001",
                        "amount": 5,
                        "operation": "add_value",
                        "slot": "mainhand"
                    },
                    {
                        "type": "minecraft:attack_speed",
                        "id": "6370001",
                        "amount": -2.4,
                        "operation": "add_value",
                        "slot": "mainhand"
                    }
                ]
            }
        }
    }
}