{
    "type": "minecraft:crafting_shaped",
    "group": "plant_swords",
    "category": "equipment",
    "pattern": [
        " A ",
        " E ",
        " # "
    ],
    "key": {
        "#": "minecraft:stick",
        "E": "minecraft:flower_pot",
        "A": "#minecraft:small_flowers"
    },
    "result": {
        "count": 1,
        "id": "minecraft:stone_sword",
        "components": {
            "minecraft:item_name": "{\"fallback\":\"Flower Pot Sword\",\"translate\":\"wasd.sword.flower_pot\", \"italic\":false}",
            "minecraft:lore": [
                "{\"fallback\":\"Traps mobs in a pot for a short time.\",\"translate\": \"wasd.sword.flower_pot.lore\", \"italic\":false, \"color\":blue}"
            ],
            "minecraft:item_model": "wasd:swords/flower_pot",
            "minecraft:max_damage": 59,
            "repairable": {"items": "flower_pot"},
            "minecraft:custom_data": {
                "wasd_sword": 1,
                "wasd.sword_type": 107
            },
            "minecraft:attribute_modifiers": {
                "modifiers": [
                    {
                        "type": "minecraft:attack_damage",
                        "id": "6370001",
                        "amount": 2,
                        "operation": "add_value",
                        "slot": "mainhand"
                    },
                    {
                        "type": "minecraft:attack_speed",
                        "id": "6370001",
                        "amount": -2.4,
                        "operation": "add_value",
                        "slot": "mainhand"
                    }
                ]
            }
        }
    }
}