{
    "type": "minecraft:crafting_shaped",
    "group": "plant_swords",
    "category": "equipment",
    "pattern": [
        " E ",
        " E ",
        " # "
    ],
    "key": {
        "#": "minecraft:stick",
        "E": "minecraft:glow_berries"
    },
    "result": {
        "count": 1,
        "id": "minecraft:stone_sword",
        "components": {
            "minecraft:item_name": "{\"fallback\":\"Glow Berry Sword\",\"translate\":\"wasd.sword.glow_berry\", \"italic\":false}",
            "minecraft:lore": [
                "{\"fallback\":\"Makes mobs glow for a short time.\",\"translate\": \"wasd.sword.glow_berry.lore\", \"italic\":false, \"color\":blue}"
            ],
            "minecraft:item_model": "wasd:swords/glow_berry",
            "minecraft:max_damage": 59,
            "repairable": {"items": "glow_berries"},
            "minecraft:custom_data": {
                "wasd_sword": 1,
                "wasd.sword_type": 108
            },
            "minecraft:attribute_modifiers": {
                "modifiers": [
                    {
                        "type": "minecraft:attack_damage",
                        "id": "6370001",
                        "amount": 4,
                        "operation": "add_value",
                        "slot": "mainhand"
                    },
                    {
                        "type": "minecraft:attack_speed",
                        "id": "6370001",
                        "amount": -2.4,
                        "operation": "add_value",
                        "slot": "mainhand"
                    }
                ]
            }
        }
    }
}