{
    "type": "minecraft:crafting_shaped",
    "group": "gem_swords",
    "category": "equipment",
    "pattern": [
        " E ",
        " E ",
        " # "
    ],
    "key": {
        "#": "minecraft:stick",
        "E": "minecraft:lapis_block"
    },
    "result": {
        "count": 1,
        "id": "minecraft:stone_sword",
        "components": {
            "minecraft:item_name": "{\"fallback\":\"Lapis Sword\",\"translate\":\"wasd.sword.lapis\", \"italic\":false}",
            "minecraft:lore": [
                "{\"fallback\":\"Enchanted randomly when crafted.\",\"translate\": \"wasd.sword.lapis.lore\", \"italic\":false, \"color\":blue}"
            ],
            "minecraft:item_model": "wasd:swords/lapis",
            "minecraft:max_damage": 250,
            "repairable": {"items": "lapis_block"},
            "minecraft:custom_data": {
                "wasd.fake_lapis_sword": 1
            },
            "minecraft:attribute_modifiers": {
                "modifiers": [
                    {
                        "type": "minecraft:attack_damage",
                        "id": "6370001",
                        "amount": 6,
                        "operation": "add_value",
                        "slot": "mainhand"
                    },
                    {
                        "type": "minecraft:attack_speed",
                        "id": "6370001",
                        "amount": -2.4,
                        "operation": "add_value",
                        "slot": "mainhand"
                    }
                ]
            }
        }
    }
}