{
    "type": "minecraft:crafting_shaped",
    "group": "plant_swords",
    "category": "equipment",
    "pattern": [
        " E ",
        " E ",
        " # "
    ],
    "key": {
        "#": "minecraft:stick",
        "E": "minecraft:melon_slice"
    },
    "result": {
        "count": 1,
        "id": "minecraft:stone_sword",
        "components": {
            "minecraft:item_name": "{\"fallback\":\"Melon Slicer\",\"translate\":\"wasd.sword.melon_slicer\", \"italic\":false}",
            "minecraft:lore": [
                "{\"fallback\":\"Makes a melon explode on their head,\",\"translate\": \"wasd.sword.melon_slicer.lore\", \"italic\":false, \"color\":blue}",
                "{\"fallback\":\"damaging nearby mobs.\",\"translate\": \"wasd.sword.melon_slicer.lore2\", \"italic\":false, \"color\":blue}"
            ],
            "minecraft:item_model": "wasd:swords/melon_slicer",
            "minecraft:max_damage": 131,
            "repairable": {"items": "melon_slice"},
            "minecraft:custom_data": {
                "wasd_sword": 1,
                "wasd.sword_type": 92
            },
            "minecraft:attribute_modifiers": {
                "modifiers": [
                    {
                        "type": "minecraft:attack_damage",
                        "id": "6370001",
                        "amount": 2,
                        "operation": "add_value",
                        "slot": "mainhand"
                    },
                    {
                        "type": "minecraft:attack_speed",
                        "id": "6370001",
                        "amount": -2.4,
                        "operation": "add_value",
                        "slot": "mainhand"
                    }
                ]
            }
        }
    }
}