{
    "type": "minecraft:crafting_shaped",
    "group": "plant_swords",
    "category": "equipment",
    "pattern": [
        " E ",
        " E ",
        " # "
    ],
    "key": {
        "#": "minecraft:stick",
        "E": "minecraft:golden_apple"
    },
    "result": {
        "count": 1,
        "id": "minecraft:stone_sword",
        "components": {
            "minecraft:item_name": "{\"fallback\":\"Notch Sword\",\"translate\":\"wasd.sword.notch\", \"italic\":false}",
            "minecraft:lore": [
                "{\"fallback\":\"Makes mobs drop apples.\",\"translate\": \"wasd.sword.notch.lore\", \"italic\":false, \"color\":blue}"
            ],
            "minecraft:item_model": "wasd:swords/notch",
            "minecraft:max_damage": 131,
            "repairable": {"items": "golden_apple"},
            "minecraft:custom_data": {
                "wasd_sword": 1,
                "wasd.sword_type": 10
            },
            "minecraft:attribute_modifiers": {
                "modifiers": [
                    {
                        "type": "minecraft:attack_damage",
                        "id": "6370001",
                        "amount": 5,
                        "operation": "add_value",
                        "slot": "mainhand"
                    },
                    {
                        "type": "minecraft:attack_speed",
                        "id": "6370001",
                        "amount": -2.4,
                        "operation": "add_value",
                        "slot": "mainhand"
                    }
                ]
            }
        }
    }
}