{
    "type": "minecraft:crafting_shaped",
    "group": "water_swords",
    "category": "equipment",
    "pattern": [
        " A ",
        " E ",
        " # "
    ],
    "key": {
        "#": "minecraft:stick",
        "E": "minecraft:prismarine_bricks",
        "A": "minecraft:prismarine_shard"
    },
    "result": {
        "count": 1,
        "id": "minecraft:stone_sword",
        "components": {
            "minecraft:item_name": "{\"fallback\":\"Prismarine Sword\",\"translate\":\"wasd.sword.prismarine\", \"italic\":false}",
            "minecraft:lore": [
                "{\"fallback\":\"Only works well underwater.\",\"translate\": \"wasd.sword.prismarine.lore\", \"italic\":false, \"color\":blue}"
            ],
            "minecraft:item_model": "wasd:swords/prismarine",
            "minecraft:max_damage": 250,
            "repairable": {"items": "prismarine"},
            "minecraft:custom_data": {
                "wasd_sword": 1,
                "wasd.sword_type": 23
            },
            "minecraft:attribute_modifiers": {
                "modifiers": [
                    {
                        "type": "minecraft:attack_damage",
                        "id": "6370001",
                        "amount": 0,
                        "operation": "add_value",
                        "slot": "mainhand"
                    },
                    {
                        "type": "minecraft:attack_speed",
                        "id": "6370001",
                        "amount": -2.4,
                        "operation": "add_value",
                        "slot": "mainhand"
                    }
                ]
            }
        }
    }
}