{
    "type": "minecraft:crafting_shaped",
    "group": "gem_swords",
    "category": "equipment",
    "pattern": [
        " E ",
        " E ",
        " # "
    ],
    "key": {
        "#": "minecraft:stick",
        "E": "minecraft:redstone_block"
    },
    "result": {
        "count": 1,
        "id": "minecraft:stone_sword",
        "components": {
            "minecraft:item_name": "{\"fallback\":\"Redstone Sword\",\"translate\":\"wasd.sword.redstone\", \"italic\":false}",
            "minecraft:lore": [
                "{\"fallback\":\"Strikes lightning when on powered redstone.\",\"translate\": \"wasd.sword.redstone.lore\", \"italic\":false, \"color\":blue}"
            ],
            "minecraft:item_model": "wasd:swords/redstone",
            "minecraft:max_damage": 250,
            "repairable": {"items": "redstone"},
            "minecraft:custom_data": {
                "wasd_sword": 1,
                "wasd.sword_type": 57
            },
            "minecraft:attribute_modifiers": {
                "modifiers": [
                    {
                        "type": "minecraft:attack_damage",
                        "id": "6370001",
                        "amount": 6,
                        "operation": "add_value",
                        "slot": "mainhand"
                    },
                    {
                        "type": "minecraft:attack_speed",
                        "id": "6370001",
                        "amount": -2.4,
                        "operation": "add_value",
                        "slot": "mainhand"
                    }
                ]
            }
        }
    }
}