{
    "type": "minecraft:crafting_shaped",
    "group": "soil_swords",
    "category": "equipment",
    "pattern": [
        " E ",
        " E ",
        " # "
    ],
    "key": {
        "#": "minecraft:stick",
        "E": "minecraft:sand"
    },
    "result": {
        "count": 1,
        "id": "minecraft:stone_sword",
        "components": {
            "minecraft:item_name": "{\"fallback\":\"Sand Sword\",\"translate\":\"wasd.sword.sand\", \"italic\":false}",
            "minecraft:lore": [
                "{\"fallback\":\"Drags mobs down into sand.\",\"translate\": \"wasd.sword.sand.lore\", \"italic\":false, \"color\":blue}"
            ],
            "minecraft:item_model": "wasd:swords/sand",
            "minecraft:max_damage": 59,
            "repairable": {"items": "sand"},
            "minecraft:custom_data": {
                "wasd_sword": 1,
                "wasd.sword_type": 100
            },
            "minecraft:attribute_modifiers": {
                "modifiers": [
                    {
                        "type": "minecraft:attack_damage",
                        "id": "6370001",
                        "amount": 3,
                        "operation": "add_value",
                        "slot": "mainhand"
                    },
                    {
                        "type": "minecraft:attack_speed",
                        "id": "6370001",
                        "amount": -2.4,
                        "operation": "add_value",
                        "slot": "mainhand"
                    }
                ]
            }
        }
    }
}