{
    "type": "minecraft:crafting_shaped",
    "category": "equipment",
    "pattern": [
        " E ",
        " E ",
        " # "
    ],
    "key": {
        "#": "minecraft:stick",
        "E": "#minecraft:signs"
    },
    "result": {
        "count": 1,
        "id": "minecraft:stone_sword",
        "components": {
            "minecraft:item_name": "{\"fallback\":\"Sign Sword\",\"translate\":\"wasd.sword.sign\", \"italic\":false}",
            "minecraft:lore": [
                "{\"fallback\":\"Places a sign into the world.\",\"translate\": \"wasd.sword.sign.lore\", \"italic\":false, \"color\":blue}"
            ],
            "minecraft:item_model": "wasd:swords/sign",
            "minecraft:max_damage": 59,
            "repairable": {"items": "#minecraft:signs"},
            "minecraft:custom_data": {
                "wasd_sword": 1,
                "wasd.sword_type": 105
            },
            "minecraft:attribute_modifiers": {
                "modifiers": [
                    {
                        "type": "minecraft:attack_damage",
                        "id": "6370001",
                        "amount": 4,
                        "operation": "add_value",
                        "slot": "mainhand"
                    },
                    {
                        "type": "minecraft:attack_speed",
                        "id": "6370001",
                        "amount": -2.4,
                        "operation": "add_value",
                        "slot": "mainhand"
                    }
                ]
            }
        }
    }
}