{
    "type": "minecraft:crafting_shaped",
    "group": "fancy_swords",
    "category": "equipment",
    "pattern": [
        " E ",
        " E ",
        " # "
    ],
    "key": {
        "#": "minecraft:stick",
        "E": "minecraft:totem_of_undying"
    },
    "result": {
        "count": 1,
        "id": "minecraft:totem_of_undying",
        "components": {
            "minecraft:item_name": "{\"fallback\":\"Totem of Undying Sword\",\"translate\":\"wasd.sword.totem_of_undying\", \"italic\":false}",
            "minecraft:lore": [
                "{\"fallback\":\"Can Save you from Death.\",\"translate\": \"wasd.sword.totem_of_undying.lore\", \"italic\":false, \"color\":blue}"
            ],
            "minecraft:item_model": "wasd:swords/totem",
            "minecraft:custom_data": {
                "wasd_sword": 1,
                "wasd.sword_type": 48
            },
            "minecraft:attribute_modifiers": {
                "modifiers": [
                    {
                        "type": "minecraft:attack_damage",
                        "id": "6370001",
                        "amount": 7,
                        "operation": "add_value",
                        "slot": "mainhand"
                    },
                    {
                        "type": "minecraft:attack_speed",
                        "id": "6370001",
                        "amount": -2.4,
                        "operation": "add_value",
                        "slot": "mainhand"
                    }
                ]
            }
        }
    }
}