{
  "type": "minecraft:jigsaw",
  "biomes": [
    "minecraft:warped_forest"
  ],
  "step": "surface_structures",
  "spawn_overrides": {},
  "terrain_adaptation": "beard_box",
  "start_pool": "luistercorp:fallen_fungus_warped",
  "size": 1,
  "start_height": {
    "type": "minecraft:uniform",
    "min_inclusive": {
      "absolute": -93
    },
    "max_inclusive": {
      "absolute": -38
    }
  },
  "project_start_to_heightmap": "MOTION_BLOCKING",
  "max_distance_from_center": 3,
  "use_expansion_hack": false
}
