{
  "type": "minecraft:command",
  "pools": [
    {
      "rolls": 1,
      "entries": [
        {
          "type": "minecraft:item",
          "name": "minecraft:poisonous_potato",
          "functions": [
            {
              "function": "minecraft:set_count",
              "count": {
                "type": "minecraft:score",
                "target": "this",
                "score": "mcs_nether.item_count",
                "scale": 1
              },
              "add": false
            },
            {
              "function": "minecraft:set_components",
              "components": {
                "minecraft:item_name": "\"Warped Infection Meter\"",
                "minecraft:custom_data": "{mcs_nether.item:1b,mcs_warped_infection_meter:1b}",
                "minecraft:item_model": "mcs_nether:item/warped_infection_meter",
                "!minecraft:consumable": {}
              }
            }
          ]
        }
      ]
    }
  ]
}