{
  "type": "minecraft:jigsaw",
  "biomes": [
    "minecraft:taiga",
    "minecraft:old_growth_pine_taiga",
    "minecraft:old_growth_spruce_taiga",
    "minecraft:windswept_forest",
    "minecraft:windswept_hills"
  ],
  "step": "surface_structures",
  "spawn_overrides": {
    "monster": {
      "bounding_box": "full",
      "spawns": [
        {
          "type": "minecraft:zombie",
          "weight": 100,
          "minCount": 2,
          "maxCount": 4
        }
      ]
    }
  },
  "terrain_adaptation": "beard_box",
  "start_pool": "luistercorp:taiga/medium_tank",
  "size": 1,
  "start_height": {
    "absolute": 0
  },
  "project_start_to_heightmap": "WORLD_SURFACE_WG",
  "max_distance_from_center": 15,
  "use_expansion_hack": false,
  "liquid_settings": "ignore_waterlogging"
}