{
  "elements": [
    {
      "element": {
        "element_type": "minecraft:single_pool_element",
        "location": "pale_formations:ville/ville_road",
        "processors": "pale_formations:ville/life",
        "projection": "rigid"
      },
      "weight": 9
    },
    {
      "element": {
        "element_type": "minecraft:single_pool_element",
        "location": "pale_formations:ville/ville_road_elbow",
        "processors": "pale_formations:ville/life",
        "projection": "rigid"
      },
      "weight": 1
    },
    {
      "element": {
        "element_type": "minecraft:single_pool_element",
        "location": "pale_formations:ville/ville_road_entrance",
        "processors": "minecraft:empty",
        "projection": "rigid"
      },
      "weight": 2
    }
  ],
  "fallback": "minecraft:empty"
}