{
  "elements": [
    {
      "element": {
        "element_type": "minecraft:single_pool_element",
        "location": "pale_formations:ville/ville_trail_straight",
        "processors": "pale_formations:ville/ville_trail",
        "projection": "terrain_matching"
      },
      "weight": 3
    },
    {
      "element": {
        "element_type": "minecraft:single_pool_element",
        "location": "pale_formations:ville/ville_trail_left",
        "processors": "pale_formations:ville/ville_trail",
        "projection": "terrain_matching"
      },
      "weight": 1
    },
    {
      "element": {
        "element_type": "minecraft:single_pool_element",
        "location": "pale_formations:ville/ville_trail_right",
        "processors": "pale_formations:ville/ville_trail",
        "projection": "terrain_matching"
      },
      "weight": 1
    }
  ],
  "fallback": "minecraft:empty"
}