{
	"pools": [
		{
			"rolls": {
				"min": 2,
				"max": 5
			},
			"entries": [
				{
					"type": "minecraft:item",
					"name": "minecraft:splash_potion",
					"weight": 2,
					"functions": [
						{
							"function": "minecraft:set_components",
							"components": {
								"minecraft:rarity": "uncommon",
								"minecraft:potion_contents": {
									"custom_color": 11102258,
									"custom_effects": [
										{
											"id": "minecraft:hunger",
											"amplifier": 3,
											"duration": 400
										}
									]
								}
							}
						},
						{
							"function": "minecraft:set_name",
							"name": {
								"text": "Splash Potion of Hunger",
								"italic": false
							}
						}
					]
				},
				{
					"type": "minecraft:item",
					"name": "minecraft:splash_potion",
					"weight": 2,
					"functions": [
						{
							"function": "minecraft:set_components",
							"components": {
								"minecraft:rarity": "uncommon",
								"minecraft:potion_contents": {
									"custom_color": 65395,
									"custom_effects": [
										{
											"id": "minecraft:nausea",
											"amplifier": 1,
											"duration": 400
										}
									]
								}
							}
						},
						{
							"function": "minecraft:set_name",
							"name": {
								"text": "Splash Potion of Nausea",
								"italic": false
							}
						}
					]
				},
				{
					"type": "minecraft:item",
					"name": "minecraft:splash_potion",
					"weight": 2,
					"functions": [
						{
							"function": "minecraft:set_components",
							"components": {
								"minecraft:rarity": "uncommon",
								"minecraft:potion_contents": {
									"custom_effects": [
										{
											"id": "minecraft:blindness",
											"amplifier": 1,
											"duration": 400
										}
									]
								}
							}
						},
						{
							"function": "minecraft:set_name",
							"name": {
								"text": "Splash Potion of Blindness",
								"italic": false
							}
						}
					]
				},
				{
					"type": "minecraft:item",
					"name": "minecraft:splash_potion",
					"weight": 2,
					"functions": [
						{
							"function": "minecraft:set_potion",
							"id": "minecraft:strong_poison"
						}
					]
				},
				{
					"type": "minecraft:item",
					"name": "minecraft:splash_potion",
					"weight": 2,
					"functions": [
						{
							"function": "minecraft:set_potion",
							"id": "minecraft:strong_slowness"
						}
					]
				},
				{
					"type": "minecraft:item",
					"name": "minecraft:splash_potion",
					"weight": 2,
					"functions": [
						{
							"function": "minecraft:set_potion",
							"id": "minecraft:strong_harming"
						}
					]
				},
				{
					"type": "minecraft:item",
					"name": "minecraft:tnt",
					"weight": 1
				}
			]
		}
	]
}
