{
    "processors": [
        {
            "processor_type": "minecraft:rule",
            "rules": [
				{
					"location_predicate": {
					  "predicate_type": "minecraft:always_true"
					},
					"input_predicate": {
					  "predicate_type": "minecraft:random_blockstate_match",
					  "block_state": {
						"Name": "minecraft:decorated_pot"
					  },
					  "probability": 0.18
					},
					"output_state": {
					  "Name": "minecraft:candle",
					  "Properties": {
						"candles": "3"
					  }
					}
				  },
				  {
					"location_predicate": {
					  "predicate_type": "minecraft:always_true"
					},
					"input_predicate": {
					  "predicate_type": "minecraft:random_block_match",
					  "block": "minecraft:decorated_pot",
					  "probability": 0.18
					},
					"output_state": {
					  "Name": "minecraft:flower_pot"
					}
				  },
				  {
					"location_predicate": {
					  "predicate_type": "minecraft:always_true"
					},
					"input_predicate": {
					  "predicate_type": "minecraft:random_block_match",
					  "block": "minecraft:decorated_pot",
					  "probability": 0.18
					},
					"output_state": {
					  "Name": "minecraft:potted_dead_bush"
					}
				  },
				  {
					"location_predicate": {
					  "predicate_type": "minecraft:always_true"
					},
					"input_predicate": {
					  "predicate_type": "minecraft:random_block_match",
					  "block": "minecraft:decorated_pot",
					  "probability": 0.18
					},
					"output_state": {
					  "Name": "minecraft:cobweb"
					}
				  },
				{
					"location_predicate": {
						"predicate_type": "minecraft:always_true"
					},
					"input_predicate": {
						"predicate_type": "minecraft:random_blockstate_match",
						"block_state": {
							"Name": "minecraft:candle",
							"Properties": {
								"candles": "1",
								"lit": "true",
								"waterlogged": "false"
							}
						},
						"probability": 0.15
					},
					"output_state": {
						"Name": "minecraft:black_candle",
						"Properties": {
							"candles": "2",
							"lit": "true",
							"waterlogged": "false"
						}
					}
				},
				{
					"location_predicate": {
						"predicate_type": "minecraft:always_true"
					},
					"input_predicate": {
						"predicate_type": "minecraft:random_blockstate_match",
						"block_state": {
							"Name": "minecraft:candle",
							"Properties": {
								"candles": "1",
								"lit": "true",
								"waterlogged": "false"
							}
						},
						"probability": 0.12
					},
					"output_state": {
						"Name": "minecraft:light_gray_candle",
						"Properties": {
							"candles": "2",
							"lit": "true",
							"waterlogged": "false"
						}
					}
				},
				{
					"location_predicate": {
						"predicate_type": "minecraft:always_true"
					},
					"input_predicate": {
						"predicate_type": "minecraft:random_blockstate_match",
						"block_state": {
							"Name": "minecraft:candle",
							"Properties": {
								"candles": "1",
								"lit": "true",
								"waterlogged": "false"
							}
						},
						"probability": 0.18
					},
					"output_state": {
						"Name": "minecraft:cyan_candle",
						"Properties": {
							"waterlogged": "false",
							"lit": "true",
							"candles": "2"
						}
					}
				},
				{
					"location_predicate": {
						"predicate_type": "minecraft:always_true"
					},
					"input_predicate": {
						"predicate_type": "minecraft:random_block_match",
						"block": "minecraft:rail",
						"probability": 0.0073
					},
					"output_state": {
						"Name": "minecraft:barrel",
						"Properties": {
							"facing": "up"
						}
					},
					"block_entity_modifier": {
						"type": "minecraft:append_loot",
						"loot_table": "hopo:chests/mineshaft/abandoned_miners_stuff"
					}
				},
				{
					"location_predicate": {
						"predicate_type": "minecraft:always_true"
					},
					"input_predicate": {
						"predicate_type": "minecraft:random_block_match",
						"block": "minecraft:rail",
						"probability": 0.0005
					},
					"output_state": {
						"Name": "minecraft:raw_iron_block"
					}
				},
				{
					"location_predicate": {
						"predicate_type": "minecraft:always_true"
					},
					"input_predicate": {
						"predicate_type": "minecraft:random_block_match",
						"block": "minecraft:rail",
						"probability": 0.0005
					},
					"output_state": {
						"Name": "minecraft:raw_gold_block"
					}
				},
				{
					"location_predicate": {
						"predicate_type": "minecraft:always_true"
					},
					"input_predicate": {
						"predicate_type": "minecraft:random_block_match",
						"block": "minecraft:rail",
						"probability": 0.0005
					},
					"output_state": {
						"Name": "minecraft:raw_copper_block"
					}
				},
				{
					"location_predicate": {
						"predicate_type": "minecraft:always_true"
					},
					"input_predicate": {
						"predicate_type": "minecraft:random_block_match",
						"block": "minecraft:rail",
						"probability": 0.0005
					},
					"output_state": {
						"Name": "minecraft:coal_block"
					}
				},
				{
					"location_predicate": {
						"predicate_type": "minecraft:always_true"
					},
					"input_predicate": {
						"predicate_type": "minecraft:random_block_match",
						"block": "minecraft:rail",
						"probability": 0.0005
					},
					"output_state": {
						"Name": "minecraft:lava_cauldron"
					}
				},
				{
					"location_predicate": {
						"predicate_type": "minecraft:always_true"
					},
					"input_predicate": {
						"predicate_type": "minecraft:random_block_match",
						"block": "minecraft:rail",
						"probability": 0.0005
					},
					"output_state": {
						"Name": "minecraft:water_cauldron"
					}
				},
				{
					"location_predicate": {
						"predicate_type": "minecraft:always_true"
					},
					"input_predicate": {
						"predicate_type": "minecraft:random_block_match",
						"block": "minecraft:rail",
						"probability": 0.08
					},
					"output_state": {
						"Name": "minecraft:cyan_carpet"
					}
				},
				{
					"location_predicate": {
						"predicate_type": "minecraft:always_true"
					},
					"input_predicate": {
						"predicate_type": "minecraft:random_block_match",
						"block": "minecraft:rail",
						"probability": 0.0030
					},
					"output_state": {
						"Name": "minecraft:damaged_anvil"
					}
				},
				{
					"location_predicate": {
						"predicate_type": "minecraft:always_true"
					},
					"input_predicate": {
						"predicate_type": "minecraft:random_block_match",
						"block": "minecraft:rail",
						"probability": 0.0033
					},
					"output_state": {
						"Name": "minecraft:furnace"
					}
				},
				{
					"location_predicate": {
						"predicate_type": "minecraft:always_true"
					},
					"input_predicate": {
						"predicate_type": "minecraft:random_block_match",
						"block": "minecraft:rail",
						"probability": 0.0073
					},
					"output_state": {
						"Name": "minecraft:tnt"
					}
				},
				{
					"location_predicate": {
						"predicate_type": "minecraft:always_true"
					},
					"input_predicate": {
						"predicate_type": "minecraft:random_block_match",
						"block": "minecraft:rail",
						"probability": 0.0073
					},
					"output_state": {
						"Name": "minecraft:skeleton_skull",
						"Properties": {
							"rotation": "2"
						}
					}
				},
				{
					"location_predicate": {
						"predicate_type": "minecraft:always_true"
					},
					"input_predicate": {
						"predicate_type": "minecraft:random_block_match",
						"block": "minecraft:rail",
						"probability": 0.0073
					},
					"output_state": {
						"Name": "minecraft:crafting_table"
					}
				},
				{
					"location_predicate": {
						"predicate_type": "minecraft:always_true"
					},
					"input_predicate": {
						"predicate_type": "minecraft:random_block_match",
						"block": "minecraft:rail",
						"probability": 0.0073
					},
					"output_state": {
						"Name": "minecraft:soul_lantern"
					}
				},
				{
					"location_predicate": {
						"predicate_type": "minecraft:always_true"
					},
					"input_predicate": {
						"predicate_type": "minecraft:random_block_match",
						"block": "minecraft:rail",
						"probability": 0.0073
					},
					"output_state": {
						"Name": "minecraft:stonecutter"
					}
				},
				{
					"location_predicate": {
						"predicate_type": "minecraft:always_true"
					},
					"input_predicate": {
						"predicate_type": "minecraft:random_block_match",
						"block": "minecraft:rail",
						"probability": 0.0073
					},
					"output_state": {
						"Name": "minecraft:cyan_banner",
						"Properties": {
							"rotation": "13"
						}
					}
				},
				{
					"location_predicate": {
						"predicate_type": "minecraft:always_true"
					},
					"input_predicate": {
						"predicate_type": "minecraft:random_block_match",
						"block": "minecraft:rail",
						"probability": 0.0073
					},
					"output_state": {
						"Name": "minecraft:brown_mushroom"
					}
				},
				{
					"location_predicate": {
						"predicate_type": "minecraft:always_true"
					},
					"input_predicate": {
						"predicate_type": "minecraft:random_block_match",
						"block": "minecraft:rail",
						"probability": 0.0073
					},
					"output_state": {
						"Name": "minecraft:red_mushroom"
					}
				},
				{
					"location_predicate": {
						"predicate_type": "minecraft:always_true"
					},
					"input_predicate": {
						"predicate_type": "minecraft:random_block_match",
						"block": "minecraft:rail",
						"probability": 0.0073
					},
					"output_state": {
						"Name": "minecraft:cobweb"
					}
				},
				{
					"location_predicate": {
						"predicate_type": "minecraft:always_true"
					},
					"input_predicate": {
						"predicate_type": "minecraft:random_block_match",
						"block": "minecraft:rail",
						"probability": 0.0073
					},
					"output_state": {
						"Name": "minecraft:glow_lichen",
						"Properties": {
							"down": "true",
							"east": "false",
							"north": "false",
							"south": "false",
							"up": "false",
							"waterlogged": "false",
							"west": "false"
						}
					}
				},
				{
					"location_predicate": {
						"predicate_type": "minecraft:always_true"
					},
					"input_predicate": {
						"predicate_type": "minecraft:random_block_match",
						"block": "minecraft:rail",
						"probability": 0.0073
					},
					"output_state": {
						"Name": "minecraft:decorated_pot"
					},
					"block_entity_modifier": {
						"type": "minecraft:append_loot",
						"loot_table": "hopo:archaeology/mineshaft_remnants"
					}
				},
				{
					"location_predicate": {
						"predicate_type": "minecraft:always_true"
					},
					"input_predicate": {
						"predicate_type": "minecraft:random_block_match",
						"block": "minecraft:rail",
						"probability": 0.0073
					},
					"output_state": {
						"Name": "minecraft:flower_pot"
					}
				},
				{
					"location_predicate": {
						"predicate_type": "minecraft:always_true"
					},
					"input_predicate": {
						"predicate_type": "minecraft:random_block_match",
						"block": "minecraft:rail",
						"probability": 0.0073
					},
					"output_state": {
						"Name": "minecraft:cyan_candle",
						"Properties": {
							"candles": "3",
							"waterlogged": "false",
							"lit": "true"
						}
					}
				},
				{
					"location_predicate": {
						"predicate_type": "minecraft:always_true"
					},
					"input_predicate": {
						"predicate_type": "minecraft:random_block_match",
						"block": "minecraft:deepslate",
						"probability": 0.01
					},
					"output_state": {
						"Name": "minecraft:infested_deepslate"
					}
				},
				{
					"location_predicate": {
						"predicate_type": "minecraft:always_true"
					},
					"input_predicate": {
						"predicate_type": "minecraft:random_block_match",
						"block": "minecraft:deepslate",
						"probability": 0.011
					},
					"output_state": {
						"Name": "minecraft:barrel",
						"Properties": {
							"facing": "up",
							"open": "false"
						}
					},
					"block_entity_modifier": {
						"type": "minecraft:append_loot",
						"loot_table": "hopo:chests/mineshaft/abandoned_miners_stuff"
					}
				},
				{
					"location_predicate": {
						"predicate_type": "minecraft:always_true"
					},
					"input_predicate": {
						"predicate_type": "minecraft:random_block_match",
						"block": "minecraft:deepslate",
						"probability": 0.030
					},
					"output_state": {
						"Name": "minecraft:suspicious_gravel",
						"Properties": {
							"dusted": "0"
						}
					},
					"block_entity_modifier": {
						"type": "minecraft:append_loot",
						"loot_table": "hopo:archaeology/mineshaft_remnants"
					}
				},
				{
					"location_predicate": {
						"predicate_type": "minecraft:always_true"
					},
					"input_predicate": {
						"predicate_type": "minecraft:random_block_match",
						"block": "minecraft:deepslate",
						"probability": 0.033
					},
					"output_state": {
						"Name": "minecraft:gravel"
					}
				},
                {
					"location_predicate": {
						"predicate_type": "minecraft:always_true"
					},
					"input_predicate": {
						"predicate_type": "minecraft:random_block_match",
						"block": "minecraft:deepslate_bricks",
						"probability": 0.005
					},
					"output_state": {
						"Name": "minecraft:redstone_block"
					}
				},
				{
					"location_predicate": {
						"predicate_type": "minecraft:always_true"
					},
					"input_predicate": {
						"predicate_type": "minecraft:random_block_match",
						"block": "minecraft:deepslate_bricks",
						"probability": 0.004
					},
					"output_state": {
						"Name": "minecraft:deepslate_diamond_ore"
					}
				},
                {
					"location_predicate": {
						"predicate_type": "minecraft:always_true"
					},
					"input_predicate": {
						"predicate_type": "minecraft:random_block_match",
						"block": "minecraft:rail",
						"probability": 0.4
					},
					"output_state": {
						"Name": "minecraft:air"
					}
				},
                {
                    "location_predicate": {
                        "predicate_type": "minecraft:always_true"
                    },
                    "input_predicate": {
                        "predicate_type": "minecraft:random_block_match",
                        "block": "minecraft:cobweb",
                        "probability": 0.77
                    },
                    "output_state": {
                        "Name": "minecraft:air"
                    }
                },
				{
                    "location_predicate": {
                        "predicate_type": "minecraft:always_true"
                    },
                    "input_predicate": {
                        "predicate_type": "minecraft:random_block_match",
                        "block": "minecraft:deepslate_bricks",
                        "probability": 0.055
                    },
                    "output_state": {
                        "Name": "minecraft:air"
                    }
                },
                {
                    "location_predicate": {
                        "predicate_type": "minecraft:always_true"
                    },
                    "input_predicate": {
                        "predicate_type": "minecraft:random_block_match",
                        "block": "minecraft:deepslate_bricks",
                        "probability": 0.08
                    },
                    "output_state": {
                        "Name": "minecraft:cracked_deepslate_bricks"
                    }
                },
                {
                    "location_predicate": {
                        "predicate_type": "minecraft:always_true"
                    },
                    "input_predicate": {
                        "predicate_type": "minecraft:random_block_match",
                        "block": "minecraft:polished_deepslate",
                        "probability": 0.07
                    },
                    "output_state": {
                        "Name": "minecraft:polished_tuff"
                    }
                },
                {
                    "location_predicate": {
                        "predicate_type": "minecraft:always_true"
                    },
                    "input_predicate": {
                        "predicate_type": "minecraft:random_block_match",
                        "block": "minecraft:deepslate_bricks",
                        "probability": 0.16
                    },
                    "output_state": {
                        "Name": "minecraft:cobbled_deepslate"
                    }
                },
                {
                    "location_predicate": {
                        "predicate_type": "minecraft:always_true"
                    },
                    "input_predicate": {
                        "predicate_type": "minecraft:random_block_match",
                        "block": "minecraft:deepslate_bricks",
                        "probability": 0.2
                    },
                    "output_state": {
                        "Name": "minecraft:tuff_bricks"
                    }
                },
                {
                    "location_predicate": {
                        "predicate_type": "minecraft:always_true"
                    },
                    "input_predicate": {
                        "predicate_type": "minecraft:random_block_match",
                        "block": "minecraft:deepslate_bricks",
                        "probability": 0.2
                    },
                    "output_state": {
                        "Name": "minecraft:deepslate",
                        "Properties": {
                            "axis": "y"
                        }
                    }
                },
                {
                    "location_predicate": {
                        "predicate_type": "minecraft:always_true"
                    },
                    "input_predicate": {
                        "predicate_type": "minecraft:random_block_match",
                        "block": "minecraft:deepslate_bricks",
                        "probability": 0.11
                    },
                    "output_state": {
                        "Name": "minecraft:infested_deepslate",
                        "Properties": {
                            "axis": "y"
                        }
                    }
                },
                {
                    "location_predicate": {
                        "predicate_type": "minecraft:always_true"
                    },
                    "input_predicate": {
                        "predicate_type": "minecraft:random_block_match",
                        "block": "minecraft:deepslate_brick_wall",
                        "probability": 0.2
                    },
                    "output_state": {
                        "Name": "minecraft:deepslate_bricks"
                    }
                },
                {
                    "location_predicate": {
                        "predicate_type": "minecraft:always_true"
                    },
                    "input_predicate": {
                        "predicate_type": "minecraft:random_blockstate_match",
                        "block_state": {
                            "Name": "minecraft:deepslate_bricks"
                        },
                        "probability": 0.027
                    },
                    "output_state": {
                        "Name": "minecraft:deepslate_brick_slab",
                        "Properties": {
                            "type": "bottom",
                            "waterlogged": "false"
                        }
                    }
                }
            ]
        }
    ]
}
