{
  "criteria": {
    "requirement": {
      "trigger": "minecraft:entity_hurt_player",
      "conditions": {
        "player": [
          {
            "condition": "minecraft:reference",
            "name": "mcs_nether:items/both/blaze_knight_shield"
          },
          {
            "condition": "minecraft:random_chance",
            "chance": 0.5
          }
        ],
        "damage": {
          "blocked": true
        }
      }
    }
  },
  "rewards": {
    "function": "mcs_nether:items/blaze_knight_shield/use"
  }
}