{
  "replace": false,
  "values": [


    {"id":"minecraft:lava","required": false},
    {"id":"minecraft:water","required": false},

    
    
    {"id":"minecraft:powder_snow","required": false},
    {"id":"minecraft:kelp","required": false},
    {"id":"minecraft:kelp_plant","required": false},
    {"id":"minecraft:tall_seagrass","required": false},
    {"id":"minecraft:seagrass","required": false},
    {"id":"minecraft:bubble_column","required": false},
    
   

    {"id":"minecraft:snow","required": false},
    {"id":"minecraft:air","required": false},
    {"id":"minecraft:structure_void","required": false},
    {"id":"minecraft:cave_air","required": false},
    {"id":"minecraft:void_air","required": false},
    {"id":"minecraft:fire","required": false},
    {"id":"minecraft:soul_fire","required": false},
    {"id":"minecraft:vine","required": false},
    {"id":"minecraft:cave_vines","required": false},
    {"id":"minecraft:cave_vines_plant","required": false},
    {"id":"minecraft:weeping_vines","required": false},
    {"id":"minecraft:weeping_vines_plant","required": false},
    {"id":"minecraft:short_grass","required": false},
    {"id":"minecraft:tall_grass","required": false},
    {"id":"#minecraft:standing_signs","required": false},
    {"id":"#minecraft:small_flowers","required": false},
    {"id":"minecraft:peony","required": false},
    {"id":"minecraft:rose_bush","required": false},
    {"id":"minecraft:lilac","required": false},
    {"id":"minecraft:wither_rose","required": false},
    {"id":"minecraft:pitcher_plant","required": false},
    {"id":"minecraft:pitcher_crop","required": false},
    {"id":"#minecraft:buttons","required": false},
    {"id":"#minecraft:saplings","required": false},
    {"id":"#minecraft:climbable","required": false},

    {"id":"#minecraft:banners","required": false},
    {"id":"#minecraft:tall_flowers","required": false},
    {"id":"#minecraft:wool_carpets","required": false},
    {"id":"minecraft:torch","required": false},
    {"id":"minecraft:soul_torch","required": false},
    {"id":"#minecraft:pressure_plates","required": false},

    {"id":"minecraft:warped_roots","required": false},
    {"id":"minecraft:crimson_roots","required": false},
    {"id":"minecraft:fern","required": false},
    {"id":"minecraft:large_fern","required": false},

    {"id":"#minecraft:crops","required": false},
    {"id":"minecraft:dead_bush","required": false},

    {"id":"minecraft:lever","required": false},

    {"id":"minecraft:snow","required": false},
    {"id":"minecraft:end_portal","required": false},
    {"id":"minecraft:end_gateway","required": false},
    {"id":"minecraft:nether_portal","required": false},
    {"id":"minecraft:light","required": false}
    ,
    {"id":"minecraft:glow_lichen","required": false},
    {"id":"#rails","required": false},
    {"id":"cobweb","required": false},

    {"id":"moss_carpet","required": false},
    {"id":"pale_moss_carpet","required": false},
    {"id":"pale_hanging_moss","required": false},
    {"id":"hanging_roots","required": false},
    {"id":"sugar_cane","required": false}
    
   


    



    



  


    
  ]
}
