{
  "model": {
    "type": "minecraft:range_dispatch",
    "property": "minecraft:custom_model_data",
    "entries": [
      {
        "threshold": 100100,
        "model": {
          "type": "minecraft:model",
          "model": "minecraft:item/willowbee_spawn_egg"
        }
      },
      {
        "threshold": 1800000,
        "model": {
          "type": "minecraft:model",
          "model": "item/alter_of_whimsy"
        }
      },
      {
        "threshold": 151111,
        "model": {
          "type": "minecraft:model",
          "model": "item/plentiful_alter"
        }
      },
      {
        "threshold": 1600000,
        "model": {
          "type": "minecraft:model",
          "model": "item/harvest_alter"
        }
      },
      {
        "threshold": 1700000,
        "model": {
          "type": "minecraft:model",
          "model": "item/alter_of_fear"
        }
      }
    ],
  "index": 0,
  "fallback": {
    "type": "minecraft:composite",
    "models": [
      {
        "type": "minecraft:model",
        "model": "minecraft:item/armor_stand"
      }
    ]
  }
}
}


