{
  "model": {
    "type": "minecraft:range_dispatch",
    "property": "minecraft:custom_model_data",
    "entries": [
      {
        "threshold": 767676,
        "model": {
          "type": "minecraft:model",
          "model": "minecraft:item/jackhead"
        }
      },
      {
        "threshold": 777777,
        "model": {
          "type": "minecraft:model",
          "model": "item/jackhead_end"
        }
      },
      {
        "threshold": 787878,
        "model": {
          "type": "minecraft:model",
          "model": "item/jackhead_gladiator"
        }
      }
    ],
  "index": 0,
  "fallback": {
    "type": "minecraft:composite",
    "models": [
      {
        "type": "minecraft:model",
        "model": "minecraft:item/beetroot"
      }
    ]
  }
}
}
