{
  "model": {
    "type": "minecraft:range_dispatch",
    "property": "minecraft:custom_model_data",
    "entries": [
      {
        "threshold": 141414,
        "model": {
          "type": "minecraft:model",
          "model": "minecraft:item/harmony_essence"
        }
      },
      {
        "threshold": 241414,
        "model": {
          "type": "minecraft:model",
          "model": "item/harmony_orb"
        }
      }
    ],
    "index": 0,
    "fallback": {
      "type": "minecraft:composite",
      "models": [
        {
          "type": "minecraft:model",
          "model": "minecraft:item/blue_dye"
        }
      ]
    }
  }
  }
  