{
  "model": {
    "type": "minecraft:range_dispatch",
    "property": "minecraft:custom_model_data",
    "entries": [
      {
        "threshold": 123456,
        "model": {
          "type": "minecraft:model",
          "model": "minecraft:item/messenger"
        }
      },
      {
        "threshold": 123457,
        "model": {
          "type": "minecraft:model",
          "model": "item/messengermv1"
        }
      },
      {
        "threshold": 123458,
        "model": {
          "type": "minecraft:model",
          "model": "item/messengermv2"
        }
      },
      {
        "threshold": 123459,
        "model": {
          "type": "minecraft:model",
          "model": "item/messengerdmg"
        }
      },
      {
        "threshold": 222000,
        "model": {
          "type": "minecraft:model",
          "model": "item/dream_eater_still"
        }
      },
      {
        "threshold": 222001,
        "model": {
          "type": "minecraft:model",
          "model": "item/dream_eater_mv"
        }
      },
      {
        "threshold": 333320,
        "model": {
          "type": "minecraft:model",
          "model": "item/abomination_jaw_open"
        }
      },
      {
        "threshold": 333321,
        "model": {
          "type": "minecraft:model",
          "model": "item/abomination_jaw_closed"
        }
      },
      {
        "threshold": 333331,
        "model": {
          "type": "minecraft:model",
          "model": "minecraft:item/abomination"
        }
      },
      {
        "threshold": 333332,
        "model": {
          "type": "minecraft:model",
          "model": "item/abominationmv1"
        }
      },
      {
        "threshold": 333333,
        "model": {
          "type": "minecraft:model",
          "model": "item/abominationmv2"
        }
      },
      {
        "threshold": 333334,
        "model": {
          "type": "minecraft:model",
          "model": "item/abominationmv11"
        }
      },
      {
        "threshold": 333335,
        "model": {
          "type": "minecraft:model",
          "model": "item/abominationmv22"
        }
      },
      {
        "threshold": 333336,
        "model": {
          "type": "minecraft:model",
          "model": "item/abominationdmg"
        }
      },
      {
        "threshold": 399998,
        "model": {
          "type": "minecraft:model",
          "model": "item/gila_jaw_open"
        }
      },
      {
        "threshold": 399999,
        "model": {
          "type": "minecraft:model",
          "model": "item/gila_jaw_closed"
        }
      },
      {
        "threshold": 400000,
        "model": {
          "type": "minecraft:model",
          "model": "minecraft:item/gila"
        }
      },
      {
        "threshold": 400001,
        "model": {
          "type": "minecraft:model",
          "model": "item/gilamv1"
        }
      },
      {
        "threshold": 400002,
        "model": {
          "type": "minecraft:model",
          "model": "item/gilamv2"
        }
      },
      {
        "threshold": 400003,
        "model": {
          "type": "minecraft:model",
          "model": "item/gilamv11"
        }
      },
      {
        "threshold": 400004,
        "model": {
          "type": "minecraft:model",
          "model": "item/gilamv22"
        }
      },
      {
        "threshold": 470000,
        "model": {
          "type": "minecraft:model",
          "model": "item/titan"
        }
      },
      {
        "threshold": 470001,
        "model": {
          "type": "minecraft:model",
          "model": "item/titan_head"
        }
      },
      {
        "threshold": 470002,
        "model": {
          "type": "minecraft:model",
          "model": "item/titan_mv1"
        }
      },
      {
        "threshold": 470003,
        "model": {
          "type": "minecraft:model",
          "model": "minecraft:item/titan_mv2"
        }
      },
      {
        "threshold": 470004,
        "model": {
          "type": "minecraft:model",
          "model": "item/titan_head_closed"
        }
      },
      {
        "threshold": 470005,
        "model": {
          "type": "minecraft:model",
          "model": "item/titan_blt"
        }
      },
      {
        "threshold": 470006,
        "model": {
          "type": "minecraft:model",
          "model": "item/titan_blt_mv1"
        }
      },
      {
        "threshold": 470007,
        "model": {
          "type": "minecraft:model",
          "model": "item/titan_blt_mv2"
        }
      },
      {
        "threshold": 470020,
        "model": {
          "type": "minecraft:model",
          "model": "item/warped_titan"
        }
      },
      {
        "threshold": 470021,
        "model": {
          "type": "minecraft:model",
          "model": "item/warped_titan_head"
        }
      },
      {
        "threshold": 470023,
        "model": {
          "type": "minecraft:model",
          "model": "item/warped_titan_mv1"
        }
      },
      {
        "threshold": 470024,
        "model": {
          "type": "minecraft:model",
          "model": "item/warped_titan_mv2"
        }
      },
      {
        "threshold": 555577,
        "model": {
          "type": "minecraft:model",
          "model": "item/willowbee"
        }
      },
      {
        "threshold": 555578,
        "model": {
          "type": "minecraft:model",
          "model": "item/willowbee2"
        }
      },
      {
        "threshold": 555579,
        "model": {
          "type": "minecraft:model",
          "model": "item/willowbee3"
        }
      },
      {
        "threshold": 666663,
        "model": {
          "type": "minecraft:model",
          "model": "item/abysal_horror_mv3"
        }
      },
      {
        "threshold": 666664,
        "model": {
          "type": "minecraft:model",
          "model": "item/abysal_horror_mv2"
        }
      },
      {
        "threshold": 666665,
        "model": {
          "type": "minecraft:model",
          "model": "item/abysal_horror_mv1"
        }
      },
      {
        "threshold": 666666,
        "model": {
          "type": "minecraft:model",
          "model": "item/abysal_horror"
        }
      },

      {
        "threshold": 666667,
        "model": {
          "type": "minecraft:model",
          "model": "item/abysal_horror_head_mv2"
        }
      },
      {
        "threshold": 666668,
        "model": {
          "type": "minecraft:model",
          "model": "item/abysal_horror_head_mv1"
        }
      },
      {
        "threshold": 666669,
        "model": {
          "type": "minecraft:model",
          "model": "item/abysal_horror_head"
        }
      },
      {
        "threshold": 670000,
        "model": {
          "type": "minecraft:model",
          "model": "item/nether_demon_head"
        }
      },
      {
        "threshold": 670001,
        "model": {
          "type": "minecraft:model",
          "model": "item/nether_demon"
        }
      },
      {
        "threshold": 670002,
        "model": {
          "type": "minecraft:model",
          "model": "item/nether_demon_mv1"
        }
      },
      {
        "threshold": 670003,
        "model": {
          "type": "minecraft:model",
          "model": "item/nether_demon_mv2"
        }
      },
      {
        "threshold": 670004,
        "model": {
          "type": "minecraft:model",
          "model": "item/nether_demon_mv3"
        }
      },
      {
        "threshold": 670005,
        "model": {
          "type": "minecraft:model",
          "model": "item/nether_demon_head_mv1"
        }
      },
      {
        "threshold": 670500,
        "model": {
          "type": "minecraft:model",
          "model": "item/ender_demon"
        }
      },
      {
        "threshold": 670501,
        "model": {
          "type": "minecraft:model",
          "model": "item/ender_demon_head"
        }
      },
      {
        "threshold": 670502,
        "model": {
          "type": "minecraft:model",
          "model": "item/ender_demon_mv1"
        }
      },
      {
        "threshold": 670503,
        "model": {
          "type": "minecraft:model",
          "model": "item/ender_demon_mv2"
        }
      },
      {
        "threshold": 670504,
        "model": {
          "type": "minecraft:model",
          "model": "item/ender_demon_mv3"
        }
      },
      {
        "threshold": 670505,
        "model": {
          "type": "minecraft:model",
          "model": "item/ender_demon_cast"
        }
      },
      {
        "threshold": 730000,
        "model": {
          "type": "minecraft:model",
          "model": "item/boss_atk_inv"
        }
      },
      {
        "threshold": 730001,
        "model": {
          "type": "minecraft:model",
          "model": "item/boss"
        }
      },
      {
        "threshold": 730002,
        "model": {
          "type": "minecraft:model",
          "model": "item/boss_atk"
        }
      },
      {
        "threshold": 730003,
        "model": {
          "type": "minecraft:model",
          "model": "item/boss_atk_mv"
        }
      },
      {
        "threshold": 730004,
        "model": {
          "type": "minecraft:model",
          "model": "item/boss_atk_cast"
        }
      },
      {
        "threshold": 931000,
        "model": {
          "type": "minecraft:model",
          "model": "item/spectre"
        }
      },
      {
        "threshold": 931001,
        "model": {
          "type": "minecraft:model",
          "model": "item/spectre_hurt"
        }
      },
      {
        "threshold": 931002,
        "model": {
          "type": "minecraft:model",
          "model": "item/spectre_charge"
        }
      },
      {
        "threshold": 931003,
        "model": {
          "type": "minecraft:model",
          "model": "item/spectre_stand"
        }
      },
      {
        "threshold": 931004,
        "model": {
          "type": "minecraft:model",
          "model": "item/spectre_fren_dmg"
        }
      },
      {
        "threshold": 931020,
        "model": {
          "type": "minecraft:model",
          "model": "item/reaper_stand"
        }
      },
      {
        "threshold": 931021,
        "model": {
          "type": "minecraft:model",
          "model": "item/reaper_charge"
        }
      },
      {
        "threshold": 931022,
        "model": {
          "type": "minecraft:model",
          "model": "item/reaper_invis"
        }
      }
    ],
    "index": 0,
    "fallback": {
      "type": "minecraft:composite",
      "models": [
        {
          "type": "minecraft:model",
          "model": "minecraft:item/flint"
        }
      ]
    }
  }
  }
  