{
    "model": {
      "type": "minecraft:range_dispatch",
      "property": "minecraft:custom_model_data",
      "entries": [
        {
          "threshold": 100200,
          "model": {
            "type": "minecraft:model",
            "model": "minecraft:item/gila_egg"
          }
        },
        {
          "threshold": 101010,
          "model": {
            "type": "minecraft:model",
            "model": "item/plate_of_whimsy"
          }
        },
        {
          "threshold": 151111,
          "model": {
            "type": "minecraft:model",
            "model": "item/plentiful_alter"
          }
        },
        {
          "threshold": 222222,
          "model": {
            "type": "minecraft:model",
            "model": "item/kingjack_plate"
          }
        },
        {
          "threshold": 222223,
          "model": {
            "type": "minecraft:model",
            "model": "item/plate_of_abundance"
          }
        },
        {
          "threshold": 696969,
          "model": {
            "type": "minecraft:model",
            "model": "item/plate_of_fear"
          }
        },
        {
          "threshold": 727272,
          "model": {
            "type": "minecraft:model",
            "model": "item/magic_bench"
          }
        },
        {
          "threshold": 767676,
          "model": {
            "type": "minecraft:model",
            "model": "item/jackhead_north"
          }
        },
        {
            "threshold": 767677,
            "model": {
              "type": "minecraft:model",
              "model": "minecraft:item/jackhead_east"
            }
          },
          {
            "threshold": 767678,
            "model": {
              "type": "minecraft:model",
              "model": "item/jackhead_south"
            }
          },
          {
            "threshold": 767679,
            "model": {
              "type": "minecraft:model",
              "model": "item/jackhead_west"
            }
          },
          {
            "threshold": 777777,
            "model": {
              "type": "minecraft:model",
              "model": "item/jackhead_end_north"
            }
          },
          {
            "threshold": 777778,
            "model": {
              "type": "minecraft:model",
              "model": "item/jackhead_end_east"
            }
          },
          {
            "threshold": 777779,
            "model": {
              "type": "minecraft:model",
              "model": "item/jackhead_end_south"
            }
          },
          {
            "threshold": 777780,
            "model": {
              "type": "minecraft:model",
              "model": "item/jackhead_end_west"
            }
          },
          {
            "threshold": 767676,
            "model": {
              "type": "minecraft:model",
              "model": "item/jackhead_north"
            }
          },
          {
            "threshold": 787878,
            "model": {
              "type": "minecraft:model",
              "model": "minecraft:item/jackhead_gladiator_north"
            }
          },
          {
            "threshold": 787879,
            "model": {
              "type": "minecraft:model",
              "model": "item/jackhead_gladiator_east"
            }
          },
          {
            "threshold": 787880,
            "model": {
              "type": "minecraft:model",
              "model": "item/jackhead_gladiator_south"
            }
          },
          {
            "threshold": 787881,
            "model": {
              "type": "minecraft:model",
              "model": "item/jackhead_gladiator_west"
            }
          },
          {
            "threshold": 1600000,
            "model": {
              "type": "minecraft:model",
              "model": "item/harvest_alter"
            }
          },
          {
            "threshold": 1700000,
            "model": {
              "type": "minecraft:model",
              "model": "item/alter_of_fear"
            }
          },
          {
            "threshold": 1700001,
            "model": {
              "type": "minecraft:model",
              "model": "item/fear_alter_elite"
            }
          },
          {
            "threshold": 1800000,
            "model": {
              "type": "minecraft:model",
              "model": "item/alter_of_whimsy"
            }
          }
      ],
      "index": 0,
      "fallback": {
        "type": "minecraft:composite",
        "models": [
          {
            "type": "minecraft:model",
            "model": "minecraft:item/item_frame"
          }
        ]
      }
    }
    }
    