{
  "model": {
    "type": "minecraft:range_dispatch",
    "property": "minecraft:custom_model_data",
    "entries": [
      {
        "threshold": 131313,
        "model": {
          "type": "minecraft:model",
          "model": "minecraft:item/chaos_essence"
        }
      },
      {
        "threshold": 231313,
        "model": {
          "type": "minecraft:model",
          "model": "item/chaos_orb"
        }
      }
    ],
    "index": 0,
    "fallback": {
      "type": "minecraft:composite",
      "models": [
        {
          "type": "minecraft:model",
          "model": "minecraft:item/red_dye"
        }
      ]
    }
  }
  }
  