{
  "model": {
    "type": "minecraft:range_dispatch",
    "property": "minecraft:custom_model_data",
    "entries": [
      {
        "threshold": 310001,
        "model": {
          "type": "minecraft:model",
          "model": "minecraft:item/brooch_harmony"
        }
      },
      {
        "threshold": 310002,
        "model": {
          "type": "minecraft:model",
          "model": "item/brooch_lucky"
        }
      },
      {
        "threshold": 310003,
        "model": {
          "type": "minecraft:model",
          "model": "item/brooch_chaos"
        }
      },
      {
        "threshold": 310004,
        "model": {
          "type": "minecraft:model",
          "model": "item/brooch_dangerous"
        }
      },
      {
        "threshold": 323232,
        "model": {
          "type": "minecraft:model",
          "model": "minecraft:item/locket_harmony"
        }
      },
      {
        "threshold": 333333,
        "model": {
          "type": "minecraft:model",
          "model": "item/locket_lucky"
        }
      },
      {
        "threshold": 343434,
        "model": {
          "type": "minecraft:model",
          "model": "item/locket_chaos"
        }
      }
    ],
    "index": 0,
    "fallback": {
      "type": "minecraft:composite",
      "models": [
        {
          "type": "minecraft:model",
          "model": "minecraft:item/totem_of_undying"
        }
      ]
    }
  }
  }
  
