{
  "type": "minecraft:simple_random_selector",
  "config": {
    "features": [
      {
        "feature": {
          "type": "minecraft:block_column",
          "config": {
            "direction": "north",
            "allowed_placement": {
              "type": "minecraft:matching_blocks",
              "offset": [
                0,
                -1,
                0
              ],
              "blocks": "#scorched:sand_terrain"
            },
            "prioritize_tip": false,
            "layers": [
              {
                "height": {
                  "type": "minecraft:uniform",
                    "min_inclusive": 4,
                    "max_inclusive": 6
                  
                },
                "provider": {
                  "type": "minecraft:simple_state_provider",
                  "state": {
                    "Name": "minecraft:oak_log",
                    "Properties": {
                      "axis": "z"
                    }
                  }
                }
              }
            ]
          }
        },
        "placement": []
      },
      {
        "feature": {
          "type": "minecraft:block_column",
          "config": {
            "direction": "east",
            "allowed_placement": {
              "type": "minecraft:matching_blocks",
              "offset": [
                0,
                -1,
                0
              ],
              "blocks": "#scorched:sand_terrain"
            },
            "prioritize_tip": false,
            "layers": [
              {
                "height": {
                  "type": "minecraft:uniform",
                    "min_inclusive": 4,
                    "max_inclusive": 6
                },
                "provider": {
                  "type": "minecraft:simple_state_provider",
                  "state": {
                    "Name": "minecraft:oak_log",
                    "Properties": {
                      "axis": "x"
                    }
                  }
                }
              }
            ]
          }
        },
        "placement": []
      },
      {
        "feature": {
          "type": "minecraft:block_column",
          "config": {
            "direction": "south",
            "allowed_placement": {
              "type": "minecraft:matching_blocks",
              "offset": [
                0,
                -1,
                0
              ],
              "blocks": "#scorched:sand_terrain"
            },
            "prioritize_tip": false,
            "layers": [
              {
                "height": {
                  "type": "minecraft:uniform",
                    "min_inclusive": 4,
                    "max_inclusive": 6
                },
                "provider": {
                  "type": "minecraft:simple_state_provider",
                  "state": {
                    "Name": "minecraft:oak_log",
                    "Properties": {
                      "axis": "z"
                    }
                  }
                }
              }
            ]
          }
        },
        "placement": []
      },
      {
        "feature": {
          "type": "minecraft:block_column",
          "config": {
            "direction": "west",
            "allowed_placement": {
              "type": "minecraft:matching_blocks",
              "offset": [
                0,
                -1,
                0
              ],
              "blocks": "#scorched:sand_terrain"
            },
            "prioritize_tip": false,
            "layers": [
              {
                "height": {
                  "type": "minecraft:uniform",
                    "min_inclusive": 4,
                    "max_inclusive": 6
                },
                "provider": {
                  "type": "minecraft:simple_state_provider",
                  "state": {
                    "Name": "minecraft:oak_log",
                    "Properties": {
                      "axis": "x"
                    }
                  }
                }
              }
            ]
          }
        },
        "placement": []
      }
    ]
  }
}
