{
    "display": {
        "title": {
            "text": "Personal Medic"
        },
        "description": {
            "text": "Craft a Life Jelly"
        },
        "icon": {
            "id": "minecraft:enchanted_golden_apple"
        },
        "frame": "challenge",
        "show_toast": true,
        "announce_to_chat": true,
        "hidden": false,
        "background": "minecraft:textures/gui/advancements/backgrounds/stone.png"
    },
    "parent": "hcrplus:root",
    "criteria": {
        "Unlocked": {
            "trigger": "minecraft:recipe_unlocked",
            "conditions": {
                "recipe": "hcrplus:life_jelly"
            }
        }
    }
}