{
    "biomes": [
        "minecraft:savanna",
        "minecraft:savanna_plateau",
        "minecraft:windswept_savanna"
      ],
    "adapt_noise": false,
    "spawn_overrides": {},
    "type": "jigsaw",
    "start_pool": "mingen:acacia_fallen_tree",
    "size": 7,
    "step": "vegetal_decoration",
    "start_height": {
        "absolute": 0
    },
    "project_start_to_heightmap": "WORLD_SURFACE_WG",
    "max_distance_from_center": 116,
    "terrain_adaptation": "beard_box",
    "use_expansion_hack": false
}