{
    "biomes": "minecraft:dark_forest",
    "adapt_noise": false,
    "spawn_overrides": {},
    "type": "jigsaw",
    "start_pool": "mingen:vindicator_library",
    "size": 7,
    "step": "strongholds",
    "start_height": {
        "type": "minecraft:uniform",
        "min_inclusive": {
          "absolute": 32
        },
        "max_inclusive": {
          "absolute": 42
        }
      },
    "max_distance_from_center": 116,
    "terrain_adaptation": "bury",
    "use_expansion_hack": false
}