{
  "type": "minecraft:tree",
  "config": {
    "minimum_size": {
      "type": "minecraft:two_layers_feature_size"
    },
    "dirt_provider": {
      "type": "minecraft:simple_state_provider",
      "state": {
        "Name": "minecraft:dirt"
      }
    },
    "trunk_provider": {
      "type": "minecraft:simple_state_provider",
      "state": {
        "Name": "minecraft:mushroom_stem",
        "Properties": {
          "down": "true",
          "east": "true",
          "north": "true",
          "south": "true",
          "up": "true",
          "west": "true"
        }
      }
    },
    "foliage_provider": {
      "type": "minecraft:simple_state_provider",
      "state": {
        "Name": "minecraft:brown_mushroom_block",
        "Properties": {
          "down": "true",
          "east": "true",
          "north": "true",
          "south": "true",
          "up": "true",
          "west": "true"
        }
      }
    },
    "root_placer": {
      "type": "minecraft:mangrove_root_placer",
      "root_provider": {
        "type": "minecraft:simple_state_provider",
        "state": {
          "Name": "minecraft:mushroom_stem",
          "Properties": {
            "down": "true",
            "east": "true",
            "north": "true",
            "south": "true",
            "up": "true",
            "west": "true"
          }
        }
      },
      "trunk_offset_y": {
        "type": "minecraft:uniform",
          "min_inclusive": 1,
          "max_inclusive": 2
      },
      "above_root_placement": {
        "above_root_provider": {
          "type": "minecraft:simple_state_provider",
          "state": {
            "Name": "minecraft:mushroom_stem",
            "Properties": {
              "down": "true",
              "east": "true",
              "north": "true",
              "south": "true",
              "up": "true",
              "west": "true"
            }
          }
        },
        "above_root_placement_chance": 0.5
      },
      "mangrove_root_placement": {
        "max_root_width": 3,
        "max_root_length": 3,
        "random_skew_chance": 0.9,
        "can_grow_through": "#minecraft:mangrove_roots_can_grow_through",
        "muddy_roots_in": "#minecraft:mangrove_roots_can_grow_through",
        "muddy_roots_provider": {
          "type": "minecraft:simple_state_provider",
          "state": {
            "Name": "minecraft:dirt"
          }
        }
      }
    },
    "trunk_placer": {
      "type": "minecraft:straight_trunk_placer",
      "base_height": 8,
      "height_rand_a": 4,
      "height_rand_b": 0
    },
    "foliage_placer": {
      "type": "minecraft:fancy_foliage_placer",
      "radius": {
        "type": "minecraft:uniform",
          "min_inclusive": 5,
          "max_inclusive": 5
      },
      "offset": 0,
      "height": 0
    },
    "decorators": []
  }
}
