{
  "display": {
    "icon": {
      "id": "minecraft:enchanted_book"
    },
    "title": "One Small Step",
    "description": "Acquire a Bound book",
    "frame": "task",
    "show_toast": true,
    "announce_to_chat": true,
    "hidden": false
  },
  "parent": "bound:visible/root",
  "criteria": {
    "requirement": {
      "trigger": "minecraft:inventory_changed",
      "conditions": {
        "items": [
          {
            "items": "minecraft:enchanted_book",
            "predicates": {
              "minecraft:stored_enchantments": [
                {
                  "enchantments": "bound:bound",
                  "levels": {
                    "min": 1,
                    "max": 3
                  }
                }
              ]
            }
          }
        ]
      }
    }
  }
}
