{
  "display": {
    "icon": {
      "id": "minecraft:jigsaw",
      "components": {
        "minecraft:item_model":"mmdp.deformation:advancement_icons",
        "minecraft:custom_model_data":{"floats":[6]}
      }
    },
    "title": {
      "translate": "mmdp.deformation:advancement.complete_the_dungeon.title"
    },
    "description": {
      "translate": "mmdp.deformation:advancement.complete_the_dungeon.description"
    },
    "frame": "task",
    "show_toast": true,
    "announce_to_chat": false,
    "hidden": false
  },
  "parent": "mmdp.deformation:end/in_the_center",
  "criteria": {
    "requirement": {
      "trigger": "minecraft:impossible"
    }
  }
}
