{
  "display": {
    "icon": {
      "id": "minecraft:wither_skeleton_skull"
    },
    "title": {
      "translate": "mmdp.deformation:advancement.feel_maxed_end_curse.title"
    },
    "description": {
      "translate": "mmdp.deformation:advancement.feel_maxed_end_curse.description"
    },
    "frame": "challenge",
    "show_toast": true,
    "announce_to_chat": true,
    "hidden": true
  },
  "parent": "minecraft:end/elytra",
  "criteria": {
    "requirement": {
      "trigger": "minecraft:impossible"
    }
  },
  "rewards": {
    "experience": 500
  }
}
