{
  "display": {
    "icon": {
      "id": "minecraft:jigsaw",
      "components": {
        "minecraft:item_model":"mmdp.deformation:advancement_icons",
        "minecraft:custom_model_data":{"floats":[7]}
      }
    },
    "title": {
      "translate": "mmdp.deformation:advancement.gateway_escape.title"
    },
    "description": {
      "translate": "mmdp.deformation:advancement.gateway_escape.description"
    },
    "frame": "task",
    "show_toast": false,
    "announce_to_chat": true,
    "hidden": false
  },
  "parent": "mmdp.deformation:end/root",
  "criteria": {
    "": {
      "trigger": "minecraft:impossible"
    }
  }
}
