{
  "display": {
    "icon": {
      "id": "minecraft:jigsaw",
      "components": {
        "minecraft:item_model":"mmdp.deformation:advancement_icons",
        "minecraft:custom_model_data":{"floats":[9]}
      }
    },
    "title": {
      "translate": "mmdp.deformation:advancement.root.title"
    },
    "description": {
      "translate": "mmdp.deformation:advancement.root.description"
    },
    "frame": "task",
    "show_toast": true,
    "announce_to_chat": false,
    "hidden": true
  },
  "parent": "minecraft:end/find_end_city",
  "criteria": {
    "requirement": {
      "trigger": "minecraft:impossible"
    }
  }
}
