{
  "type": "minecraft:crafting_shaped",
  "category": "equipment",
  "pattern": [
    " # ",
    "# #",
    " # "
  ],
  "key": {
    "#": "#minecraft:stone_tool_materials"
  },
  "result": {
    "id": "minecraft:stone_pickaxe",
    "count": 1,
    "components": {
      "minecraft:item_name": "{'text':'Stone Knuckles'}",
      "minecraft:attribute_modifiers": {
        "modifiers": [
          {
            "type": "minecraft:attack_damage",
            "id": "attack_damage.knuckles",
            "amount": 1.75,
            "operation": "add_value",
            "slot": "mainhand"
          },
          {
            "type": "minecraft:attack_speed",
            "id": "attack_speed",
            "amount": -1.6,
            "operation": "add_value",
            "slot": "mainhand"
          },
          {
            "type": "minecraft:attack_damage",
            "id": "attack_damage_offhand.close_combat",
            "amount": 0,
            "operation": "add_value",
            "slot": "offhand"
          }
        ],
        "show_in_tooltip": false
      },
      "lore": [
        "{'text':' '}",
        "{'bold':true,'color':'white','italic':false,'text':'[CLOSE COMBAT]'}",
        "{'color':'gray','italic':false,'text':'When knuckles are held in both hands, '}",
        "{'color':'gray','italic':false,'text':'combine their damage bonuses. '}",
        "{'text':' '}",
        "{'color':'gray','italic':false,'text':'When in Main Hand:'}",
        "{'color':'dark_green','italic':false,'text':' 2.75 Attack Damage'}",
        "{'color':'dark_green','italic':false,'text':' 2.4 Attack Speed'}"
      ],
      "minecraft:item_model": "ppg:we/knuckles/stone",
      "minecraft:max_stack_size": 1,
      "!minecraft:tool": {}
    }
  }
}
