{
	"type": "minecraft:crafting_shaped",
	"category": "misc",
	"pattern": ["zuz", "xox", "zuz"],
	"key": {
		"x": "minecraft:nether_star",
		"u": "minecraft:echo_shard",
		"z": "minecraft:amethyst_shard",
		"o": "minecraft:furnace"
	},
	"result": {
		"id": "minecraft:player_head",
		"count": 1,
		"components": {
			"minecraft:custom_data": {
				"betterfurnace": {
					"custom_block": 1,
					"id": "extreme_furnace"
				}
			},
			"minecraft:item_name": "\"Extreme Furnace\"",
			"minecraft:profile": {
				"id": [106477804, 96423650, -2021886691, -11073157],
				"properties": [
					{
						"name": "textures",
						"value": "eyJ0ZXh0dXJlcyI6eyJTS0lOIjp7InVybCI6Imh0dHA6Ly90ZXh0dXJlcy5taW5lY3JhZnQubmV0L3RleHR1cmUvMTA1N2Y4NDFiODJlN2U1NzU2N2M3ZDkzOTdjMGU1NWE3Y2Y0ZTQyODkyNmQ1OWM4ZWQ0Zjg5YWQyZTI1ODU4MiJ9fX0="
					}
				]
			}
		}
	}
}
