{
	"type": "minecraft:crafting_shaped",
	"category": "misc",
	"pattern": ["xxx", "xox", "xxx"],
	"key": {
		"x": "minecraft:gold_ingot",
		"o": "minecraft:furnace"
	},
	"result": {
		"id": "minecraft:player_head",
		"count": 1,
		"components": {
			"minecraft:custom_data": {
				"betterfurnace": {
					"custom_block": 1,
					"id": "golden_furnace"
				}
			},
			"minecraft:item_name": "\"Golden Furnace\"",
			"minecraft:profile": {
				"id": [106477804, 96423650, -2021886691, -11073157],
				"properties": [
					{
						"name": "textures",
						"value": "eyJ0ZXh0dXJlcyI6eyJTS0lOIjp7InVybCI6Imh0dHA6Ly90ZXh0dXJlcy5taW5lY3JhZnQubmV0L3RleHR1cmUvZGU4ZjAwZWRkZjUwMGVhY2M4NDRkMmIxYTVhMzgzZGU0YWM4MTQ1YzA2ODE1MTNjNWFiYWNhZWM5ZjcxYzFkNSJ9fX0="
					}
				]
			}
		}
	}
}
