{
	"type": "minecraft:crafting_shaped",
	"category": "misc",
	"pattern": ["uuu", "xox", "uuu"],
	"key": {
		"x": "minecraft:netherite_ingot",
		"u": "minecraft:diamond",
		"o": "minecraft:furnace"
	},
	"result": {
		"id": "minecraft:player_head",
		"count": 1,
		"components": {
			"minecraft:custom_data": {
				"betterfurnace": {
					"custom_block": 1,
					"id": "netherite_furnace"
				}
			},
			"minecraft:item_name": "\"Netherite Furnace\"",
			"minecraft:profile": {
				"id": [106477804, 96423650, -2021886691, -11073157],
				"properties": [
					{
						"name": "textures",
						"value": "eyJ0ZXh0dXJlcyI6eyJTS0lOIjp7InVybCI6Imh0dHA6Ly90ZXh0dXJlcy5taW5lY3JhZnQubmV0L3RleHR1cmUvNDliMzQxNmJjZjA2OTk1YzYyNWJiOTEyNmU5MjI4NGJhY2RjOWYxNjhiZDY4M2U3YTNhM2Q3ZjFlZGIzYjA2MSJ9fX0="
					}
				]
			}
		}
	}
}
