{
	"feature": {
		"type": "minecraft:random_selector",
		"config": {
			"features": [
				{
					"chance": 0.5,
					"feature": {
						"feature": "cavernous:generic/splotches/granite",
						"placement": []
					}
				}
			],
			"default": {
				"feature": "cavernous:generic/splotches/mud",
				"placement": []
			}
		}
	},
	"placement": [
		
		{
			"type": "minecraft:biome"
		},
		{
			"type": "minecraft:count",
			"count": 5
		},
		{
			"type": "minecraft:in_square"
		},
		{
			"type": "minecraft:height_range",
			"height": {
				"type": "minecraft:uniform",
				"min_inclusive": {
					"above_bottom": 0
				},
				"max_inclusive": {
					"below_top": 0
				}
			}
		}
	]
}
