{
  "display": {
    "icon": {
      "id": "minecraft:sculk_catalyst"
    },
    "title": "I'm Batman",
    "description": "Find the Deep Dark Leggings",
    "frame": "challenge",
    "show_toast": true,
    "announce_to_chat": true,
    "hidden": true
  },
  "parent": "mt:treasure_advancements/first_legendary_deep_dark_treasure",
  "criteria": {
    "obtainchest": {
      "trigger": "minecraft:inventory_changed",
      "conditions": {
        "items": [
          {
            "items": [
              "minecraft:leather_leggings"
            ],
            "predicates": {
  "minecraft:custom_data": "{armor:\"deep_dark_leggings\"}"
      }          }
        ]
      }
    }
  }
}
