{
  "display": {
    "icon": {
      "id": "minecraft:diamond_pickaxe"
    },
    "title": "Effiency 6+ Please...",
    "description": "Find the Deep Netherite Pickaxe",
    "frame": "goal",
    "show_toast": true,
    "announce_to_chat": true,
    "hidden": false
  },
  "parent": "mt:treasure_advancements/first_epic_deep_dark_treasure",
  "criteria": {
    "obtainchest": {
      "trigger": "minecraft:inventory_changed",
      "conditions": {
        "items": [
          {
            "items": [
              "minecraft:netherite_pickaxe"
            ],
            "predicates": {
  "minecraft:custom_data": "{tool:\"dpick\"}"
      }          }
        ]
      }
    }
  }
}
