{
    "criteria": {
      "requirement": {
        "trigger": "minecraft:inventory_changed",
        "conditions": {
          "player": [

           
          ],
          "items": [
            {
              "items": [
                "minecraft:arrow"
              ]
            }
          ]
        }
      },
      "requirement2": {
        "trigger": "minecraft:inventory_changed",
        "conditions": {
          "player": [

           
          ],
          "items": [
            {
              "items": [
                "minecraft:bow"
              ],
              "predicates": {
                "custom_data": {
                  "SpellboundBlowgun": 1
                }
              }
             
            }
          ]
        }
      }
    }
  }
  