{
  "criteria": {
    "requirement": {
      "trigger": "minecraft:fall_from_height",
      "conditions": {
        "player": {
          "equipment": {
            "feet": {
              "predicates": {
                "minecraft:custom_data": "{weapon:\"point\"}"
              }
            }
          }
        },
        "distance": {
          "absolute": {
            "min": 29.51
          }
        }
      }
    }
  },
  "rewards": {
    "function": "mt:items/weapons/pointed_boots/3"
  }
}
