{
    "pools": [
        {
            "rolls": 1,
            "entries": [
                {
                    "type": "minecraft:item",
                    "name": "minecraft:gold_nugget",
                    "functions": [
                        {
                            "function": "minecraft:set_components",
                            "components": {
                                "minecraft:item_name": "{\"fallback\":\"Gold Luck Ring\",\"translate\":\"wasd.rings.ring_22\",\"italic\":false,\"italic\":false,\"color\":\"red\"}",
                                "minecraft:lore": [
                                    "{\"fallback\":\"Fall damage resistance.\",\"translate\":\"wasd.rings.ring_22.lore\",\"italic\":false,\"color\":\"blue\"}"
                                ],
                                "max_stack_size": 1,
                                "minecraft:custom_data": {
                                    "wasd_ring_type": 22,
                                    "wasd_ring": 1
                                },
                                "minecraft:attribute_modifiers": {
                                    "modifiers": [
                                        {
                                            "type": "minecraft:safe_fall_distance",
                                            "id": "6370006",
                                            "amount": 1000,
                                            "operation": "add_value",
                                            "slot": "offhand"
                                        }
                                    ]
                                },
                                "minecraft:item_model": "wasd:rings/22"
                            }
                        }
                    ]
                }
            ]
        }
    ]
}