{
    "pools": [
        {
            "rolls": 1,
            "entries": [
                {
                    "type": "minecraft:item",
                    "name": "minecraft:gold_nugget",
                    "functions": [
                        {
                            "function": "minecraft:set_components",
                            "components": {
                                "minecraft:item_name": "{\"fallback\":\"Fireproof Ring 1\",\"translate\":\"wasd.rings.ring_15\",\"italic\":false,\"color\":\"yellow\"}",
                                "minecraft:lore": [
                                    "{\"fallback\":\"Take no fire damage. Not as effective in lava.\",\"translate\":\"wasd.rings.ring_15.lore\",\"italic\":false,\"color\":\"blue\"}"
                                ],
                                "max_stack_size": 1,
                                "minecraft:custom_data": {
                                    "wasd_ring_type": 15,
                                    "wasd_ring": 1
                                },
                                "minecraft:item_model": "wasd:rings/15"
                            }
                        }
                    ]
                }
            ]
        }
    ]
}