{
    "pools": [
        {
            "rolls": 1,
            "entries": [
                {
                    "type": "minecraft:item",
                    "name": "minecraft:gold_nugget",
                    "functions": [
                        {
                            "function": "minecraft:set_components",
                            "components": {
                                "minecraft:item_name": "{\"fallback\":\"Armor Ring 3\",\"translate\":\"wasd.rings.ring_6\",\"italic\":false,\"color\":\"gold\"}",
                                "minecraft:lore": [
                                    "{\"fallback\":\"Increased defense at the cost of attack damage.\",\"translate\":\"wasd.rings.ring_6.lore\",\"italic\":false,\"color\":\"blue\"}"
                                ],
                                "max_stack_size": 1,
                                "minecraft:custom_data": {
                                    "wasd_ring_type": 6,
                                    "wasd_ring": 1
                                },
                                "minecraft:item_model": "wasd:rings/6"
                            }
                        }
                    ]
                }
            ]
        }
    ]
}