{
    "type": "minecraft:entity",
    "pools": [
      
      {
        "rolls": 1,
        "entries": [
          {
            "type": "minecraft:item",
            "weight": 25,
            "name": "minecraft:prismarine_shard",
            "functions": [
              {
                "function": "minecraft:set_components",
                "components": {
                  "custom_data": {
                    "DetectCursedMobDeath": 1
                  }
                }
              }
            ]
            
            
          }
          
        ]
      
      }
      
      
    ]
  }
  