{
    "condition": "minecraft:any_of",
    "terms": [
      {
        "condition": "minecraft:value_check",
        "value": {
          "type": "minecraft:score",
          "target": "this",
          "score": "ocean_count2"
        },
        "range": {
          "min": 1,
          "max": 40000
        }
      },
      {
        "condition": "minecraft:value_check",
        "value": {
          "type": "minecraft:score",
          "target": "this",
          "score": "ocean_count3"
        },
        "range": {
          "min": 1,
          "max": 40000
        }
      }
    ]
  }
  