{"parent": "minecraft:nether/root", "criteria": {"travelled": {"conditions": {"distance": {"horizontal": {"min": 7000.0}}}, "trigger": "minecraft:nether_travel"}}, "display": {"description": {"translate": "advancements.nether.fast_travel.description"}, "frame": "challenge", "icon": {"count": 1, "id": "minecraft:map"}, "title": {"translate": "advancements.nether.fast_travel.title"}}, "requirements": [["travelled"]], "rewards": {"function": "roguecraft:skillpoints/advancement"}, "sends_telemetry_event": true}