{
    "name": "mingen:captured_village/buildings",
    "fallback": "minecraft:empty",
    "elements": [
        {
            "weight": 5,
            "element": {
                "location": "mingen:captured_village/buildings/house",
                "processors": "minecraft:empty",
                "projection": "rigid",
                "element_type": "minecraft:single_pool_element"
            }
        },
        {
            "weight": 5,
            "element": {
                "location": "mingen:captured_village/buildings/house_wheat",
                "processors": "minecraft:empty",
                "projection": "rigid",
                "element_type": "minecraft:single_pool_element"
            }
        },
        {
            "weight": 3,
            "element": {
                "location": "mingen:captured_village/buildings/house_villager",
                "processors": "minecraft:empty",
                "projection": "rigid",
                "element_type": "minecraft:single_pool_element"
            }
        },
        {
            "weight": 4,
            "element": {
                "location": "mingen:captured_village/buildings/paddock",
                "processors": "minecraft:empty",
                "projection": "rigid",
                "element_type": "minecraft:single_pool_element"
            }
        },
        {
            "weight": 5,
            "element": {
                "location": "mingen:captured_village/buildings/tall_house",
                "processors": "minecraft:empty",
                "projection": "rigid",
                "element_type": "minecraft:single_pool_element"
            }
        },
        {
            "weight": 3,
            "element": {
                "location": "mingen:captured_village/buildings/tower",
                "processors": "minecraft:empty",
                "projection": "rigid",
                "element_type": "minecraft:single_pool_element"
            }
        }
    ]
}