{
    "name": "mingen:captured_village/roads",
    "fallback": "minecraft:empty",
    "elements": [
        {
            "weight": 4,
            "element": {
                "location": "mingen:captured_village/roads/road_l",
                "processors": "minecraft:empty",
                "projection": "terrain_matching",
                "element_type": "minecraft:single_pool_element"
            }
        },
        {
            "weight": 5,
            "element": {
                "location": "mingen:captured_village/roads/road_staight",
                "processors": "minecraft:empty",
                "projection": "terrain_matching",
                "element_type": "minecraft:single_pool_element"
            }
        },
        {
            "weight": 6,
            "element": {
                "location": "mingen:captured_village/roads/road_t",
                "processors": "minecraft:empty",
                "projection": "terrain_matching",
                "element_type": "minecraft:single_pool_element"
            }
        },
        {
            "weight": 2,
            "element": {
                "location": "mingen:captured_village/roads/deco_center_entrance",
                "processors": "minecraft:empty",
                "projection": "terrain_matching",
                "element_type": "minecraft:single_pool_element"
            }
        }
    ]
}