{
  "feature": "enhanced_woods:trees/birch/birch_blooming",
  "placement": [
    {
      "type": "minecraft:count",
      "count": 1
    },
    {
      "type": "minecraft:in_square"
    },
    {
      "type": "minecraft:heightmap",
      "heightmap": "MOTION_BLOCKING_NO_LEAVES"
    },
    {
      "type": "minecraft:biome"
    },
    {
      "type": "rarity_filter",
      "chance": 6
    },
    {
      "type": "minecraft:block_predicate_filter",
      "predicate": {
        "type": "minecraft:matching_blocks",
        "offset": [
          0,
          -1,
          0
        ],
        "blocks": [
          "minecraft:grass_block",
          "coarse_dirt",
          "rooted_dirt",
          "minecraft:dirt"
        ]
      }
    }
  ]
}