{
  "condition": "minecraft:any_of",
  "terms": [
    {
      "condition": "minecraft:value_check",
      "value": {
        "type": "minecraft:score",
        "target": {
          "type": "minecraft:fixed",
          "name": "$has_companion"
        },
        "score": "pk.temp"
      },
      "range": {
        "min": 1
      }
    },
    {
      "condition": "minecraft:value_check",
      "value": {
        "type": "minecraft:score",
        "target": {
          "type": "minecraft:fixed",
          "name": "$has_vehicle"
        },
        "score": "pk.temp"
      },
      "range": 1
    }
  ]
}
