{
  "type": "minecraft:smithing_transform",
  "category": "equipment",
  "template": "minecraft:command_block",
  "base": "minecraft:bow",
  "addition": "minecraft:rabbit_foot",
  "result": {
    "id": "minecraft:bow",
    "count": 1,
    "components": {
      "minecraft:item_name": "{'text':'Boosting Bow'}",
      "minecraft:item_model": "ppg:we/boosting_bow",
      "minecraft:attribute_modifiers": {
        "modifiers": [
          {
            "id": "jump_strength",
            "type": "minecraft:jump_strength",
            "amount": 0.5,
            "operation": "add_multiplied_base",
            "slot": "hand"
          }
        ],
        "show_in_tooltip": false
      },
      "lore": [
        "{'text':' '}",
        "{'color':'gray','italic':false,'text':'When in Either Hand:'}",
        "{'color':'dark_green','italic':false,'text':' +50% Jump Strength'}"
      ]
    }
  }
}
