{
  "type": "minecraft:smithing_transform",
  "category": "equipment",
  "template": "minecraft:command_block",
  "base": "minecraft:crossbow",
  "addition": "minecraft:iron_block",
  "result": {
    "id": "minecraft:crossbow",
    "count": 1,
    "components": {
      "minecraft:item_name": "{'text':'Guarded Crossbow'}",
      "minecraft:item_model": "ppg:we/guarded_crossbow",
      "minecraft:custom_model_data": {
        "strings": [
          "guarded_crossbow"
        ]
      },
      "minecraft:attribute_modifiers": {
        "modifiers": [
          {
            "id": "knockback_resistance",
            "type": "minecraft:knockback_resistance",
            "amount": 1,
            "operation": "add_value",
            "slot": "hand"
          },
          {
            "id": "armor",
            "type": "minecraft:armor",
            "amount": 4,
            "operation": "add_value",
            "slot": "hand"
          },
          {
            "id": "armor_toughness",
            "type": "minecraft:armor_toughness",
            "amount": 2,
            "operation": "add_value",
            "slot": "hand"
          }
        ],
        "show_in_tooltip": false
      },
      "lore": [
        "{'text':' '}",
        "{'color':'gray','italic':false,'text':'When in Either Hand:'}",
        "{'color':'dark_green','italic':false,'text':' +4 Armor'}",
        "{'color':'dark_green','italic':false,'text':' +2 Armor Toughness'}",
        "{'color':'dark_green','italic':false,'text':' Knockback Immunity'}"
      ]
    }
  }
}
