{
  "type": "minecraft:smithing_transform",
  "category": "equipment",
  "template": "minecraft:command_block",
  "base": "minecraft:crossbow",
  "addition": "minecraft:dispenser",
  "result": {
    "id": "minecraft:crossbow",
    "count": 1,
    "components": {
      "minecraft:item_name": "{'text':'Mechanical Crossbow'}",
      "minecraft:item_model": "ppg:we/mechanical_crossbow",
      "minecraft:custom_model_data": {
        "strings": [
          "mechanical_crossbow"
        ]
      },
      "minecraft:attribute_modifiers": {
        "modifiers": [
          {
            "id": "movement_speed",
            "type": "minecraft:movement_speed",
            "amount": -0.4,
            "operation": "add_multiplied_base",
            "slot": "mainhand"
          }
        ],
        "show_in_tooltip": false
      },
      "lore": [
        "{'text':' '}",
        "{'bold':true,'color':'white','italic':false,'text':'[AUTO-LOAD]'}",
        "{'color':'gray','italic':false,'text':'If 1≤ Encased Arrows are present in inventory,'}",
        "{'color':'gray','italic':false,'text':'consume 1 and instantly reload an arrow.'}",
        "{'color':'gray','italic':false,'text':'(must be shot from mainhand to activate)'}",
        "{'text':' '}",
        "{'color':'gray','italic':false,'text':'When in Main Hand:'}",
        "{'color':'dark_green','italic':false,'text':' -40% Movement Speed'}"
      ]
    }
  }
}
