{
  "type": "minecraft:crafting_shaped",
  "category": "equipment",
  "pattern": [
    "#X#",
    "#O#",
    "###"
  ],
  "key": {
    "#": "minecraft:diamond",
    "X": "minecraft:repeating_command_block",
    "O": "minecraft:gold_block"
  },
  "result": {
    "id": "minecraft:repeating_command_block",
    "count": 2,
    "components": {
      "minecraft:item_name": "{'text':'Skin Template'}",
      "lore": [
        "{'color':'blue','italic':false,'text':'Ingredients'}",
        "{'color':'gray','italic':false,'text':'Smithing Template'}",
        "{'text':' '}",
        "{'color':'gray','italic':false,'text':'Applies to:'}",
        "{'color':'blue','italic':false,'text':' Tools/Weapons'}",
        "{'color':'gray','italic':false,'text':'Ingredients:'}",
        "{'color':'blue','italic':false,'text':' Spruce Sapling → Xmas'}",
        "{'text':' '}",
        "{'color':'gray','italic':false,'text':'Remove skins by smithing with'}",
        "{'color':'gray','italic':false,'text':'a water bucket and wool.'}"
      ],
      "minecraft:item_model": "ppg:we/skin_template",
      "minecraft:rarity": "uncommon"
    }
  }
}
