{
  "type": "minecraft:smithing_transform",
  "category": "equipment",
  "template": "minecraft:command_block",
  "base": "minecraft:crossbow",
  "addition": "minecraft:amethyst_shard",
  "result": {
    "id": "minecraft:crossbow",
    "count": 1,
    "components": {
      "minecraft:item_name": "{'text':'Spiked Crossbow'}",
      "minecraft:item_model": "ppg:we/spiked_crossbow",
      "minecraft:custom_model_data": {
        "strings": [
          "spiked_crossbow"
        ]
      },
      "minecraft:attribute_modifiers": {
        "modifiers": [
          {
            "id": "attack_damage",
            "type": "minecraft:attack_damage",
            "amount": 5,
            "operation": "add_value",
            "slot": "mainhand"
          },
          {
            "id": "attack_speed",
            "type": "minecraft:attack_speed",
            "amount": -3,
            "operation": "add_value",
            "slot": "mainhand"
          }
        ],
        "show_in_tooltip": false
      },
      "lore": [
        "{'text':' '}",
        "{'color':'gray','italic':false,'text':'When in Main Hand:'}",
        "{'color':'dark_green','italic':false,'text':' 6 Attack Damage'}",
        "{'color':'dark_green','italic':false,'text':' 1 Attack Speed'}"
      ]
    }
  }
}
