{
  "type": "minecraft:crafting_shapeless",
  "category": "misc",
  "ingredients": [
    "minecraft:book",
    "#minecraft:axes",
    "#minecraft:swords"
  ],
  "result": {
    "id": "minecraft:knowledge_book",
    "components": {
      "minecraft:recipes": [
        "ppgwe:naginata/wooden",
        "ppgwe:greatsword/wooden",
        "ppgwe:halberd/wooden",
        "ppgwe:battle_axe/wooden",
        "ppgwe:dao/wooden",
        "ppgwe:guardblade/wooden",
        "ppgwe:knuckles/wooden",
        "ppgwe:twinblade/wooden",
        "ppgwe:spear/wooden",
        "ppgwe:longsword/wooden",
        "ppgwe:naginata/stone",
        "ppgwe:greatsword/stone",
        "ppgwe:halberd/stone",
        "ppgwe:battle_axe/stone",
        "ppgwe:dao/stone",
        "ppgwe:guardblade/stone",
        "ppgwe:knuckles/stone",
        "ppgwe:twinblade/stone",
        "ppgwe:spear/stone",
        "ppgwe:longsword/stone",
        "ppgwe:naginata/iron",
        "ppgwe:greatsword/iron",
        "ppgwe:halberd/iron",
        "ppgwe:battle_axe/iron",
        "ppgwe:dao/iron",
        "ppgwe:guardblade/iron",
        "ppgwe:knuckles/iron",
        "ppgwe:twinblade/iron",
        "ppgwe:spear/iron",
        "ppgwe:longsword/iron",
        "ppgwe:naginata/golden",
        "ppgwe:greatsword/golden",
        "ppgwe:halberd/golden",
        "ppgwe:battle_axe/golden",
        "ppgwe:dao/golden",
        "ppgwe:guardblade/golden",
        "ppgwe:knuckles/golden",
        "ppgwe:twinblade/golden",
        "ppgwe:spear/golden",
        "ppgwe:longsword/golden",
        "ppgwe:naginata/diamond",
        "ppgwe:greatsword/diamond",
        "ppgwe:halberd/diamond",
        "ppgwe:battle_axe/diamond",
        "ppgwe:dao/diamond",
        "ppgwe:guardblade/diamond",
        "ppgwe:knuckles/diamond",
        "ppgwe:twinblade/diamond",
        "ppgwe:spear/diamond",
        "ppgwe:longsword/diamond",
        "ppgwe:guardblade/netherite",
        "ppgwe:bow_and_crossbow_upgrade_template",
        "ppgwe:skin_template",
        "ppgwe:encased_arrow",
        "ppgwe:khopesh"
      ],
      "minecraft:custom_name": "{\"bold\":true,\"color\":\"#BA0000\",\"text\":\"PPG\\'s Weapon Compendium\"}",
      "minecraft:item_model": "ppg:we/weapon_compendium",
      "lore": [
        "{'color':'gray','italic':false,'text':'Right-click to gain all'}",
        "{'color':'gray','italic':false,'text':'recipes of the new weapon types.'}"
      ]
    }
  }
}
