{
	"pools": [
		{
			"rolls": 1,
			"entries": [
				{
					"type": "minecraft:item",
					"name": "minecraft:bundle",
					"functions": [
						{
							"function": "minecraft:set_components",
							"components": {
								"minecraft:item_model": "justjabka:atlas",
								"minecraft:item_name": "{\"translate\":\"item.atlas_jj.atlas\",\"fallback\":\"Atlas\"}",
								"minecraft:custom_data": {
									"atlas_jj.atlas": true,
									"atlas_jj.map": true
								}
							}
						}
					]
				}
			]
		}
	]
}