{
    "fallback": "minecraft:empty",
    "elements": [
        {
            "weight": 150,
            "element": {
                "projection": "rigid",
                "element_type": "minecraft:empty_pool_element"
            }
        },
        {
            "weight": 1,
            "element": {
                "location": "forsaken:homes/decoration/desert/f/1",
                "processors": "forsaken:homes/decoration/desert",
                "projection": "rigid",
                "element_type": "minecraft:single_pool_element"
            }
        },
        {
            "weight": 1,
            "element": {
                "location": "forsaken:homes/decoration/desert/f/2",
                "processors": "forsaken:homes/decoration/desert",
                "projection": "rigid",
                "element_type": "minecraft:single_pool_element"
            }
        },
        {
            "weight": 1,
            "element": {
                "location": "forsaken:homes/decoration/desert/f/3",
                "processors": "forsaken:homes/decoration/desert",
                "projection": "rigid",
                "element_type": "minecraft:single_pool_element"
            }
        },
        {
            "weight": 1,
            "element": {
                "location": "forsaken:homes/decoration/desert/f/4",
                "processors": "forsaken:homes/decoration/desert",
                "projection": "rigid",
                "element_type": "minecraft:single_pool_element"
            }
        },
        {
            "weight": 1,
            "element": {
                "location": "forsaken:homes/decoration/desert/f/5",
                "processors": "forsaken:homes/decoration/desert",
                "projection": "rigid",
                "element_type": "minecraft:single_pool_element"
            }
        },
        {
            "weight": 1,
            "element": {
                "location": "forsaken:homes/decoration/desert/f/6",
                "processors": "forsaken:homes/decoration/desert",
                "projection": "rigid",
                "element_type": "minecraft:single_pool_element"
            }
        },
        {
            "weight": 1,
            "element": {
                "location": "forsaken:homes/decoration/desert/f/7",
                "processors": "forsaken:homes/decoration/desert",
                "projection": "rigid",
                "element_type": "minecraft:single_pool_element"
            }
        },
        {
            "weight": 1,
            "element": {
                "location": "forsaken:homes/decoration/desert/f/8",
                "processors": "forsaken:homes/decoration/desert",
                "projection": "rigid",
                "element_type": "minecraft:single_pool_element"
            }
        },
        {
            "weight": 1,
            "element": {
                "location": "forsaken:homes/decoration/desert/f/9",
                "processors": "forsaken:homes/decoration/desert",
                "projection": "rigid",
                "element_type": "minecraft:single_pool_element"
            }
        },
        {
            "weight": 1,
            "element": {
                "location": "forsaken:homes/decoration/desert/f/10",
                "processors": "forsaken:homes/decoration/desert",
                "projection": "rigid",
                "element_type": "minecraft:single_pool_element"
            }
        },
        {
            "weight": 1,
            "element": {
                "location": "forsaken:homes/decoration/desert/f/11",
                "processors": "forsaken:homes/decoration/desert",
                "projection": "rigid",
                "element_type": "minecraft:single_pool_element"
            }
        },
        {
            "weight": 1,
            "element": {
                "location": "forsaken:homes/decoration/desert/f/12",
                "processors": "forsaken:homes/decoration/desert",
                "projection": "rigid",
                "element_type": "minecraft:single_pool_element"
            }
        },
        {
            "weight": 1,
            "element": {
                "location": "forsaken:homes/decoration/desert/f/13",
                "processors": "forsaken:homes/decoration/desert",
                "projection": "rigid",
                "element_type": "minecraft:single_pool_element"
            }
        }
    ]
}