{
    "condition": "minecraft:entity_properties",
    "entity": "this",
    "predicate": {
      "type": "minecraft:item",
      "slots": {
        "contents": {
          "items": "minecraft:white_banner",
          "components": {
            "minecraft:banner_patterns": [
              {
                "pattern": "minecraft:rhombus",
                "color": "cyan"
              },
              {
                "pattern": "minecraft:stripe_bottom",
                "color": "light_gray"
              },
              {
                "pattern": "minecraft:stripe_center",
                "color": "gray"
              },
              {
                "pattern": "minecraft:border",
                "color": "light_gray"
              },
              {
                "pattern": "minecraft:stripe_middle",
                "color": "black"
              },
              {
                "pattern": "minecraft:half_horizontal",
                "color": "light_gray"
              },
              {
                "pattern": "minecraft:circle",
                "color": "light_gray"
              },
              {
                "pattern": "minecraft:border",
                "color": "black"
              }
            ]
          }
        }
      }
    }
  }
  