{
    "type": "minecraft:chest",
    "pools": [
      {
        "rolls": 1,
        "entries": [
          {
            "type": "minecraft:item",
            "name": "minecraft:arrow"
          },
          {
            "type": "minecraft:item",
            "name": "minecraft:tnt"
          },
          {
            "type": "minecraft:item",
            "name": "minecraft:diamond"
          },
          {
            "type": "minecraft:item",
            "name": "minecraft:gold_ingot"
          }
        ]
      }
    ]
  }