{
	"type": "minecraft:tree",
	"config": {
		"ignore_vines": true,
		"force_dirt": false,
		"minimum_size": {
			"type": "minecraft:two_layers_feature_size",
			"min_clipped_height": 0,
			"limit": 0,
			"lower_size": 0,
			"upper_size": 0
		},
		"dirt_provider": {
			"type": "minecraft:simple_state_provider",
			"state": {
				"Name": "minecraft:dirt"
			}
		},
		"trunk_provider": {
			"type": "minecraft:simple_state_provider",
			"state": {
				"Name": "minecraft:mushroom_stem",
				"Properties": {
					"down": "true",
					"east": "true",
					"south": "true",
					"north": "true",
					"up": "true",
					"west": "true"
				}
			}
		},
		"foliage_provider": {
			"type": "minecraft:simple_state_provider",
			"state": {
				"Name": "minecraft:brown_mushroom_block",
				"Properties": {
					"down": "true",
					"east": "true",
					"north": "true",
					"south": "true",
					"up": "true",
					"west": "true"
				}
			}
		},
		"trunk_placer": {
			"type": "minecraft:straight_trunk_placer",
			"base_height": 3,
			"height_rand_a": 2,
			"height_rand_b": 3
		},
		"foliage_placer": {
			"type": "minecraft:fancy_foliage_placer",
			"radius": {
				"type": "minecraft:uniform",
				
					"min_inclusive": 2,
					"max_inclusive": 3
				
			},
			"offset": 0,
			"height": 0
		},
		"decorators": []
	}
}
