{
	"__comment": "Designed by HanFox - http://bdcraft.net",
	"textures": {
		"particle": "#texture"
	},
	"elements": [
		{
			"from": [ 5, 0, 6 ],
			"to": [ 11, 2, 10 ],
			"faces": {
				"down": { "uv": [ 10, 12, 16, 16 ], "texture": "#texture", "cullface": "down" },
				"up": { "uv": [ 10, 12, 16, 16 ], "texture": "#texture", "rotation": 180 },
				"north": { "uv": [ 16, 12, 10, 10 ], "texture": "#texture", "rotation": 180 },
				"south": { "uv": [ 16, 12, 10, 10 ], "texture": "#texture" },
				"west": { "uv": [ 4, 12, 6, 16 ], "texture": "#texture", "rotation": 90 },
				"east": { "uv": [ 6, 16, 4, 12 ], "texture": "#texture", "rotation": 90 }
			}
		}
	]
}
