{
  "name": "minecraft:ancient_city/roads",
  "fallback": "minecraft:empty",
  "elements": [
    
	{
      "weight": 1,
      "element": {
        "location": "minecraft:ancient_city/roads/ancient_citty_path_1",
        "processors": "minecraft:ancient_city_generic_degradation",
        "projection": "rigid",
        "element_type": "minecraft:single_pool_element"
      }
    },
	{
      "weight": 1,
      "element": {
        "location": "minecraft:ancient_city/roads/ancient_citty_path_2",
        "processors": "minecraft:ancient_city_generic_degradation",
        "projection": "rigid",
        "element_type": "minecraft:single_pool_element"
      }
    }
  ]
}