{
	"type": "minecraft:jigsaw",
	"biomes": "#minecraft:is_jungle",
	"step": "surface_structures",
	"spawn_overrides": {
		"monster": {
			"bounding_box": "full",
			"spawns": [
				{
					"type": "minecraft:pillager",
					"weight": 1,
					"minCount": 1,
					"maxCount": 1
				}
			]
		}
	},
	"start_pool": "imst:airship/start",
	"size": 1,
	"start_height": {
		"type": "minecraft:uniform",
		"min_inclusive": {
			"absolute": 32
		},
		"max_inclusive": {
			"absolute": 64
		}
	},
	"project_start_to_heightmap": "WORLD_SURFACE_WG",
	"max_distance_from_center": 80,
	"use_expansion_hack": false
}