{
	"type": "minecraft:jigsaw",
	"biomes": "#minecraft:has_structure/ruined_portal_swamp",
	"step": "surface_structures",
	"spawn_overrides": {},
	"terrain_adaptation": "bury",
	"start_pool": "imst:fossil/swamp",
	"size": 1,
	"start_height": {
		"type": "minecraft:biased_to_bottom",
		"min_inclusive": {
			"absolute": -20
		},
		"max_inclusive": {
			"absolute": -10
		}
	},
	"project_start_to_heightmap": "WORLD_SURFACE",
	"max_distance_from_center": 80,
	"use_expansion_hack": false
}