{
    "type":"minecraft:jigsaw",
    "biomes": "#minecraft:is_badlands",
    "spawn_overrides":{
        "monster": {
            "bounding_box": "full",
            "spawns": [
                {
                    "type": "minecraft:pillager",
                    "weight": 1,
                    "minCount": 1,
                    "maxCount": 1
                }
            ]
        }
    },
    "start_pool": "imst:train_station/start",
    "size": 5,
    "step": "surface_structures",
    	"start_height": {
		"absolute": 0
	},
    "project_start_to_heightmap": "WORLD_SURFACE_WG",
	"max_distance_from_center": 80,
	"use_expansion_hack": false
}