{
	"type": "minecraft:jigsaw",
	"biomes": "#minecraft:has_structure/ruined_portal_swamp",
	"step": "surface_structures",
	"spawn_overrides": {
		"monster": {
			"bounding_box": "full",
			"spawns": [
				{
					"type": "minecraft:witch",
					"weight": 1,
					"minCount": 1,
					"maxCount": 1
				}
			]
		}
	},
	"terrain_adaptation": "beard_thin",
	"start_pool": "imst:witch_hut/start",
	"size": 1,
	"start_height": {
		"absolute": -3
	},
	"project_start_to_heightmap": "WORLD_SURFACE",
	"max_distance_from_center": 80,
	"use_expansion_hack": false
}