{
    "type": "minecraft:jigsaw",
    "biomes": "#minecraft:has_structure/shipwreck_beached",
    "adapt_noise": false,
	"spawn_overrides": {},
    "start_pool": "revamped_shipwrecks:shipwreck/shipwreck_beached",
    "size": 2,
    "step": "surface_structures",
    "start_height": {
      "type": "minecraft:constant",
        "value": {
        "absolute": 0
      }
    },
    "project_start_to_heightmap": "OCEAN_FLOOR_WG",
    "max_distance_from_center": 50,
    "use_expansion_hack": false
}
