{
    "type": "minecraft:chest",
    "pools": [
      {
        "rolls": 1,
        "entries": [
          {
            "type": "minecraft:item",
            "name": "minecraft:totem_of_undying"
          }
        ]
      },
      {
        "bonus_rolls": 0,
        "entries": [
          {
            "type": "minecraft:item",
            "name": "minecraft:crossbow"
          }
        ],
        "rolls": {
          "type": "minecraft:uniform",
          "max": 1,
          "min": 0
        }
      },
      {
        "bonus_rolls": 0,
        "entries": [
          {
            "type": "minecraft:item",
            "functions": [
              {
                "add": false,
                "count": {
                  "type": "minecraft:uniform",
                  "max": 4,
                  "min": 2
                },
                "function": "minecraft:set_count"
              }
            ],
            "name": "minecraft:wheat",
            "weight": 7
          },
          {
            "type": "minecraft:item",
            "functions": [
              {
                "add": false,
                "count": {
                  "type": "minecraft:uniform",
                  "max": 4,
                  "min": 1
                },
                "function": "minecraft:set_count"
              }
            ],
            "name": "minecraft:potato",
            "weight": 5
          },
          {
            "type": "minecraft:item",
            "functions": [
              {
                "add": false,
                "count": {
                  "type": "minecraft:uniform",
                  "max": 4,
                  "min": 2
                },
                "function": "minecraft:set_count"
              }
            ],
            "name": "minecraft:carrot",
            "weight": 5
          }
        ],
        "rolls": {
          "type": "minecraft:uniform",
          "max": 2,
          "min": 1
        }
      },
      {
        "bonus_rolls": 0,
        "entries": [
          {
            "type": "minecraft:item",
            "functions": [
              {
                "add": false,
                "count": {
                  "type": "minecraft:uniform",
                  "max": 2,
                  "min": 1
                },
                "function": "minecraft:set_count"
              }
            ],
            "name": "minecraft:dark_oak_log"
          }
        ],
        "rolls": {
          "type": "minecraft:uniform",
          "max": 2,
          "min": 0
        }
      },
      {
        "bonus_rolls": 0,
        "entries": [
          {
            "type": "minecraft:item",
            "name": "minecraft:experience_bottle",
            "weight": 7
          },
          {
            "type": "minecraft:item",
            "functions": [
              {
                "add": false,
                "count": {
                  "type": "minecraft:uniform",
                  "max": 6,
                  "min": 1
                },
                "function": "minecraft:set_count"
              }
            ],
            "name": "minecraft:string",
            "weight": 4
          },
          {
            "type": "minecraft:item",
            "functions": [
              {
                "add": false,
                "count": {
                  "type": "minecraft:uniform",
                  "max": 7,
                  "min": 2
                },
                "function": "minecraft:set_count"
              }
            ],
            "name": "minecraft:arrow",
            "weight": 4
          },
          {
            "type": "minecraft:item",
            "functions": [
              {
                "add": false,
                "count": {
                  "type": "minecraft:uniform",
                  "max": 3,
                  "min": 1
                },
                "function": "minecraft:set_count"
              }
            ],
            "name": "minecraft:tripwire_hook",
            "weight": 2
          },
          {
            "type": "minecraft:item",
            "functions": [
              {
                "add": false,
                "count": {
                  "type": "minecraft:uniform",
                  "max": 3,
                  "min": 1
                },
                "function": "minecraft:set_count"
              }
            ],
            "name": "minecraft:iron_ingot",
            "weight": 3
          },
          {
            "type": "minecraft:item",
            "functions": [
              {
                "function": "minecraft:enchant_randomly",
                "options": "#minecraft:on_random_loot"
              }
            ],
            "name": "minecraft:book"
          }
        ],
        "rolls": {
          "type": "minecraft:uniform",
          "max": 2,
          "min": 1
        }
      },
      {
        "bonus_rolls": 0,
        "entries": [
          {
            "type": "minecraft:item",
            "name": "minecraft:goat_horn"
          }
        ],
        "functions": [
          {
            "function": "minecraft:set_instrument",
            "options": "#minecraft:regular_goat_horns"
          }
        ],
        "rolls": {
          "type": "minecraft:uniform",
          "max": 1,
          "min": 1
        }
      },
      {
        "bonus_rolls": 1,
        "entries": [
          {
            "type": "minecraft:empty",
            "weight": 1
          },
          {
            "type": "minecraft:item",
            "functions": [
              {
                "add": false,
                "count": 1,
                "function": "minecraft:set_count"
              }
            ],
            "name": "minecraft:sentry_armor_trim_smithing_template"
          }
        ],
        "rolls": 1
      }
    ]
  }