{
    "name": "shipwreck", 
    "fallback": "minecraft:empty",
    "elements": [
        {
            "weight": 1,
            "element": {
                "element_type": "minecraft:single_pool_element",
                "location": "revamped_shipwrecks:shipwreck/oak_birch/orientation/upward/sections/midsection/midsection_sunk_1",
                "projection": "rigid",
                "processors": "revamped_shipwrecks:remove_if_buried"
            }
        },
        {
            "weight": 1,
            "element": {
                "element_type": "minecraft:single_pool_element",
                "location": "revamped_shipwrecks:shipwreck/oak_birch/orientation/upward/sections/midsection/midsection_degraded_1",
                "projection": "rigid",
                "processors": "revamped_shipwrecks:remove_if_buried"
            }
        }
    ]
}