[
  {
    "function": "minecraft:set_attributes",
    "modifiers": [
      {
        "id": "movement_speed.two_handed",
        "attribute": "minecraft:movement_speed",
        "amount": -0.3,
        "operation": "add_multiplied_total",
        "slot": "mainhand"
      },
      {
        "id": "attack_speed.two_handed",
        "attribute": "minecraft:attack_speed",
        "amount": -0.5,
        "operation": "add_multiplied_total",
        "slot": "mainhand"
      }
    ],
    "replace": false
  }
]
