{
	"type": "minecraft:block_column",
	"config": {
		"direction": "down",
		"allowed_placement": {
			"type": "minecraft:all_of",
			"predicates": [
				{
					"type": "minecraft:matching_blocks",
					"offset": [
						0,
						0,
						0
					],
					"blocks": "minecraft:air"
				},
				{
                    "type": "minecraft:matching_blocks",
                    "offset": [
                        1,
                        0,
                        0
                    ],
                    "blocks": "minecraft:air"
                },
                {
                    "type": "minecraft:matching_blocks",
                    "offset": [
                        -1,
                        0,
                        0
                    ],
                    "blocks": "minecraft:air"
                },
                {
                    "type": "minecraft:matching_blocks",
                    "offset": [
                        0,
                        0,
                        1
                    ],
                    "blocks": "minecraft:air"
                },
                {
                    "type": "minecraft:matching_blocks",
                    "offset": [
                        0,
                        0,
                        -1
                    ],
                    "blocks": "minecraft:air"
                }
			]
		},
		"prioritize_tip": false,
		"layers": [
			{
				"height": {
					"type": "minecraft:biased_to_bottom",
					
						"min_inclusive": 3,
						"max_inclusive": 6
					
				},
				"provider": {
					"type": "minecraft:simple_state_provider",
					"state": {
						"Name": "minecraft:mangrove_roots",
						"Properties": {
							"waterlogged": "false"
						}
					}
				}
			}
		]
	}
}
