{
	"type": "minecraft:vegetation_patch",
	"config": {
		"surface": "floor",
		"depth": 2,
		"vertical_range": 5,
		"extra_bottom_block_chance": 0.8,
		"extra_edge_column_chance": 0.55,
		"vegetation_chance": 0.08,
		"xz_radius": {
			"type": "minecraft:uniform",
			
				"min_inclusive": 3,
				"max_inclusive": 5
			
		},
		"replaceable": "#cavernous:myst/vilegorge_pillars_replaceable",
		"ground_state": {
			"type": "minecraft:simple_state_provider",
			"state": {
				"Name": "minecraft:basalt",
				"Properties": {
					"axis": "y"
				}
			}
		},
		"vegetation_feature": {
			"feature": {
				"type": "minecraft:tree",
				"config": {
					"ignore_vines": true,
					"force_dirt": false,
					"minimum_size": {
						"type": "minecraft:two_layers_feature_size"
					},
					"dirt_provider": {
						"type": "minecraft:simple_state_provider",
						"state": {
							"Name": "minecraft:smooth_basalt",
							"Properties": {
								"axis": "y"
							}
						}
					},
					"trunk_provider": {
						"type": "minecraft:simple_state_provider",
						"state": {
							"Name": "minecraft:smooth_basalt",
							"Properties": {
								"axis": "y"
							}
						}
					},
					"foliage_provider": {
						"type": "minecraft:simple_state_provider",
						"state": {
							"Name": "minecraft:smooth_basalt",
							"Properties": {
								"axis": "y"
							}
						}
					},
					"trunk_placer": {
						"type": "minecraft:straight_trunk_placer",
						"base_height": 1,
						"height_rand_a": 0,
						"height_rand_b": 0
					},
					"foliage_placer": {
						"type": "minecraft:cherry_foliage_placer",
						"radius": 2,
						"offset": 0,
						"height": {
							"type": "minecraft:uniform",
							
								"min_inclusive": 8,
								"max_inclusive": 16
							
						},
						"wide_bottom_layer_hole_chance": 0,
						"corner_hole_chance": 0.4,
						"hanging_leaves_chance": 1,
						"hanging_leaves_extension_chance": 1
					},
					"decorators": [
						{
							"type": "minecraft:attached_to_leaves",
							"probability": 1,
							"exclusion_radius_xz": 0,
							"exclusion_radius_y": 0,
							"required_empty_blocks": 1,
							"block_provider": {
								"type": "minecraft:simple_state_provider",
								"state": {
									"Name": "minecraft:magma_block"
								}
							},
							"directions": [
								"up"
							]
						}
					]
				}
			},
			"placement": []
		}
	}
}
