{
	"type": "minecraft:waterlogged_vegetation_patch",
	"config": {
		"surface": "floor",
		"depth": 3,
		"vertical_range": 5,
		"extra_bottom_block_chance": 0.8,
		"extra_edge_column_chance": 0.55,
		"vegetation_chance": 1,
		"xz_radius": {
			"type": "minecraft:uniform",
			
				"min_inclusive": 3,
				"max_inclusive": 5
			
		},
		"replaceable": "#cavernous:myst/vilegorge_pool_replaceable",
		"ground_state": {
			"type": "minecraft:simple_state_provider",
			"state": {
				"Name": "minecraft:soul_sand"
			}
		},
		"vegetation_feature": {
			"feature": {
				"type": "minecraft:simple_block",
				"config": {
					"to_place": {
						"type": "minecraft:simple_state_provider",
						"state": {
							"Name": "minecraft:soul_sand"
						}
					}
				}
			},
			"placement": [
				{
					"type": "minecraft:block_predicate_filter",
					"predicate": {
						"type": "minecraft:any_of",
						"predicates": [
							{
								"type": "minecraft:matching_blocks",
								"offset": [
									1,
									0,
									0
								],
								"blocks": "minecraft:magma_block"
							},
							{
								"type": "minecraft:matching_blocks",
								"offset": [
									-1,
									0,
									0
								],
								"blocks": "minecraft:magma_block"
							},
							{
								"type": "minecraft:matching_blocks",
								"offset": [
									0,
									0,
									1
								],
								"blocks": "minecraft:magma_block"
							},
							{
								"type": "minecraft:matching_blocks",
								"offset": [
									0,
									0,
									-1
								],
								"blocks": "minecraft:magma_block"
							}
						]
					}
				}
			]
		}
	}
}
