{
  "temperature": 0.5,
  "downfall": 0.5,
  "has_precipitation": false,
  "temperature_modifier": "none",
  "creature_spawn_probability": 0,
  "effects": {
    "sky_color": 0,
    "fog_color": 3934292,
    "water_color": 4194686,
    "water_fog_color": 3605082,
    "grass_color": 16766208,
    "foliage_color": 15251248,
    "grass_color_modifier": "none",
    "mood_sound": {
      "sound": "minecraft:ambient.cave",
      "tick_delay": 3000,
      "block_search_extent": 8,
      "offset": 2
    }
  },
  "spawners": {},
  "spawn_costs": {},
  "carvers": [],
  "features": []
}
