[
    {
      "condition": "minecraft:any_of",
      "terms": [
        {
          "condition": "minecraft:reference",
          "name": "mcs_nether:attacks/score"
        },
        {
          "condition": "minecraft:reference",
          "name": "mcs_nether:state/is_on_ground"
        },
        {
          "condition": "minecraft:inverted",
          "term": {
            "condition": "minecraft:reference",
            "name": "mcs_nether:blocks/lava"
          }
        }
      ]
    }
  ]