{
  "ticks_between_spawn": 4,
  "spawn_potentials": [
    {
      "data": {
        "entity": {
          "HandDropChances": [
            0
          ],
          "attributes": [
            {
              "id": "max_health",
              "base": 200
            },
            {
              "id": "scale",
              "base": 3
            },
            {
              "id": "attack_damage",
              "base": 16
            },
            {
              "id": "follow_range",
              "base": 100
            }
          ],
          "id": "minecraft:phantom",
          "Health": 200,
          "Tags": [
            "phantom_boss"
          ],
          "HandItems": [
            {
              "components": {
                "minecraft:enchantments": {
                  "levels": {
                    "nova_structures:boss_behaviour": 1
                  }
                }
              },
              "Count": 1,
              "id": "stick"
            },
            {}
          ]
        }
      },
      "weight": 1
    }
  ],
  "loot_tables_to_eject": [
    {
      "data": "nova_structures:spawners/end_castle/spawner_boss",
      "weight": 1
    }
  ],
  "simultaneous_mobs": 1,
  "simultaneous_mobs_added_per_player": 0.2,
  "total_mobs_added_per_player": 0.2,
  "total_mobs": 1
}