{
  "type": "minecraft:command",
  "pools": [
    {
      "rolls": 1,
      "entries": [
        {
          "type": "minecraft:item",
          "name": "minecraft:structure_block",
          "functions": [
            {
              "function": "minecraft:set_components",
              "components": {
                "minecraft:item_name": "{\"translate\":\"mmdp.deformation:item.deformation_key\"}",
                "minecraft:item_model": "mmdp.deformation:deformation_key",
                "minecraft:custom_data": "{ctc:{id:\"deformation_key\",from:\"mmdp:deformation\",traits:{\"item\":1b}},smithed:{ignore:{functionality:1b,crafting:1b}},mmdp:{deformation:{deformation_key:2b}}}",
                "minecraft:rarity": "common",
                "minecraft:max_stack_size": 16
              }
            }
          ]
        }
      ]
    }
  ]
}
