{
  "type": "minecraft:command",
  "pools": [
    {
      "rolls": 1,
      "entries": [
        {
          "type": "minecraft:item",
          "name": "minecraft:player_head"
        }
      ],
      "functions": [
        {
          "function": "minecraft:set_components",
          "components": {
            "minecraft:custom_data": {
              "betterfurnace": {
                "custom_block": 1,
                "id": "diamond_furnace"
              }
            },
            "minecraft:item_name": "\"Diamond Furnace\"",
            "minecraft:profile": {
              "id": [
                106477804,
                96423650,
                -2021886691,
                -11073157
              ],
              "properties": [
                {
                  "name": "textures",
                  "value": "eyJ0ZXh0dXJlcyI6eyJTS0lOIjp7InVybCI6Imh0dHA6Ly90ZXh0dXJlcy5taW5lY3JhZnQubmV0L3RleHR1cmUvYTA0N2JkYjEyOGU5MGRhZTdhNmVlNGZkNTgyZTc2NzYyYmZlNDMxYjg3OTMwNTEzYWQwNTJiZTBhNWYwOGQyYSJ9fX0="
                }
              ]
            }
          }
        }
      ]
    }
  ]
}