{
    "display": {
        "icon": {
            "id": "minecraft:stone_pickaxe",
            "components": {
                "minecraft:enchantment_glint_override": false,
                "custom_model_data": 930033
            }
        },
        "title": "Loot Bags",
        "description": "§7Treasures, surprises, and unexpected traps await!",
        "show_toast": false,
        "announce_to_chat": false
    },
    "parent": "global:sk",
    "criteria": {
        "trigger": {
            "trigger": "minecraft:tick"
        }
    }
}