{
    "criteria": {
      "requirement": {
        "trigger": "minecraft:item_used_on_block",
        "conditions": {
          "location": [
            {
              "condition": "minecraft:location_check",
              "predicate": {
                "block": {}
              }
            },
            {
              "condition": "minecraft:match_tool",
              "predicate": {
                "items": "minecraft:wolf_spawn_egg",
                "predicates": {
                  "minecraft:custom_data": "{mcs_nether.spawn_egg:2b}"
                }
              }
            }
          ]
        }
      }
    },
    "rewards": {
      "function": "mcs_nether:items/spawn_egg/global"
    }
}