{
  "elements": [
    {
      "element": {
        "element_type": "minecraft:empty_pool_element"
      },
      "weight": 40
    },
    {
      "element": {
        "element_type": "minecraft:single_pool_element",
        "location": "pale_formations:haunt/haunt_trail_wall",
        "processors": "pale_formations:haunt/haunt_trail_decor",
        "projection": "rigid"
      },
      "weight": 8
    },
    {
      "element": {
        "element_type": "minecraft:single_pool_element",
        "location": "pale_formations:haunt/haunt_trail_lamp",
        "processors": "pale_formations:haunt/haunt_trail_decor",
        "projection": "rigid"
      },
      "weight": 6
    },
    {
      "element": {
        "element_type": "minecraft:single_pool_element",
        "location": "pale_formations:haunt/haunt_trail_lamp_fallen",
        "processors": "pale_formations:haunt/haunt_trail_decor",
        "projection": "terrain_matching"
      },
      "weight": 3
    },
    {
      "element": {
        "element_type": "minecraft:single_pool_element",
        "location": "pale_formations:haunt/haunt_trail_bench",
        "processors": "pale_formations:haunt/haunt_trail_decor",
        "projection": "rigid"
      },
      "weight": 2
    },
    {
      "element": {
        "element_type": "minecraft:single_pool_element",
        "location": "pale_formations:haunt/haunt_trail_catchment",
        "processors": "pale_formations:haunt/haunt_trail_decor",
        "projection": "rigid"
      },
      "weight": 1
    }
  ],
  "fallback": "minecraft:empty"
}