{
  "elements": [
    {
      "element": {
        "element_type": "minecraft:single_pool_element",
        "location": "pale_formations:tree_fraud/tree_fraud_additions_1",
        "processors": "pale_formations:tree_fraud/tree_fraud",
        "projection": "rigid"
      },
      "weight": 4
    },
    {
      "element": {
        "element_type": "minecraft:single_pool_element",
        "location": "pale_formations:tree_fraud/tree_fraud_additions_2",
        "processors": "pale_formations:tree_fraud/tree_fraud",
        "projection": "rigid"
      },
      "weight": 4
    },
    {
      "element": {
        "element_type": "minecraft:single_pool_element",
        "location": "pale_formations:tree_fraud/tree_fraud_additions_3",
        "processors": "pale_formations:tree_fraud/tree_fraud",
        "projection": "rigid"
      },
      "weight": 4
    },
    {
      "element": {
        "element_type": "minecraft:single_pool_element",
        "location": "pale_formations:tree_fraud/tree_fraud_additions_4",
        "processors": "pale_formations:tree_fraud/tree_fraud",
        "projection": "rigid"
      },
      "weight": 4
    },
    {
      "element": {
        "element_type": "minecraft:single_pool_element",
        "location": "pale_formations:tree_fraud/tree_fraud_top_1",
        "processors": "pale_formations:tree_fraud/tree_fraud",
        "projection": "rigid"
      },
      "weight": 1
    },
    {
      "element": {
        "element_type": "minecraft:single_pool_element",
        "location": "pale_formations:tree_fraud/tree_fraud_top_2",
        "processors": "pale_formations:tree_fraud/tree_fraud",
        "projection": "rigid"
      },
      "weight": 1
    },
    {
      "element": {
        "element_type": "minecraft:single_pool_element",
        "location": "pale_formations:tree_fraud/tree_fraud_top_3",
        "processors": "pale_formations:tree_fraud/tree_fraud",
        "projection": "rigid"
      },
      "weight": 1
    },
    {
      "element": {
        "element_type": "minecraft:single_pool_element",
        "location": "pale_formations:tree_fraud/tree_fraud_top_5",
        "processors": "pale_formations:tree_fraud/tree_fraud",
        "projection": "rigid"
      },
      "weight": 1
    }
  ],
  "fallback": "minecraft:empty"
}