{
    "criteria": {
      "1": {
        "trigger": "minecraft:inventory_changed",
        "conditions": {
          
          "player":
          [{
            "condition": "reference",
            "name":"spellbound_weapons:weapons_achieveable" 
          }],
          "items": [
           
            {
              
              "items": [
                "minecraft:bamboo"
              ]
            }
          ]
        }
      },
      "2": {
        "trigger": "minecraft:inventory_changed",
        "conditions": {
          
          "player":
          [{
            "condition": "reference",
            "name":"spellbound_weapons:weapons_achieveable" 
          }],
          "items": [
            {
              "items": [
                "minecraft:bamboo_block"
              ]
            }
          ]
        }
      }
    },
    "requirements": [
      [
        "1",
        "2"
      ]
      
    ]
    ,
    "rewards": {
      "recipes": [
        "spellbound_weapons:blowgun"
      ]
    }
  }
  