{
  "values": [

          {"id": "minecraft:desert","required":false},
          {"id": "terralith:desert_canyon","required":false},
          {"id": "terralith:desert_oasis","required":false},
          {"id": "terralith:desert_spires","required":false},
          {"id": "tectonic:desert_dunes","required":false},
          {"id": "tectonic:sandstone_cliffs","required":false},
          {"id": "terralith:lush_desert","required":false},
          {"id": "minecraft:badlands","required":false},
          {"id": "minecraft:eroded_badlands","required":false},
          {"id": "minecraft:wooded_badlands","required":false},
          {"id": "terralith:bryce_canyon","required": false}
  ]   
}
