{
	"temperature": 2,
	"downfall": 0,
	"has_precipitation": false,
  "effects": {
    "additions_sound": {
      "sound": "minecraft:ambient.crimson_forest.additions",
      "tick_chance": 0.0111
    },
    "ambient_sound": "minecraft:ambient.crimson_forest.loop",
    "fog_color": 3343107,
    "mood_sound": {
      "block_search_extent": 8,
      "offset": 2,
      "sound": "minecraft:ambient.crimson_forest.mood",
      "tick_delay": 6000
    },
    "music": [
      {
        "data": {
          "max_delay": 24000,
          "min_delay": 12000,
          "replace_current_music": false,
          "sound": "minecraft:music.nether.crimson_forest"
        },
        "weight": 1
      }
    ],
    "music_volume": 1,
    "particle": {
      "options": {
        "type": "minecraft:crimson_spore"
      },
      "probability": 0.025
    },
    "sky_color": 7254527,
    "water_color": 4159204,
    "water_fog_color": 329011
  },
	"carvers": "minecraft:nether_cave",
	"features": [
		[],
		[],
		[],
		[],
		[],
		[],
		[],
		[
			"minecraft:spring_open",
			"minecraft:patch_fire",
			"minecraft:glowstone_extra",
			"minecraft:glowstone",
			"minecraft:ore_magma",
			"minecraft:spring_closed",
			"minecraft:ore_gravel_nether",
			"minecraft:ore_blackstone",
			"minecraft:ore_gold_nether",
			"minecraft:ore_quartz_nether",
			"minecraft:ore_ancient_debris_large",
			"minecraft:ore_debris_small"
		],
		[],
		[
			"minecraft:spring_lava",
			"minecraft:brown_mushroom_normal",
			"minecraft:red_mushroom_normal",
			"minecraft:weeping_vines",
      "hearths:minecraft/crimson_forest/tall_fungi",
			"minecraft:crimson_fungi",
      "hearths:minecraft/crimson_forest/rocks",
			"hearths:minecraft/crimson_forest/stems",
			"hearths:minecraft/crimson_forest/vegetation"
		]
	],
	"spawn_costs": {},
	"spawners": {
		"ambient": [],
		"axolotls": [],
		"creature": [
			{
				"type": "minecraft:strider",
				"weight": 60,
				"minCount": 1,
				"maxCount": 2
			}
		],
		"misc": [],
		"monster": [
			{
				"type": "minecraft:zombified_piglin",
				"weight": 1,
				"minCount": 2,
				"maxCount": 4
			},
			{
				"type": "minecraft:hoglin",
				"weight": 9,
				"minCount": 3,
				"maxCount": 4
			},
			{
				"type": "minecraft:piglin",
				"weight": 5,
				"minCount": 3,
				"maxCount": 4
			}
		],
		"underground_water_creature": [],
		"water_ambient": [],
		"water_creature": []
	}
}