[
    {
      "function": "minecraft:set_item",
      "item": "minecraft:poisonous_potato"
    },
    {
      "function": "minecraft:set_components",
      "components": {
        "minecraft:item_name": "\"Fire Charged Upgrade\"",
        "minecraft:rarity": "uncommon",
        "minecraft:damage_resistant": {
          "types": "#minecraft:is_fire"
        },
        "minecraft:custom_data": "{mcs_nether.item:1b,mcs_fire_charged_upgrade_smithing_template:2b}",
        "minecraft:item_model": "mcs_nether:item/smithing_template/fire_charge_upgrade",
        "!minecraft:consumable": {}
      }
    },
    {
      "function": "minecraft:set_lore",
      "entity": "this",
      "lore": [
        {
          "text": "Smithing Template",
          "color": "gray",
          "italic": false
        },
        {
          "text": "*",
          "color": "black"
        },
        {
          "text": "Applies to:",
          "extra": [" Shield"],
          "color": "blue",
          "italic": false
        },
        {
          "text": "Ingredients:",
          "extra": [
            {
              "text": " x2 Blaze Rod",
              "color": "blue"
            }
          ],
          "color": "gray",
          "italic": false
        }
      ],
      "mode": "replace_all"
    }
  ]
  