{
  "display": {
    "icon": {
      "id": "minecraft:potion",
      "count": 1
    },
    "title": {
      "text": "Water Swamps.."
    },
    "description": {
      "text": "Find the Mangrove Mud Well"
    },
    "frame": "goal",
    "show_toast": true,
    "announce_to_chat": true,
    "hidden": true
  },
  "parent": "minecraft:husbandry/tadpole_in_a_bucket",
  "criteria": {
    "barco_prismarina": {
      "trigger": "minecraft:location",
      "conditions": {
        "player": [
          {
            "condition": "minecraft:entity_properties",
            "entity": "this",
            "predicate": {
              "location": {
                "structures": "luistercorp:mangrove_well"
              }
            }
          }
        ]
      }
    }
  },
  "sends_telemetry_event": true
}