{
    "placement": {
        "type": "minecraft:random_spread",
        "salt": 8753, 
        "separation": 1,
        "spacing": 3,
        "spread_type": "triangular",
        "predicate": {
            "type": "minecraft:matching_blocks",
            "offset": [
              0,
              -1,
              0
            ],
            "blocks": [
              "minecraft:grass_block"
            ]
          }
    },
    "structures": [
        {
            "structure": "minlog:cherry_fallen_tree",
            "weight": 1
        }
    ]
}