{
    "placement": {
        "type": "minecraft:random_spread",
        "salt": 3643, 
        "separation": 1,
        "spacing": 3,
        "spread_type": "triangular",
        "predicates": [
            {
              "type": "minecraft:replaceable"
            },
            {
              "type": "minecraft:matching_blocks",
              "offset": [
                0,
                -1,
                0
              ],
              "blocks": [
                "minecraft:grass_block",
                "minecraft:stone",
                "minecraft:gravel"
              ]
            }
          ]
    },
    "structures": [
        {
            "structure": "minlog:spruce_fallen_tree",
            "weight": 1
        }
    ]
}