{
  "replace": false,
  "values": [
    "minecraft:cherry_grove",
    {
        "id": "terrestria:japanese_maple_forest",
        "required": false
    },
    {
        "id": "terrestria:sakura_forest",
        "required": false
    },
    {
        "id": "terralith:blooming_plateau",
        "required": false
    },
    {
        "id": "terralith:sakura_grove",
        "required": false
    },
    {
        "id": "terralith:sakura_valley",
        "required": false
    }
  ]
}
