{
  "replace": false,
  "values": [
    "minecraft:forest",
    {
        "id": "terralith:shield_clearing",
        "required": false
    },
    {
        "id": "terralith:yosemite_lowlands",
        "required": false
    },
    {
        "id": "nyctophobia:deep_dark_forest",
        "required": false
    },
    {
        "id": "traverse:autumnal_woods",
        "required": false
    },
    {
        "id": "traverse:woodlands",
        "required": false
    },
    {
        "id": "terrestria:cypress_forest",
        "required": false
    },
    {
        "id": "terrestria:dense_woodlands",
        "required": false
    }
  ]
}
