{
  "replace": false,
  "values": [
    "minecraft:snowy_plains",
    "minecraft:ice_spikes",
    "minecraft:snowy_taiga",
    "minecraft:snowy_slopes",
    "minecraft:frozen_peaks",
    "minecraft:snowy_beach",
    {
        "id": "terralith:alpine_grove",
        "required": false
    },
    {
        "id": "terralith:cold_shrubland",
        "required": false
    },
    {
        "id": "terralith:ice_marsh",
        "required": false
    },
    {
        "id": "terralith:siberian_grove",
        "required": false
    },
    {
        "id": "terralith:snowy_badlands",
        "required": false
    },
    {
        "id": "terralith:snowy_cherry_grove",
        "required": false
    },
    {
        "id": "terralith:snowy_maple_forest",
        "required": false
    },
    {
        "id": "terralith:wintry_forest",
        "required": false
    },
    {
        "id": "terralith:wintry_lowlands",
        "required": false
    },
    {
        "id": "traverse:snowy_coniferous_forest",
        "required": false
    },
    {
        "id": "terrestria:caldera",
        "required": false
    },
    {
        "id": "terrestria:snowy_hemlock_forest",
        "required": false
    }
  ]
}
