{
  "replace": false,
  "values": [
    "minecraft:savanna",
    "minecraft:savanna_plateau",
	"minecraft:windswept_savanna",
    {
        "id": "terralith:arid_highlands",
        "required": false
    },
    {
        "id": "terralith:hot_shrubland",
        "required": false
    },
    {
        "id": "terralith:savanna_badlands",
        "required": false
    },
    {
        "id": "terralith:savanna_slopes",
        "required": false
    },
    {
        "id": "terrestria:outback",
        "required": false
    }
  ]
}
