{
  "criteria": {
    "requirement": {
      "trigger": "minecraft:player_hurt_entity",
      "conditions": {
        "player": [













          {
            "condition": "minecraft:inverted",
            "term": {
              "condition": "minecraft:entity_properties",
              "entity": "this",
              "predicate": {
                "type_specific": {
                  "type": "player",
                  "gamemode": ["creative"]
                }
              }
            }
          }
        ],
        "entity": [
          {
            "condition": "minecraft:entity_properties",
            "entity": "this",
            "predicate": {
              "type": "minecraft:creeper",
              "nbt": "{Tags:[\"fkbm.creeper.unstable\"]}"
            }
          }
        ]
      }
    }
  },
  "rewards": {
    "function": "fkbm:adv/mobs/creeper_unstable_adv"
  }
}