{
  "criteria": {
    "requirement": {
      "trigger": "minecraft:entity_hurt_player",
      "conditions": {
        "player": [













          {
            "condition": "minecraft:reference",
            "name": "fkbmtool:entity/standing/in_water_feet"
          }
        ],
        "damage": {
          "source_entity": {
            "type": "minecraft:drowned",
            "nbt": "{Tags:[\"fkbm.drowned.hitslow\"]}"
          }
        }
      }
    }
  },
  "rewards": {
    "function": "fkbm:systems/mobs/loop/skill/drowned/hit_slow"
  }
}