{
  "criteria": {
    "requirement": {
      "trigger": "minecraft:location",
      "conditions": {
        "player": [













          {
            "condition": "minecraft:entity_properties",
            "entity": "this",
            "predicate": {
              "type_specific": {
                "type": "minecraft:player",
                "looking_at": {
                  "type": "minecraft:enderman",
                  "nbt": "{Tags:[\"fkbm.enderman.lookfreeze\"]}",
                  "targeted_entity": {
                    "type": "minecraft:player"
                  }
                }
              }
            }
          }
        ]
      }
    }
  },
  "rewards": {
    "function": "fkbm:systems/mobs/loop/skill/enderman/lookfreeze"
  }
}