{
  "criteria": {
    "requirement": {
      "trigger": "minecraft:player_hurt_entity",
      "conditions": {
        "player": [],














        "entity": [
          {
            "condition": "minecraft:entity_properties",
            "entity": "this",
            "predicate": {
              "type": "minecraft:piglin_brute",
              "nbt": "{Tags:[\"fkbm.piglin_brute.berserk\"]}"
            }
          }
        ]
      }
    }
  },
  "rewards": {
    "function": "fkbm:systems/mobs/loop/skill/piglin_brute/berserk_check"
  }
}