{
  "criteria": {
    "requirement": {
      "trigger": "minecraft:entity_hurt_player",
      "conditions": {
        "player": [













          {
            "condition": "minecraft:reference",
            "name": "fkbmtool:rng/20"
          }
        ],
        "damage": {
          "blocked": false,
          "source_entity": {
            "type": "minecraft:vindicator",
            "nbt": "{Tags:[\"fkbm.vindicator.worker\"]}"
          }
        }
      }
    }
  },
  "rewards": {
    "function": "fkbm:systems/mobs/loop/skill/vindicator/stun"
  }
}