{
  "criteria": {
    "requirement": {
      "trigger": "minecraft:player_hurt_entity",
      "conditions": {
         "player": [
            {
              "condition": "minecraft:reference",
              "name": "fkbmtool:rng/20"
            }












         ],
        "entity": [
          {
            "condition": "minecraft:entity_properties",
            "entity": "this",
            "predicate": {
              "type": "minecraft:vindicator",
              "nbt": "{Tags:[\"fkbm.vindicator.rage\"]}"
            }
          }
        ]
      }
    }
  },
  "rewards": {
    "function": "fkbm:systems/mobs/loop/skill/vindicator/rage_check"
  }
}