{
    "values":[
      { "id": "minecraft:bogged", "required": true },
      { "id": "minecraft:skeleton", "required": true },
      { "id": "minecraft:stray", "required": true },
      { "id": "minecraft:witch", "required": true},
      { "id": "minecraft:phantom", "required": true},
      { "id": "minecraft:drowned", "required": true},
      { "id": "minecraft:husk", "required": true},
      { "id": "minecraft:zoglin", "required": true},
      { "id": "minecraft:zombie_villager", "required": true},
      { "id": "minecraft:zombie", "required": true},
      { "id": "minecraft:zombified_piglin", "required": true},
      { "id": "minecraft:cave_spider", "required": true},
      { "id": "minecraft:silverfish", "required": true},
      { "id": "minecraft:slime", "required": true},
      { "id": "minecraft:enderman", "required": true},
      { "id": "minecraft:creeper", "required": true},
      { "id": "creeperoverhaul:badlands_creeper", "required": false},
      { "id": "creeperoverhaul:bamboo_creeper", "required": false},
      { "id": "creeperoverhaul:beach_creeper", "required": false},
      { "id": "creeperoverhaul:cave_creeper", "required": false},
      { "id": "creeperoverhaul:dark_oak_creeper", "required": false},
      { "id": "creeperoverhaul:desert_creeper", "required": false},
      { "id": "creeperoverhaul:dripstone_creeper", "required": false},
      { "id": "creeperoverhaul:hills_creeper", "required": false},
      { "id": "creeperoverhaul:jungle_creeper", "required": false},
      { "id": "creeperoverhaul:savannah_creeper", "required": false},
      { "id": "creeperoverhaul:snowy_creeper", "required": false},
      { "id": "creeperoverhaul:spruce_creeper", "required": false},
      { "id": "creeperoverhaul:swamp_creeper", "required": false}
    ]
  }
  