{
    "name": "shipwreck", 
    "fallback": "minecraft:empty",
    "elements": [
        {
            "weight": 1,
            "element": {
                "element_type": "minecraft:single_pool_element",
                "location": "revamped_shipwrecks:shipwreck/dark_oak_spruce/orientation/onleftside/sections/backend/backend_debris_1",
                "projection": "rigid",
                "processors": "revamped_shipwrecks:remove_if_buried"
            }
        },
        {
            "weight": 1,
            "element": {
                "element_type": "minecraft:single_pool_element",
                "location": "revamped_shipwrecks:shipwreck/dark_oak_spruce/orientation/onleftside/sections/backend/backend_debris_2",
                "projection": "rigid",
                "processors": "revamped_shipwrecks:remove_if_buried"
            }
        }
    ]
}