{
  "elements": [
    {
      "element": {
        "element_type": "minecraft:single_pool_element",
        "location": "pale_formations:waterhole/large_waterhole",
        "processors": "pale_formations:waterhole/large_waterhole",
        "projection": "rigid"
      },
      "weight": 1
    },
    {
      "element": {
        "element_type": "minecraft:single_pool_element",
        "location": "pale_formations:waterhole/small_waterhole",
        "processors": "pale_formations:waterhole/small_waterhole",
        "projection": "rigid"
      },
      "weight": 1
    }
  ],
  "fallback": "minecraft:empty"
}