{
    "replace": false,
    "values": [
        "minecraft:forest",
        "minecraft:flower_forest",
        {
            "id": "regions_unexplored:autumnal_maple_forest",
            "required": false
        },
        {
            "id": "regions_unexplored:maple_forest",
            "required": false
        },
        {
            "id": "regions_unexplored:orchard",
            "required": false
        },
        {
            "id": "regions_unexplored:deciduous_forest",
            "required": false
        },
        {
            "id": "regions_unexplored:temperate_grove",
            "required": false
        },
        {
            "id": "biomeswevegone:orchard",
            "required": false
        },
        {
            "id": "biomeswevegone:red_oak_forest",
            "required": false
        },
        {
            "id": "biomeswevegone:autumnal_forest",
            "required": false
        },
        {
            "id": "biomesoplenty:woodland",
            "required": false
        },
        {
            "id": "biomesoplenty:old_growth_woodland",
            "required": false
        },
        {
            "id": "natures_spirit:shrubby_highlands",
            "required": false
        },
        {
            "id": "natures_spirit:cypress_fields",
            "required": false
        }
    ]
}