{
    "replace": false,
    "values": [
        "minecraft:snowy_plains",
        "minecraft:grove",
        {
            "id": "terralith:wintry_lowlands",
            "required": false
        },
        {
            "id": "terralith:alpine_grove",
            "required": false
        },
        {
            "id": "regions_unexplored:frozen_tundra",
            "required": false
        },
        {
            "id": "biomesoplenty:snowy_fir_clearing",
            "required": false
        }
    ]
}