{
    "replace": false,
    "values": [
        {
            "id": "#minecraft:is_badlands",
            "required": false
        },
        {
            "id": "#c:badlands",
            "required": false
        },
        {
            "id": "terralith:snowy_badlands",
            "required": false
        },
        {
            "id": "regions_unexplored:outback",
            "required": false
        },
        {
            "id": "regions_unexplored:saguaro_desert",
            "required": false
        },
        {
            "id": "terrestria:outback",
            "required": false
        },
        {
            "id": "natures_spirit:blooming_dunes",
            "required": false
        },
        {
            "id": "natures_spirit:lively_dunes",
            "required": false
        },
        {
            "id": "natures_spirit:stratified_desert",
            "required": false
        }
    ]
}