[
  {
    "function": "minecraft:set_enchantments",
    "enchantments": {
      "minecraft:protection": {
        "type": "minecraft:score",
        "target": "this",
        "score": "protection"
      },
      "minecraft:thorns": {
        "type": "minecraft:score",
        "target": "this",
        "score": "thorns"
      },
      "minecraft:feather_falling": {
        "type": "minecraft:score",
        "target": "this",
        "score": "feather_falling"
      }
    }
  }
]