{
  "pools": [
    {
      "rolls": {
        "type": "minecraft:binomial",
        "n": {
          "type": "minecraft:storage",
          "storage": "mt:settings",
          "path": "progression"
        },
        "p": {
          "type": "minecraft:score",
          "target": "this",
          "score": "mt.total",
          "scale": 0.000001
        }
      },
      "bonus_rolls": {
        "min": 1,
        "max": 6
      },
      "entries": [
        {
          "type": "minecraft:loot_table",
          "value": "mt:charms/legendary",
          "conditions": [
            {
              "condition": "minecraft:value_check",
              "value": {
                "type": "minecraft:score",
                "target": {
                  "type": "minecraft:fixed",
                  "name": "#disable_legendary_charm"
                },
                "score": "mt.constant"
              },
              "range": 0
            },
            {
              "condition": "minecraft:random_chance",
              "chance": 0.1
            }
          ]
        },
        {
          "type": "minecraft:item",
          "name": "minecraft:pointed_dripstone",
          "weight": 3,
          "functions": [
            {
              "function": "minecraft:set_count",
              "count": {
                "min": 12,
                "max": 24
              }
            }
          ]
        },
        {
          "type": "minecraft:item",
          "name": "minecraft:globe_banner_pattern",
          "weight": 1,
          "functions": [
            {
              "function": "minecraft:set_count",
              "count": {
                "min": 1,
                "max": 3
              }
            },
            {
              "function": "minecraft:set_name",
              "name": [
                {
                  "text": "Dripstone Rain",
                  "color": "gold",
                  "italic": false
                }
              ]
            },
            {
              "function": "minecraft:set_lore",
              "lore": [
                {
                  "text": "RUNE",
                  "color": "gold",
                  "bold": true,
                  "italic": false
                },
                {
                  "text": " ",
                  "color": "gray",
                  "italic": false
                },
                {
                  "text": "Ability:",
                  "color": "green",
                  "italic": false
                },
                {
                  "text": "When activated Dripstone falls ",
                  "color": "gray",
                  "italic": false
                },
                {
                  "text": "15 blocks ahead, increasing in ",
                  "color": "gray",
                  "italic": false
                },
                {
                  "text": "width per 5th block. ",
                  "color": "gray",
                  "italic": false
                }
              ],
              "mode": "replace_all"
            },
            {
              "function": "minecraft:set_components",
              "components": {
                "max_stack_size": 16,
                "minecraft:consumable": {
                  "consume_seconds": 0,
                  "sound": "intentionally_empty",
                  "has_consume_particles": false
                },
                "minecraft:use_cooldown": {
                  "seconds": 5,
                  "cooldown_group": "mt:rune"
                },
                "minecraft:enchantment_glint_override": true,
                "minecraft:custom_data": {}
              }
            }
          ],
          "conditions": [
            {
              "condition": "minecraft:entity_scores",
              "entity": "this",
              "scores": {
                "mt.total": {
                  "min": 700000
                }
              }
            }
          ]
        },
        {
          "type": "minecraft:item",
          "name": "minecraft:golden_apple",
          "weight": 3,
          "functions": [
            {
              "function": "minecraft:set_count",
              "count": {
                "min": 1,
                "max": 2
              }
            }
          ]
        },
        {
          "type": "minecraft:item",
          "name": "minecraft:enchanted_golden_apple",
          "weight": 1,
          "functions": [
            {
              "function": "minecraft:set_count",
              "count": {
                "min": 1,
                "max": 3
              }
            }
          ]
        },
        {
          "type": "minecraft:item",
          "name": "minecraft:gold_block",
          "weight": 3,
          "functions": [
            {
              "function": "minecraft:set_count",
              "count": {
                "min": 3,
                "max": 6
              }
            }
          ]
        },
        {
          "type": "minecraft:item",
          "name": "minecraft:copper_block",
          "weight": 3,
          "functions": [
            {
              "function": "minecraft:set_count",
              "count": {
                "min": 6,
                "max": 12
              }
            }
          ]
        },
        {
          "type": "minecraft:item",
          "name": "minecraft:diamond",
          "weight": 2,
          "functions": [
            {
              "function": "minecraft:set_count",
              "count": {
                "min": 12,
                "max": 24
              }
            }
          ]
        },
        {
          "type": "minecraft:item",
          "name": "minecraft:netherite_scrap",
          "weight": 2,
          "functions": [
            {
              "function": "minecraft:set_count",
              "count": {
                "min": 2,
                "max": 4
              }
            }
          ]
        },
        {
          "type": "minecraft:item",
          "name": "minecraft:leather_boots",
          "weight": 1,
          "functions": [
            {
              "function": "minecraft:set_count",
              "count": 1
            },
            {
              "function": "minecraft:set_components",
              "components": {
                "minecraft:repair_cost": 99999,
                "minecraft:unbreakable": {
                  "show_in_tooltip": false
                },
                "minecraft:enchantments": {
                  "minecraft:feather_falling": 7
                },
                "minecraft:custom_name": "{\"text\":\"Pointed Boots\",\"color\":\"light_purple\",\"italic\":false}",
                "minecraft:lore": [
                  "{\"text\":\" \"}",
                  "{\"text\":\"Ability:\",\"color\":\"green\",\"italic\":false}",
                  "{\"text\":\"Falling a distance which exceeds \",\"color\":\"gray\",\"italic\":false}",
                  "{\"text\":\"10 blocks or higher will convert\",\"color\":\"gray\",\"italic\":false}",
                  "{\"text\":\"the fall damage into damage in a\",\"color\":\"gray\",\"italic\":false}",
                  "{\"text\":\"small area. One use only.\",\"color\":\"gray\",\"italic\":false}"
                ],
                "minecraft:dyed_color": {
                  "rgb": 14388552,
                  "show_in_tooltip": false
                },
                "minecraft:custom_data": {}
              }
            }
          ]
        },
        {
          "type": "minecraft:item",
          "name": "minecraft:iron_block",
          "weight": 3,
          "functions": [
            {
              "function": "minecraft:set_count",
              "count": {
                "min": 3,
                "max": 6
              }
            }
          ],
          "conditions": [
            {
              "condition": "minecraft:entity_scores",
              "entity": "this",
              "scores": {
                "mt.total": {
                  "max": 699999
                }
              }
            }
          ]
        },
        {
          "type": "minecraft:item",
          "name": "minecraft:stone_pickaxe",
          "weight": 1,
          "functions": [
            {
              "function": "minecraft:set_enchantments",
              "enchantments": {
                "minecraft:efficiency": {
                  "min": 7,
                  "max": 9
                }
              }
            },
            {
              "function": "minecraft:set_components",
              "components": {
                "minecraft:repair_cost": 99999,
                "minecraft:unbreakable": {},
                "minecraft:custom_name": "{\"text\":\"Stone Driller\",\"color\":\"gold\",\"italic\":false}",
                "minecraft:lore": [
                  "{\"text\":\" \"}",
                  "{\"text\":\"Ability:\",\"color\":\"green\",\"italic\":false}",
                  "{\"text\":\"Insta-mines dirt and other blocks \",\"color\":\"gray\",\"italic\":false}"
                ],
                "minecraft:custom_data": {
                  "tool": "mt.stone_driller"
                },
                "minecraft:tool": {
                  "rules": [
                    {
                      "blocks": [
                        "minecraft:stone",
                        "minecraft:diorite",
                        "minecraft:andesite",
                        "minecraft:granite",
                        "minecraft:dirt",
                        "minecraft:grass_block",
                        "minecraft:mycelium",
                        "minecraft:podzol",
                        "minecraft:gravel",
                        "minecraft:sand",
                        "minecraft:coarse_dirt",
                        "minecraft:tuff",
                        "minecraft:coal_ore",
                        "minecraft:iron_ore",
                        "minecraft:copper_ore",
                        "minecraft:gold_ore",
                        "minecraft:redstone_ore",
                        "minecraft:emerald_ore",
                        "minecraft:lapis_ore",
                        "minecraft:diamond_ore"
                      ],
                      "speed": 5,
                      "correct_for_drops": true
                    }
                  ],
                  "default_mining_speed": 1,
                  "damage_per_block": 0
                }
              }
            }
          ],
          "conditions": [
            {
              "condition": "minecraft:entity_scores",
              "entity": "this",
              "scores": {
                "mt.total": {
                  "min": 600000
                }
              }
            }
          ]
        },
        {
          "type": "minecraft:loot_table",
          "value": "mt:chests/dripstone/dripstone_helmet",
          "weight": 1,
          "conditions": [
            {
              "condition": "minecraft:random_chance",
              "chance": 0.5
            },
            {
              "condition": "minecraft:entity_scores",
              "entity": "this",
              "scores": {
                "mt.total": {
                  "min": 600000
                }
              }
            }
          ]
        },
        {
          "type": "minecraft:item",
          "name": "minecraft:netherite_ingot",
          "weight": 2,
          "conditions": [
            {
              "condition": "minecraft:random_chance",
              "chance": 0.3
            }
          ]
        }
      ]
    }
  ]
}
