{
    "type": "minecraft:block",
    "pools": [
    {
      "rolls": 1,
      "entries": [
        {
          "type": "minecraft:loot_table",
          "value": "mt:technical/normal",
          "conditions": [
                {
                  "condition": "minecraft:entity_properties",
                  "entity": "this",
                  "predicate": {}
                }
          ]
        }
      ]
    },
      {
        "bonus_rolls": 0,
        "conditions": [
          {
            "condition": "minecraft:survives_explosion"
          }
        ],
        "entries": [
          {
            "type": "minecraft:item",
            "name": "minecraft:brown_terracotta"
          }
        ],
        "rolls": 1
      }
    ],
    "random_sequence": "minecraft:blocks/brown_terracotta"
  }