{
    "type": "minecraft:block",
    "pools": [
      {
        "rolls": 1,
        "entries": [
          {
            "type": "minecraft:loot_table",
            "value": "mt:technical/high",
            "conditions": [
              {
                "condition": "minecraft:any_of",
                "terms": [
                  {
                    "condition": "minecraft:inverted",
                    "term": {
                      "condition": "minecraft:match_tool",
                      "predicate": {
                        "predicates": {
                          "minecraft:enchantments": [
                            {
                              "enchantments": "minecraft:silk_touch"
                            }
                          ]
                        }
                      }
                    }
                  },
                  {
                    "condition": "minecraft:all_of",
                    "terms": [
                      {
                        "condition": "minecraft:match_tool",
                        "predicate": {
                          "predicates": {
                            "minecraft:enchantments": [
                              {
                                "enchantments": "minecraft:silk_touch"
                              }
                            ]
                          }
                        }
                      },
                      {
                        "condition": "minecraft:value_check",
                        "value": {
                          "type": "minecraft:score",
                          "target": {
                            "type": "minecraft:fixed",
                            "name": "#disable_silk_touch"
                          },
                          "score": "mt.constant"
                        },
                        "range": 0
                      }
                    ]
                  }
                ]
              }
            ]
          }
        ]
      },
      {
        "bonus_rolls": 0,
        "entries": [
          {
            "type": "minecraft:alternatives",
            "children": [
              {
                "type": "minecraft:item",
                "conditions": [
                  {
                    "condition": "minecraft:match_tool",
                    "predicate": {
                      "predicates": {
                        "minecraft:enchantments": [
                          {
                            "enchantments": "minecraft:silk_touch",
                            "levels": {
                              "min": 1
                            }
                          }
                        ]
                      }
                    }
                  }
                ],
                "name": "minecraft:coal_ore"
              },
              {
                "type": "minecraft:item",
                "functions": [
                  {
                    "enchantment": "minecraft:fortune",
                    "formula": "minecraft:ore_drops",
                    "function": "minecraft:apply_bonus"
                  },
                  {
                    "function": "minecraft:explosion_decay"
                  }
                ],
                "name": "minecraft:coal"
              }
            ]
          }
        ],
        "rolls": 1
      }
    ],
    "random_sequence": "minecraft:blocks/coal_ore"
  }