{
  "type": "minecraft:jigsaw",
  "biomes": "pale_garden",
  "step": "surface_structures",
  "spawn_overrides": {
    "monster": {
      "bounding_box": "full",
      "spawns": [
        {
          "type": "minecraft:enderman",
          "weight": 100,
          "minCount": 1,
          "maxCount": 1
        },
        {
          "type": "minecraft:cave_spider",
          "weight": 50,
          "minCount": 1,
          "maxCount": 1
        }
      ]
    },
    "creature": {
      "bounding_box": "full",
      "spawns": [
        {
          "type": "minecraft:llama",
          "weight": 100,
          "minCount": 1,
          "maxCount": 1
        }
      ]
    }
  },
  "terrain_adaptation": "beard_box",
  "start_pool": "luistercorp:pale_garden/mini_well",
  "size": 1,
  "start_height": {
    "absolute": 0
  },
  "project_start_to_heightmap": "WORLD_SURFACE_WG",
  "max_distance_from_center": 20,
  "use_expansion_hack": false,
  "liquid_settings": "ignore_waterlogging"
}