[
  {
    "condition": "minecraft:entity_properties",
    "entity": "this",
    "predicate": {
      "equipment": {
        "offhand": {
          "items": "minecraft:enderman_spawn_egg",
          "predicates": {
            "minecraft:custom_data": "{mmdp:{deformation:{transgression_armor_trim:2b}}}"
          }
        }
      }
    }
  },
  {
    "condition": "minecraft:inverted",
    "term": {
      "condition": "minecraft:entity_properties",
      "entity": "this",
      "predicate": {
        "equipment": {
          "mainhand": {
            "items": "minecraft:enderman_spawn_egg",
            "predicates": {
              "minecraft:custom_data": "{mmdp:{deformation:{transgression_armor_trim:2b}}}"
            }
          }
        }
      }
    }
  }
]
