{
  "fallback": "minecraft:empty",
  "elements": [
    {
      "weight": 100,
      "element": {
        "element_type": "minecraft:single_pool_element",
        "projection": "rigid",
        "location": "ipo:pillager_outpost/tower/top/overgrown",
        "processors": "minecraft:empty"
      }
    },
    {
      "weight": 75,
      "element": {
        "element_type": "minecraft:single_pool_element",
        "projection": "rigid",
        "location": "ipo:pillager_outpost/tower/top/overgrown_active",
        "processors": "minecraft:empty"
      }
    },
    {
      "weight": 60,
      "element": {
        "element_type": "minecraft:single_pool_element",
        "projection": "rigid",
        "location": "ipo:pillager_outpost/tower/top/regular",
        "processors": "minecraft:empty"
      }
    },
    {
      "weight": 45,
      "element": {
        "element_type": "minecraft:single_pool_element",
        "projection": "rigid",
        "location": "ipo:pillager_outpost/tower/top/regular_active",
        "processors": "minecraft:empty"
      }
    },
    {
      "weight": 40,
      "element": {
        "element_type": "minecraft:single_pool_element",
        "projection": "rigid",
        "location": "ipo:pillager_outpost/tower/top/damaged_overgrown",
        "processors": "minecraft:empty"
      }
    },
    {
      "weight": 25,
      "element": {
        "element_type": "minecraft:single_pool_element",
        "projection": "rigid",
        "location": "ipo:pillager_outpost/tower/top/damaged_overgrown_active",
        "processors": "minecraft:empty"
      }
    },
    {
      "weight": 20,
      "element": {
        "element_type": "minecraft:single_pool_element",
        "projection": "rigid",
        "location": "ipo:pillager_outpost/tower/top/damaged",
        "processors": "minecraft:empty"
      }
    },
    {
      "weight": 5,
      "element": {
        "element_type": "minecraft:single_pool_element",
        "projection": "rigid",
        "location": "ipo:pillager_outpost/tower/top/damaged_active",
        "processors": "minecraft:empty"
      }
    }
  ]
}
