[
  {
    "function": "minecraft:set_item",
    "item": "minecraft:shield"
  },
  {
    "function": "minecraft:set_components",
    "components": {
      "minecraft:item_name": "\"Fire Charged Shield\"",
      "minecraft:rarity": "uncommon",
      "minecraft:damage_resistant": {
        "types": "#minecraft:is_fire"
      },
      "minecraft:custom_data": "{mcs_nether.item:1b,mcs_blaze_knight_shield:2b}",
      "minecraft:item_model": "mcs_nether:item/fire_charged_shield",
      "minecraft:repairable": { "items": "minecraft:blaze_rod"
      }
    }
  }
]