{
  "processors": [
    {
      "processor_type": "minecraft:block_rot",
      "integrity": 0.0,
      "rottable_blocks": "#minecraft:signs"
    },
    {
      "processor_type": "minecraft:protected_blocks",
      "value": "#minecraft:mineable/axe"
    },
    {
      "processor_type": "minecraft:protected_blocks",
      "value": "#minecraft:mineable/pickaxe"
    },
    {
      "processor_type": "minecraft:protected_blocks",
      "value": "#minecraft:mineable/shovel"
    },
    {
      "processor_type": "minecraft:protected_blocks",
      "value": "#minecraft:air"
    }
  ]
}
