{
  "processors": [
    {
      "processor_type": "minecraft:block_rot",
      "integrity": 0.5,
      "rottable_blocks": "minecraft:ladder"
    },
    {
      "processor_type": "minecraft:protected_blocks",
      "value": "#minecraft:mineable/axe"
    },
    {
      "processor_type": "minecraft:protected_blocks",
      "value": "#minecraft:mineable/pickaxe"
    },
    {
      "processor_type": "minecraft:protected_blocks",
      "value": "#minecraft:mineable/shovel"
    }
  ]
}
