{
  "processors": [
    {
      "processor_type": "minecraft:block_rot",
      "integrity": 0.0,
      "rottable_blocks": "#minecraft:signs"
    },
    {
      "processor_type": "minecraft:rule",
      "rules": [
        {
          "location_predicate": {
            "predicate_type": "minecraft:tag_match",
            "tag": "minecraft:sand"
          },
          "input_predicate": {
            "predicate_type": "minecraft:tag_match",
            "tag": "minecraft:trapdoors"
          },
          "output_state": {
            "Name": "minecraft:sand"
          }
        },
        {
          "location_predicate": {
            "predicate_type": "minecraft:tag_match",
            "tag": "minecraft:mineable/shovel"
          },
          "input_predicate": {
            "predicate_type": "minecraft:tag_match",
            "tag": "minecraft:trapdoors"
          },
          "output_state": {
            "Name": "minecraft:dirt"
          }
        },
        {
          "location_predicate": {
            "predicate_type": "minecraft:tag_match",
            "tag": "minecraft:mineable/pickaxe"
          },
          "input_predicate": {
            "predicate_type": "minecraft:tag_match",
            "tag": "minecraft:trapdoors"
          },
          "output_state": {
            "Name": "minecraft:stone"
          }
        },
        {
          "location_predicate": {
            "predicate_type": "minecraft:tag_match",
            "tag": "minecraft:sand"
          },
          "input_predicate": {
            "predicate_type": "minecraft:tag_match",
            "tag": "minecraft:fences"
          },
          "output_state": {
            "Name": "minecraft:sand"
          }
        },
        {
          "location_predicate": {
            "predicate_type": "minecraft:tag_match",
            "tag": "minecraft:mineable/shovel"
          },
          "input_predicate": {
            "predicate_type": "minecraft:tag_match",
            "tag": "minecraft:fences"
          },
          "output_state": {
            "Name": "minecraft:dirt"
          }
        },
        {
          "location_predicate": {
            "predicate_type": "minecraft:tag_match",
            "tag": "minecraft:mineable/pickaxe"
          },
          "input_predicate": {
            "predicate_type": "minecraft:tag_match",
            "tag": "minecraft:fences"
          },
          "output_state": {
            "Name": "minecraft:stone"
          }
        }
      ]
    }
  ]
}