{
  "processors": [
    {
      "processor_type": "minecraft:rule",
      "rules": [
        {
          "location_predicate": {
            "predicate_type": "minecraft:block_match",
            "block": "minecraft:water"
          },
          "input_predicate": {
            "predicate_type": "minecraft:tag_match",
            "tag": "minecraft:wool"
          },
          "output_state": {
            "Name": "minecraft:water"
          }
        }
      ]
    },
    {
      "processor_type": "minecraft:protected_blocks",
      "value": "#minecraft:mineable/axe"
    },
    {
      "processor_type": "minecraft:protected_blocks",
      "value": "#minecraft:mineable/pickaxe"
    },
    {
      "processor_type": "minecraft:protected_blocks",
      "value": "#minecraft:mineable/shovel"
    }
  ]
}