{
	"type": "minecraft:tree",
	"config": {
		"ignore_vines": false,
		"force_dirt": false,
		"minimum_size": {
			"type": "minecraft:two_layers_feature_size",
			"limit": 1,
			"lower_size": 1,
			"upper_size": 2
		},
		"dirt_provider": {
			"type": "minecraft:simple_state_provider",
			"state": {
				"Name": "minecraft:dirt"
			}
		},
		"trunk_provider": {
			"type": "minecraft:simple_state_provider",
			"state": {
				"Name": "minecraft:jungle_log",
				"Properties": {
					"axis": "y"
				}
			}
		},
		"foliage_provider": {
			"type": "minecraft:simple_state_provider",
			"state": {
				"Name": "minecraft:jungle_leaves",
				"Properties": {
					"distance": "7",
					"persistent": "false",
					"waterlogged": "false"
				}
			}
		},
		"trunk_placer": {
			"type": "minecraft:mega_jungle_trunk_placer",
			"base_height": 10,
			"height_rand_a": 2,
			"height_rand_b": 19
		},
		"foliage_placer": {
			"type": "minecraft:jungle_foliage_placer",
			"radius": 2,
			"offset": 0,
			"height": 2
		},
		"decorators": [
			{
				"type": "minecraft:trunk_vine"
			},
			{
				"type": "minecraft:leave_vine",
				"probability": 0.25
			},
			{
				"type": "minecraft:beehive",
				"probability": 1
			}
		]
	}
}
