{
  "type": "minecraft:chest",
  "pools": [
    {
      "bonus_rolls": 2,
      "entries": [
        {
          "type": "minecraft:item",
          "quality": 100,
          "functions": [
            {
              "function": "minecraft:set_components",
              "components": {
                "minecraft:consumable": {
                  "animation": "eat",
                  "has_consume_particles": true,
                  "on_consume_effects": [
                    {
                      "type": "minecraft:apply_effects",
                      "effects": [
                        {
                          "id": "minecraft:poison",
                          "amplifier": 2,
                          "duration": 200
                        }
                      ]
                    }
                  ]
                },
                "minecraft:food": {
                  "nutrition": 3,
                  "saturation": 3,
                  "can_always_eat": true
                }
              },
              "conditions": []
            },
            {
              "function": "minecraft:set_lore",
              "lore": [
                {
                  "translate": "item.luistercorp.lore.hongo_venenoso",
                  "color": "red",
                  "italic": false
                }
              ],
              "mode": "append"
            },
            {
              "function": "minecraft:set_custom_model_data",
              "strings": {
                "values": [
                  "hongo_venenoso"
                ],
                "mode": "append"
              }
            },
            {
              "function": "minecraft:set_name",
              "name": {
                "translate": "item.luistercorp.name.hongo_venenoso",
                "color": "yellow",
                "italic": false
              }
            },
            {
              "function": "minecraft:set_count",
              "count": {
                "type": "minecraft:uniform",
                "min": 1,
                "max": 3
              }
            }
          ],
          "name": "minecraft:bread",
          "weight": 50
        }
      ],
      "rolls": {
        "min": 3,
        "max": 3
      }
    },
    {
      "bonus_rolls": 0,
      "entries": [
        {
          "type": "minecraft:item",
          "name": "minecraft:bone",
          "weight": 85
        }
      ],
      "rolls": {
        "min": 2,
        "max": 5
      }
    },
    {
      "bonus_rolls": 0,
      "entries": [
        {
          "type": "minecraft:item",
          "functions": [
            {
              "add": false,
              "count": {
                "type": "minecraft:uniform",
                "max": 1,
                "min": 1
              },
              "function": "minecraft:set_count"
            }
          ],
          "name": "minecraft:bone_block"
        }
      ],
      "rolls": {
        "type": "minecraft:uniform",
        "max": 2,
        "min": 1
      }
    },
    {
      "bonus_rolls": 0,
      "entries": [
        {
          "type": "minecraft:item",
          "weight": 80,
          "functions": [
            {
              "add": false,
              "count": {
                "type": "minecraft:uniform",
                "max": 1,
                "min": 1
              },
              "function": "minecraft:set_count"
            }
          ],
          "name": "minecraft:bone_block"
        },
        {
          "type": "minecraft:item",
          "weight": 10,
          "functions": [],
          "name": "minecraft:skeleton_skull"
        }
      ],
      "rolls": {
        "type": "minecraft:uniform",
        "max": 2,
        "min": 1
      }
    },
    {
      "bonus_rolls": 0,
      "entries": [
        {
          "type": "minecraft:item",
          "functions": [
            {
              "add": false,
              "count": {
                "type": "minecraft:uniform",
                "max": 2,
                "min": 1
              },
              "function": "minecraft:set_count"
            },
            {
              "function": "minecraft:set_custom_model_data",
              "strings": {
                "values": [
                  "diente_hoglin"
                ],
                "mode": "append"
              }
            },
            {
              "function": "minecraft:set_name",
              "name": {
                "translate": "item.luistercorp.name.diente_hoglin",
                "color": "#f7d488",
                "italic": false
              }
            }
          ],
          "name": "minecraft:bone",
          "weight": 2
        }
      ],
      "rolls": {
        "type": "minecraft:uniform",
        "max": 1,
        "min": 1
      }
    }
  ]
} 