{
  "type": "minecraft:chest",
  "pools": [
    {
      "rolls": 1,
      "entries": [
        {
          "type": "minecraft:item",
          "name": "minecraft:music_disc_11"
        }
      ],
      "functions": [
        {
          "function": "minecraft:set_components",
          "components": {
            "minecraft:jukebox_playable": {
              "song": "luistercorp:dragon_fruit/psylla"
            }
          }
        },
        {
          "function": "minecraft:set_lore",
          "lore": [
            {
              "translate": "music_disc.luistercorp.dragon_fruit.ncs",
              "color": "dark_gray",
              "italic": false
            }
          ],
          "mode": "append"
        },
        {
          "function": "minecraft:set_name",
          "name": {
            "translate": "music_disc.luistercorp.psylla",
            "color": "#d74f3a",
            "italic": false
          }
        },
        {
          "function": "minecraft:set_custom_model_data",
          "strings": {
            "values": [
              "psylla"
            ],
            "mode": "append"
          }
        }
      ]
    },
    {
      "rolls": 1,
      "entries": [
        {
          "type": "minecraft:loot_table",
          "value": "luistercorp:chests/conservatorio_piglin"
        }
      ]
    }
  ]
}