{
  "type": "minecraft:chest",
  "pools": [
    {
      "rolls": {
        "type": "minecraft:uniform",
        "min": 1,
        "max": 3
      },
      "entries": [
        {
          "type": "minecraft:item",
          "name": "minecraft:emerald",
          "functions": [
            {
              "function": "minecraft:set_count",
              "count": 1
            }
          ]
        }
      ]
    },
    {
      "rolls": 1,
      "entries": [
        {
          "type": "minecraft:item",
          "name": "minecraft:music_disc_11",
          "functions": [
            {
              "function": "minecraft:set_custom_model_data",
              "strings": {
                "values": [
                  "gema_corrupta"
                ],
                "mode": "append"
              }
            },
            {
              "function": "minecraft:set_name",
              "name": {
                "translate": "luistercorp.conservatorio.item_name.gema_corrupta",
                "color": "#bedf2c",
                "italic": false
              }
            },
            {
              "function": "minecraft:set_lore",
              "lore": [
                {
                  "translate": "luistercorp.conservatorio.item_lore.gema_corrupta",
                  "color": "#b3ff88",
                  "italic": false
                }
              ],
              "mode": "append"
            },
            {
              "function": "minecraft:set_components",
              "components": {
                "!minecraft:jukebox_playable": {}
              }
            }
          ]
        }
      ]
    },
    {
      "rolls": 1,
      "entries": [
        {
          "type": "loot_table",
          "value": "luistercorp:chests/conservatorio_piglin"
        }
      ]
    }
  ]
}