{
  "type": "minecraft:chest",
  "pools": [
    {
      "rolls": {
        "type": "minecraft:uniform",
        "min": 1,
        "max": 2
      },
      "entries": [
        {
          "type": "minecraft:item",
          "name": "minecraft:enchanted_golden_apple",
          "functions": [
            {
              "function": "minecraft:set_components",
              "components": {
                "minecraft:consumable": {
                  "on_consume_effects": [
                    {
                      "type": "minecraft:remove_effects",
                      "effects": ["minecraft:wither"]
                    },
                    {
                      "type": "minecraft:apply_effects",
                      "effects": [
                        {
                          "id": "minecraft:absorption",
                          "amplifier": 2,
                          "duration": 2400
                        },
                        {
                          "id": "minecraft:fire_resistance",
                          "amplifier": 0,
                          "duration": 2000
                        },
                        {
                          "id": "minecraft:regeneration",
                          "amplifier": 0,
                          "duration": 200
                        },
                        {
                          "id": "minecraft:resistance",
                          "amplifier": 0,
                          "duration": 2000
                        }
                        
                      ]
                    }
                  ]
                },
                "minecraft:food": {
                  "nutrition": 2,
                  "saturation": 2,
                  "can_always_eat": true
                },
                "minecraft:custom_model_data": {
                  "strings": [
                    "manzana_obsidiana"
                  ]
                },
                "minecraft:custom_name": "{\"translate\": \"luistercorp.dragon_fruit.item.manzana_obsidiana\",\"color\": \"#482995\",\"italic\": false}",
                "minecraft:lore": [
                  "{\"translate\": \"luistercorp.dragon_fruit.lore.manzana_obsidiana\",\"color\": \"light_purple\"  ,\"italic\": false}"
                ]
              }
            }
          ]
        }
      ]
    },
    {
      "rolls": {
        "type": "minecraft:uniform",
        "min": 2,
        "max": 3
      },
      "bonus_rolls": 3,
      "entries": [
        {
          "type": "minecraft:item",
          "name": "minecraft:nether_wart_block",
          "functions": [
            {
              "function": "minecraft:set_count",
              "count": {
                "type": "minecraft:uniform",
                "min": 2,
                "max": 4
              }
            }
          ]
        },
        {
          "type": "minecraft:item",
          "name": "minecraft:crimson_stem",
          "functions": [
            {
              "function": "minecraft:set_count",
              "count": {
                "type": "minecraft:uniform",
                "min": 2,
                "max": 4
              }
            }
          ]
        },
        {
          "type": "minecraft:item",
          "name": "minecraft:magma_block",
          "functions": [
            {
              "function": "minecraft:set_count",
              "count": {
                "type": "minecraft:uniform",
                "min": 2,
                "max": 4
              }
            }
          ]
        },
        {
          "type": "minecraft:item",
          "name": "minecraft:crimson_roots",
          "functions": [
            {
              "function": "minecraft:set_count",
              "count": {
                "type": "minecraft:uniform",
                "min": 2,
                "max": 4
              }
            }
          ]
        },
        {
          "type": "minecraft:item",
          "name": "minecraft:crimson_nylium",
          "functions": [
            {
              "function": "minecraft:set_count",
              "count": {
                "type": "minecraft:uniform",
                "min": 2,
                "max": 4
              }
            }
          ]
        },
        {
          "type": "minecraft:item",
          "name": "minecraft:crimson_fungus",
          "functions": [
            {
              "function": "minecraft:set_count",
              "count": {
                "type": "minecraft:uniform",
                "min": 2,
                "max": 4
              }
            }
          ]
        },
        {
          "type": "minecraft:item",
          "name": "minecraft:weeping_vines",
          "functions": [
            {
              "function": "minecraft:set_count",
              "count": {
                "type": "minecraft:uniform",
                "min": 2,
                "max": 3
              }
            }
          ]
        },
        {
          "type": "minecraft:item",
          "name": "minecraft:red_nether_bricks",
          "functions": [
            {
              "function": "minecraft:set_count",
              "count": {
                "type": "minecraft:uniform",
                "min": 2,
                "max": 4
              }
            }
          ]
        }
      ]
    },
    {
      "rolls": {
        "type": "minecraft:uniform",
        "min": 1,
        "max": 2
      },
      "entries": [
        {
          "type": "minecraft:item",
          "name": "minecraft:gold_nugget",
          "functions": [
            {
              "function": "minecraft:set_count",
              "count": {
                "type": "minecraft:uniform",
                "min": 4,
                "max": 7
              }
            }
          ]
        },
        {
          "type": "minecraft:item",
          "name": "minecraft:iron_nugget",
          "functions": [
            {
              "function": "minecraft:set_count",
              "count": {
                "type": "minecraft:uniform",
                "min": 4,
                "max": 7
              }
            }
          ]
        }
      ]
    },
    {
      "rolls": 1,
      "entries": [
        {
          "type": "minecraft:item",
          "name": "minecraft:gold_ingot",
          "functions": [
            {
              "function": "minecraft:set_count",
              "count": {
                "type": "minecraft:uniform",
                "min": 1,
                "max": 3
              }
            }
          ]
        },
        {
          "type": "minecraft:item",
          "name": "minecraft:iron_ingot",
          "functions": [
            {
              "function": "minecraft:set_count",
              "count": {
                "type": "minecraft:uniform",
                "min": 1,
                "max": 3
              }
            }
          ]
        }
      ]
    },
    {
      "rolls": 1,
      "entries": [
        {
          "type": "minecraft:item",
          "name": "string",
          "weight": 4,
          "functions": [
            {
              "function": "minecraft:set_count",
              "count": {
                "type": "minecraft:uniform",
                "min": 3,
                "max": 5
              }
            }
          ]
        },
        {
          "type": "minecraft:item",
          "name": "minecraft:glowstone_dust",
          "weight": 2,
          "functions": [
            {
              "function": "minecraft:set_count",
              "count": {
                "type": "minecraft:uniform",
                "min": 1,
                "max": 2
              }
            }
          ]
        }
      ]
    },
    {
      "rolls": {
        "type": "minecraft:uniform",
        "min": 2,
        "max": 4
      },
      "entries": [
        {
          "type": "minecraft:item",
          "functions": [
            {
              "add": false,
              "count": {
                "type": "minecraft:uniform",
                "max": 6,
                "min": 2
              },
              "function": "minecraft:set_count"
            },
            {
              "function": "minecraft:set_custom_model_data",
              "strings": {
                "values": [
                  "columna_hoglin"
                ],
                "mode": "append"
              }
            },
            {
              "function": "minecraft:set_name",
              "name": {
                "translate": "luistercorp.conservatory.item.columna_hoglin",
                "color": "#f7d488",
                "italic": false
              }
            }
          ],
          "name": "minecraft:bone",
          "weight": 2
        },
        {
          "type": "minecraft:item",
          "name": "minecraft:tripwire_hook",
          "weight": 2,
          "functions": [
            {
              "function": "minecraft:set_count",
              "count": {
                "type": "minecraft:uniform",
                "min": 1,
                "max": 2
              }
            }
          ]
        }
      ]
    }
  ]
}