{
  "feature": "enhanced_woods:trees/dark_oak/dark_oak_tree",
  "placement": [
    {
      "type": "minecraft:count",
      "count": 4
    },
    {
      "type": "minecraft:in_square"
    },
    {
      "type": "minecraft:heightmap",
      "heightmap": "MOTION_BLOCKING"
    },
    {
      "type": "minecraft:biome"
    },
    {
      "type": "minecraft:rarity_filter",
      "chance": 1
    },
    {
      "type": "minecraft:block_predicate_filter",
      "predicate": {
        "type": "minecraft:matching_blocks",
        "offset": [
          0,
          -1,
          0
        ],
        "blocks": [
          "minecraft:moss_block",
          "minecraft:dirt",
          "minecraft:grass_block"
        ]
      }
    },
    {
      "type": "minecraft:block_predicate_filter",
      "predicate": {
        "type": "minecraft:matching_blocks",
        "offset": [
          0,
          0,
          0
        ],
        "blocks": [
          "minecraft:air"
        ]
      }
    }
  ]
}