{
  "fallback": "minecraft:empty",
  "elements": [
    {
      "weight": 1,
      "element": {
        "element_type": "minecraft:single_pool_element",
        "projection": "rigid",
        "location": "mmdp.deformation:technical/completion/south/1",
        "processors": {
          "processors": []
        }
      }
    },
	{
      "weight": 1,
      "element": {
        "element_type": "minecraft:single_pool_element",
        "projection": "rigid",
        "location": "mmdp.deformation:technical/completion/south/2",
        "processors": {
          "processors": []
        }
      }
    },
	{
      "weight": 1,
      "element": {
        "element_type": "minecraft:single_pool_element",
        "projection": "rigid",
        "location": "mmdp.deformation:technical/completion/south/3",
        "processors": {
          "processors": []
        }
      }
    },
	{
      "weight": 1,
      "element": {
        "element_type": "minecraft:single_pool_element",
        "projection": "rigid",
        "location": "mmdp.deformation:technical/completion/south/4",
        "processors": {
          "processors": []
        }
      }
    }
  ]
}