{
  "type": "minecraft:chest",
  "pools": [
    {
      "bonus_rolls": 0.0,
      "entries": [
        {
          "type": "minecraft:item",
          "name": "minecraft:saddle",
          "weight": 20
        },
        {
          "type": "minecraft:item",
          "name": "minecraft:golden_apple",
          "weight": 15
        },
        {
          "type": "minecraft:item",
          "name": "minecraft:enchanted_golden_apple",
          "weight": 2
        },
        {
          "type": "minecraft:item",
          "name": "minecraft:music_disc_otherside",
          "weight": 2
        },
        {
          "type": "minecraft:item",
          "name": "minecraft:music_disc_13",
          "weight": 15
        },
        {
          "type": "minecraft:item",
          "name": "minecraft:music_disc_cat",
          "weight": 15
        },
        {
          "type": "minecraft:item",
          "name": "minecraft:name_tag",
          "weight": 20
        },
        {
          "type": "minecraft:item",
          "name": "minecraft:golden_horse_armor",
          "weight": 10
        },
        {
          "type": "minecraft:item",
          "name": "minecraft:iron_horse_armor",
          "weight": 15
        },
        {
          "type": "minecraft:item",
          "name": "minecraft:diamond_horse_armor",
          "weight": 5
        },
        {
          "type": "minecraft:item",
          "functions": [
            {
              "function": "minecraft:enchant_randomly",
              "options": "#minecraft:on_random_loot"
            }
          ],
          "name": "minecraft:book",
          "weight": 10
        }
      ],
      "rolls": {
        "type": "minecraft:uniform",
        "max": 3.0,
        "min": 1.0
      }
    },
    {
      "bonus_rolls": 0.0,
      "entries": [
        {
          "type": "minecraft:item",
          "functions": [
            {
              "add": false,
              "count": {
                "type": "minecraft:uniform",
                "max": 4.0,
                "min": 1.0
              },
              "function": "minecraft:set_count"
            }
          ],
          "name": "minecraft:iron_ingot",
          "weight": 10
        },
        {
          "type": "minecraft:item",
          "functions": [
            {
              "add": false,
              "count": {
                "type": "minecraft:uniform",
                "max": 4.0,
                "min": 1.0
              },
              "function": "minecraft:set_count"
            }
          ],
          "name": "minecraft:gold_ingot",
          "weight": 5
        },
        {
          "type": "minecraft:item",
          "name": "minecraft:bread",
          "weight": 20
        },
        {
          "type": "minecraft:item",
          "functions": [
            {
              "add": false,
              "count": {
                "type": "minecraft:uniform",
                "max": 4.0,
                "min": 1.0
              },
              "function": "minecraft:set_count"
            }
          ],
          "name": "minecraft:wheat",
          "weight": 20
        },
        {
          "type": "minecraft:item",
          "name": "minecraft:bucket",
          "weight": 10
        },
        {
          "type": "minecraft:item",
          "functions": [
            {
              "add": false,
              "count": {
                "type": "minecraft:uniform",
                "max": 4.0,
                "min": 1.0
              },
              "function": "minecraft:set_count"
            }
          ],
          "name": "minecraft:redstone",
          "weight": 15
        },
        {
          "type": "minecraft:item",
          "functions": [
            {
              "add": false,
              "count": {
                "type": "minecraft:uniform",
                "max": 4.0,
                "min": 1.0
              },
              "function": "minecraft:set_count"
            }
          ],
          "name": "minecraft:coal",
          "weight": 15
        },
        {
          "type": "minecraft:item",
          "functions": [
            {
              "add": false,
              "count": {
                "type": "minecraft:uniform",
                "max": 4.0,
                "min": 2.0
              },
              "function": "minecraft:set_count"
            }
          ],
          "name": "minecraft:melon_seeds",
          "weight": 10
        },
        {
          "type": "minecraft:item",
          "functions": [
            {
              "add": false,
              "count": {
                "type": "minecraft:uniform",
                "max": 4.0,
                "min": 2.0
              },
              "function": "minecraft:set_count"
            }
          ],
          "name": "minecraft:pumpkin_seeds",
          "weight": 10
        },
        {
          "type": "minecraft:item",
          "functions": [
            {
              "add": false,
              "count": {
                "type": "minecraft:uniform",
                "max": 4.0,
                "min": 2.0
              },
              "function": "minecraft:set_count"
            }
          ],
          "name": "minecraft:beetroot_seeds",
          "weight": 10
        }
      ],
      "rolls": {
        "type": "minecraft:uniform",
        "max": 4.0,
        "min": 1.0
      }
    },
    {
      "bonus_rolls": 0.0,
      "entries": [
        {
          "type": "minecraft:item",
          "functions": [
            {
              "add": false,
              "count": {
                "type": "minecraft:uniform",
                "max": 8.0,
                "min": 1.0
              },
              "function": "minecraft:set_count"
            }
          ],
          "name": "minecraft:bone",
          "weight": 10
        },
        {
          "type": "minecraft:item",
          "functions": [
            {
              "add": false,
              "count": {
                "type": "minecraft:uniform",
                "max": 8.0,
                "min": 1.0
              },
              "function": "minecraft:set_count"
            }
          ],
          "name": "minecraft:gunpowder",
          "weight": 10
        },
        {
          "type": "minecraft:item",
          "functions": [
            {
              "add": false,
              "count": {
                "type": "minecraft:uniform",
                "max": 8.0,
                "min": 1.0
              },
              "function": "minecraft:set_count"
            }
          ],
          "name": "minecraft:rotten_flesh",
          "weight": 10
        },
        {
          "type": "minecraft:item",
          "functions": [
            {
              "add": false,
              "count": {
                "type": "minecraft:uniform",
                "max": 8.0,
                "min": 1.0
              },
              "function": "minecraft:set_count"
            }
          ],
          "name": "minecraft:string",
          "weight": 10
        },
        {
          "type": "minecraft:item",
          "name": "minecraft:command_block",
          "weight": 10,
          "functions": [
            {
              "function": "minecraft:set_components",
              "components": {
                "minecraft:item_name": "{'text':'Bow and Crossbow Upgrade'}",
                "lore": [
                  "{'color':'blue','italic':false,'text':'Ingredients'}",
                  "{'color':'gray','italic':false,'text':'Smithing Template'}",
                  "{'text':' '}",
                  "{'color':'gray','italic':false,'text':'Applies to:'}",
                  "{'color':'blue','italic':false,'text':' Bows and Crossbows'}",
                  "{'color':'gray','italic':false,'text':'Ingredients:'}",
                  "{'color':'gray','text':' '}",
                  "{'color':'gray','italic':false,'text':'Bow:'}",
                  "{'color':'blue','italic':false,'text':' Amethyst Shard → Spiked Bow'}",
                  "{'color':'blue','italic':false,'text':\" Rabbit's Foot → Boosting Bow\"}",
                  "{'color':'blue','text':' '}",
                  "{'color':'gray','italic':false,'text':'Crossbow:'}",
                  "{'color':'blue','italic':false,'text':' Amethyst Shard → Spiked Crossbow'}",
                  "{'color':'blue','italic':false,'text':' Iron Block → Guarded Crossbow'}",
                  "{'color':'blue','italic':false,'text':' Dispenser → Mechanical Crossbow'}"
                ],
                "minecraft:item_model": "ppg:we/bow_and_crossbow_upgrade_template",
                "minecraft:rarity": "common"
              }
            }
          ]
        }
      ],
      "rolls": 3.0
    }
  ],
  "random_sequence": "minecraft:chests/simple_dungeon"
}
