{
    "pools": [
        {
            "rolls": 1,
            "entries": [
                {
                    "type": "minecraft:item",
                    "name": "minecraft:bow",
                    "functions": [
                        {
                            "function": "minecraft:set_components",
                            "components": {
                                "minecraft:item_name": "{\"translate\":\"wasd.bows.prismarine\", \"italic\":false}",
                                "minecraft:lore": [
                                    "{\"translate\": \"wasd.bows.prismarine.lore\", \"italic\":false, \"color\":blue}"
                                ],
                                "minecraft:custom_model_data": {
                                    "floats": [
                                        6370110
                                    ]
                                },
                                "minecraft:item_model": "wasd:bows/prismarine",
                                "repairable": {
                                    "items": "prismarine_shard"
                                },
                                "minecraft:max_damage": 384,
                                "minecraft:custom_data": {
                                    "wasd_bow": 1
                                }
                            }
                        }
                    ]
                }
            ]
        }
    ]
}