{
  "processors": [
    {
      "integrity": 0.95,
      "processor_type": "minecraft:block_rot",
      "rottable_blocks": "#minecraft:ancient_city_replaceable"
    },
    {
      "processor_type": "minecraft:rule",
      "rules": [
		{
          "input_predicate": {
            "block": "minecraft:suspicious_gravel",
            "predicate_type": "minecraft:random_block_match",
            "probability": 0.4
          },
          "location_predicate": {
            "predicate_type": "minecraft:always_true"
          },
          "output_state": {
            "Name": "minecraft:cobbled_deepslate"
          }
        },
		{
          "input_predicate": {
            "block": "minecraft:decorated_pot",
            "predicate_type": "minecraft:random_block_match",
            "probability": 0.4
          },
          "location_predicate": {
            "predicate_type": "minecraft:always_true"
          },
          "output_state": {
            "Name": "minecraft:air"
          }
        },
		{
          "input_predicate": {
            "block": "minecraft:suspicious_gravel",
            "predicate_type": "minecraft:random_block_match",
            "probability": 0.8
          },
          "location_predicate": {
            "predicate_type": "minecraft:always_true"
          },
          "output_state": {
            "Name": "minecraft:gravel"
          }
        },
        {
          "input_predicate": {
            "block": "minecraft:deepslate_bricks",
            "predicate_type": "minecraft:random_block_match",
            "probability": 0.3
          },
          "location_predicate": {
            "predicate_type": "minecraft:always_true"
          },
          "output_state": {
            "Name": "minecraft:cracked_deepslate_bricks"
          }
        },
        {
          "input_predicate": {
            "block": "minecraft:deepslate_tiles",
            "predicate_type": "minecraft:random_block_match",
            "probability": 0.3
          },
          "location_predicate": {
            "predicate_type": "minecraft:always_true"
          },
          "output_state": {
            "Name": "minecraft:cracked_deepslate_tiles"
          }
        },
        {
          "input_predicate": {
            "block": "minecraft:soul_lantern",
            "predicate_type": "minecraft:random_block_match",
            "probability": 0.3
          },
          "location_predicate": {
            "predicate_type": "minecraft:always_true"
          },
          "output_state": {
            "Name": "minecraft:air"
          }
        },
        {
          "block_entity_modifier": {
            "type": "minecraft:append_loot",
            "loot_table": "nova_structures:pots/pot_ancient_city"
          },
          "input_predicate": {
            "block_state": {
              "Name": "minecraft:chest",
              "Properties": {
                "facing": "east"
              }
            },
            "predicate_type": "minecraft:random_blockstate_match",
            "probability": 0.2
          },
          "location_predicate": {
            "predicate_type": "minecraft:always_true"
          },
          "output_state": {
            "Name": "minecraft:decorated_pot"
          }
        },
        {
          "block_entity_modifier": {
            "type": "minecraft:append_loot",
            "loot_table": "nova_structures:chests/ancient_city"
          },
          "input_predicate": {
            "block_state": {
              "Name": "minecraft:chest",
              "Properties": {
                "facing": "east"
              }
            },
            "predicate_type": "minecraft:random_blockstate_match",
            "probability": 0.9
          },
          "location_predicate": {
            "predicate_type": "minecraft:always_true"
          },
          "output_state": {
            "Name": "minecraft:chest",
            "Properties": {
              "facing": "east"
            }
          }
        },
        {
          "block_entity_modifier": {
            "type": "minecraft:append_loot",
            "loot_table": "nova_structures:chests/ancient_city"
          },
          "input_predicate": {
            "block_state": {
              "Name": "minecraft:chest",
              "Properties": {
                "facing": "north"
              }
            },
            "predicate_type": "minecraft:random_blockstate_match",
            "probability": 0.9
          },
          "location_predicate": {
            "predicate_type": "minecraft:always_true"
          },
          "output_state": {
            "Name": "minecraft:chest",
            "Properties": {
              "facing": "north"
            }
          }
        },
        {
          "block_entity_modifier": {
            "type": "minecraft:append_loot",
            "loot_table": "nova_structures:chests/ancient_city"
          },
          "input_predicate": {
            "block_state": {
              "Name": "minecraft:chest",
              "Properties": {
                "facing": "west"
              }
            },
            "predicate_type": "minecraft:random_blockstate_match",
            "probability": 0.9
          },
          "location_predicate": {
            "predicate_type": "minecraft:always_true"
          },
          "output_state": {
            "Name": "minecraft:chest",
            "Properties": {
              "facing": "west"
            }
          }
        },
        {
          "block_entity_modifier": {
            "type": "minecraft:append_loot",
            "loot_table": "nova_structures:chests/ancient_city"
          },
          "input_predicate": {
            "block_state": {
              "Name": "minecraft:chest",
              "Properties": {
                "facing": "south"
              }
            },
            "predicate_type": "minecraft:random_blockstate_match",
            "probability": 0.9
          },
          "location_predicate": {
            "predicate_type": "minecraft:always_true"
          },
          "output_state": {
            "Name": "minecraft:chest",
            "Properties": {
              "facing": "south"
            }
          }
        }
      ]
    },
    {
      "processor_type": "minecraft:protected_blocks",
      "value": "#minecraft:features_cannot_replace"
    }
  ]
}