{
  "display": {
    "icon": {
      "id": "minecraft:flow_armor_trim_smithing_template"
    },
    "title": "Impact Imminent",
    "description": "Obtain a Kinetic Bomb",
    "frame": "task",
    "show_toast": true,
    "announce_to_chat": true,
    "hidden": false
  },
  "parent": "mt:treasure_advancements/first_rare_wind_treasure",
  "criteria": {
    "obtainchest": {
      "trigger": "minecraft:inventory_changed",
      "conditions": {
        "items": [
          {
            "items": [
              "minecraft:snowball"
            ],
            "predicates": {
              "minecraft:enchantments": [
                {
                  "enchantments": "mt:technical/kinetic_bomb"
                }
              ]
            }
          }
        ]
      }
    }
  }
}
