{
	"type": "minecraft:simple_random_selector",
	"config": {
		"features": [{
				"feature": {
					"type": "minecraft:random_patch",
					"config": {
						"tries": 110,
						"xz_spread": 11,
						"y_spread": 3,
						"feature": {
							"feature": {
								"type": "minecraft:simple_block",
								"config": {
									"to_place": {
										"type": "minecraft:simple_state_provider",
										"state": {
											"Name": "minecraft:lilac",
											"Properties": {
												"half": "lower"
											}
										}
									}
								}
							},
							"placement": [{
								"type": "minecraft:block_predicate_filter",
								"predicate": {
									"type": "minecraft:matching_blocks",
									"blocks": "minecraft:air"
								}
							}]
						}
					}
				},
				"placement": []
			},
			{
				"feature": {
					"type": "minecraft:random_patch",
					"config": {
						"tries": 110,
						"xz_spread": 11,
						"y_spread": 3,
						"feature": {
							"feature": {
								"type": "minecraft:simple_block",
								"config": {
									"to_place": {
										"type": "minecraft:simple_state_provider",
										"state": {
											"Name": "minecraft:rose_bush",
											"Properties": {
												"half": "lower"
											}
										}
									}
								}
							},
							"placement": [{
								"type": "minecraft:block_predicate_filter",
								"predicate": {
									"type": "minecraft:matching_blocks",
									"blocks": "minecraft:air"
								}
							}]
						}
					}
				},
				"placement": []
			},
			{
				"feature": {
					"type": "minecraft:random_patch",
					"config": {
						"tries": 96,
						"xz_spread": 7,
						"y_spread": 3,
						"feature": {
							"feature": {
								"type": "minecraft:simple_block",
								"config": {
									"to_place": {
										"type": "minecraft:simple_state_provider",
										"state": {
											"Name": "minecraft:peony",
											"Properties": {
												"half": "lower"
											}
										}
									}
								}
							},
							"placement": [{
								"type": "minecraft:block_predicate_filter",
								"predicate": {
									"type": "minecraft:matching_blocks",
									"blocks": "minecraft:air"
								}
							}]
						}
					}
				},
				"placement": []
			},
			{
				"feature": {
					"type": "minecraft:no_bonemeal_flower",
					"config": {
						"tries": 96,
						"xz_spread": 7,
						"y_spread": 3,
						"feature": {
							"feature": {
								"type": "minecraft:simple_block",
								"config": {
									"to_place": {
										"type": "minecraft:simple_state_provider",
										"state": {
											"Name": "minecraft:lily_of_the_valley"
										}
									}
								}
							},
							"placement": [{
								"type": "minecraft:block_predicate_filter",
								"predicate": {
									"type": "minecraft:matching_blocks",
									"blocks": "minecraft:air"
								}
							}]
						}
					}
				},
				"placement": []
			}
		]
	}
}