{
	"pools": [
	  {
		"rolls": {
		  "min": 1,
		  "max": 3
		},
		"entries": [
		  {
			"type": "minecraft:item",
			"name": "minecraft:potion",
			"weight": 1,
			"functions": [
			  {
				"function": "minecraft:set_components",
				"components": {
				  "minecraft:potion_contents": {
					"potion": "minecraft:water",
					"custom_color": 0,
					"custom_effects": [
					  {
						"id": "minecraft:nausea",
						"duration": 100
					  },
					  {
						"id": "minecraft:weakness",
						"duration": 200
					  },
					  {
						"id": "minecraft:poison",
						"duration": 100
					  }
					]
				  }
				}
			  }
			]
		  }
		]
	  }
	]
  }
  