{
  "processors": [
    {
      "processor_type": "minecraft:rule",
      "rules": [
        {
          "location_predicate": {
            "predicate_type": "minecraft:always_true"
          },
          "input_predicate": {
            "predicate_type": "minecraft:random_block_match",
            "block": "minecraft:tuff_bricks",
            "probability": 0.14
          },
          "output_state": {
            "Name": "minecraft:tuff"
          }
        },
        {
          "location_predicate": {
            "predicate_type": "minecraft:always_true"
          },
          "input_predicate": {
            "predicate_type": "minecraft:random_block_match",
            "block": "minecraft:polished_tuff",
            "probability": 0.39
          },
          "output_state": {
            "Name": "minecraft:tuff_bricks"
          }
        },
        {
          "location_predicate": {
            "predicate_type": "minecraft:always_true"
          },
          "input_predicate": {
            "predicate_type": "minecraft:random_block_match",
            "block": "minecraft:polished_tuff",
            "probability": 1.0
          },
          "output_state": {
            "Name": "minecraft:tuff"
          }
        },
        {
          "location_predicate": {
            "predicate_type": "minecraft:always_true"
          },
          "input_predicate": {
            "predicate_type": "minecraft:random_block_match",
            "block": "minecraft:gravel",
            "probability": 0.05
          },
          "output_state": {
            "Name": "minecraft:coarse_dirt"
          }
        }
      ]
    },
    {
      "processor_type": "minecraft:capped",
      "limit": {
        "type": "minecraft:uniform",
        "min_inclusive": 6,
        "max_inclusive": 10
      },
      "delegate": {
        "processor_type": "minecraft:rule",
        "rules": [
          {
            "location_predicate": {
              "predicate_type": "minecraft:always_true"
            },
            "input_predicate": {
              "predicate_type": "minecraft:random_block_match",
              "block": "minecraft:gravel",
              "probability": 1
            },
            "output_state": {
              "Name": "minecraft:suspicious_gravel",
              "Properties": {
                "dusted": "0"
              }
            },
            "block_entity_modifier": {
              "type": "minecraft:append_loot",
              "loot_table": "pale_formations:archaeology/borehole/borehole_top_gravel"
            }
          }
        ]
      }
    }
  ]
}
