{
  "processors": [
    {
      "processor_type": "minecraft:rule",
      "rules": [
        {
          "location_predicate": {
            "predicate_type": "minecraft:always_true"
          },
          "input_predicate": {
            "predicate_type": "minecraft:random_block_match",
            "block": "minecraft:glow_lichen",
            "probability": 0.75
          },
          "output_state": {
            "Name": "minecraft:air"
          }
        },
        {
          "location_predicate": {
            "predicate_type": "minecraft:always_true"
          },
          "input_predicate": {
            "predicate_type": "minecraft:random_block_match",
            "block": "minecraft:chain",
            "probability": 0.05
          },
          "output_state": {
            "Name": "minecraft:water_cauldron",
            "Properties": {
              "level": "2"
            }
          }
        },
        {
          "location_predicate": {
            "predicate_type": "minecraft:always_true"
          },
          "input_predicate": {
            "predicate_type": "minecraft:random_block_match",
            "block": "minecraft:chain",
            "probability": 0.15
          },
          "output_state": {
            "Name": "minecraft:water_cauldron",
            "Properties": {
              "level": "1"
            }
          }
        },
        {
          "location_predicate": {
            "predicate_type": "minecraft:always_true"
          },
          "input_predicate": {
            "predicate_type": "minecraft:random_block_match",
            "block": "minecraft:water_cauldron",
            "probability": 0.20
          },
          "output_state": {
            "Name": "minecraft:cauldron"
          }
        }
      ]
    }
  ]
}
