{
  "loot_tables_to_eject": [
    {
      "data": "nova_structures:spawners/nether_keep/spawner_keep_ominous",
      "weight": 2
    },
    {
      "data": "nova_structures:keys/nether_keep_key",
      "weight": 1
    }
  ],
  "simultaneous_mobs": 3,
  "items_to_drop_when_ominous": "nova_structures:spawner_projectile/nether_keep/projectiles_keep",
  "ticks_between_spawn":  4,
  "spawn_potentials":  [
    {
      "data": {
        "equipment": {
          "slot_drop_chances": 0,
          "loot_table": "nova_structures:equipment/nether_keep/equipment_keep"
        },
        "entity":  {
          "id": "minecraft:wither_skeleton"
        }
      },
      "weight": 1
    }
  ],
  "total_mobs": 5
}