{
  "type": "minecraft:entity",
  "pools": [
    {
      "rolls": 1,
      "entries": [
        {
          "type": "minecraft:item",
          "name": "minecraft:totem_of_undying",
          "weight": 1,
          "conditions":[
            {
              "condition": "minecraft:entity_scores",
              "entity": "this",
              "scores": {
                "hcrsTotemRate": {
                  "min": 0,
                  "max": 3
                }
              }
            }
          ]
        },
        {
          "type": "minecraft:item",
          "name": "minecraft:player_head",
          "weight": 1,
          "conditions":[
            {
              "condition": "minecraft:entity_scores",
              "entity": "this",
              "scores": {
                "hcrsTotemRate": {
                  "min": 1,
                  "max": 100
                }
              }
            }
          ],
          "functions":[
            {
              "function": "minecraft:set_name",
              "name": [
                {"text":"Evoker Head","italic":false}
              ]
            },
            {
              "function": "minecraft:set_lore",
              "lore": [
                {"text":"Used to make totems"}
              ]
            },
            {
              "function": "set_nbt",
              "tag": "{SkullOwner:{Id:[I;-17612447,-1953806226,-1654419791,-89666527],Properties:{textures:[{Value:\"eyJ0ZXh0dXJlcyI6eyJTS0lOIjp7InVybCI6Imh0dHA6Ly90ZXh0dXJlcy5taW5lY3JhZnQubmV0L3RleHR1cmUvZDk1NDEzNWRjODIyMTM5NzhkYjQ3ODc3OGFlMTIxMzU5MWI5M2QyMjhkMzZkZDU0ZjFlYTFkYTQ4ZTdjYmE2In19fQ==\"}]}}}"
            }
          ]
        },
        {
          "type": "minecraft:empty",
          "weight": 1,
          "conditions":[
            {
              "condition": "minecraft:entity_scores",
              "entity": "this",
              "scores": {
                "hcrsTotemRate":  {
                  "min": 2,
                  "max": 100
                }
              }
            }
          ]
        },
        {
          "type": "minecraft:empty",
          "weight": 2,
          "conditions":[
            {
              "condition": "minecraft:entity_scores",
              "entity": "this",
              "scores": {
                "hcrsTotemRate":  {
                  "min": 3,
                  "max": 100
                }
              }
            }
          ]
        },
        {
          "type": "minecraft:empty",
          "weight": 6,
          "conditions":[
            {
              "condition": "minecraft:entity_scores",
              "entity": "this",
              "scores": {
                "hcrsTotemRate":  {
                  "min": 4,
                  "max": 100
                }
              }
            }
          ]
        }
      ]
    },
    {
      "rolls": 1,
      "entries": [
        {
          "type": "minecraft:item",
          "functions": [
            {
              "function": "minecraft:set_count",
              "count": {
                "min": 0.0,
                "max": 1.0,
                "type": "minecraft:uniform"
              }
            },
            {
              "function": "minecraft:looting_enchant",
              "count": {
                "min": 0.0,
                "max": 1.0
              }
            }
          ],
          "name": "minecraft:emerald"
        }
      ],
      "conditions": [
        {
          "condition": "minecraft:killed_by_player"
        }
      ]
    }
  ]
}