{
    "type": "minecraft:jigsaw",
    "biomes": "#minecraft:has_structure/stronghold",
    "step": "underground_structures",
    "spawn_overrides": {},
    "terrain_adaptation": "bury",
    "start_pool": "dungeon:dungeonrooms",
    "size": 7,
    "start_height": {
      "type": "minecraft:uniform",
      "max_inclusive": {
        "absolute": 45
      },
      "min_inclusive": {
        "absolute": -45
      }
    },
    "max_distance_from_center": 100,
    "use_expansion_hack": false
  }