{
  "type": "minecraft:jigsaw",
  "biomes": [
    "minecraft:plains",
    "minecraft:sunflower_plains",
    "minecraft:forest",
    "minecraft:windswept_forest",
    "flower_forest",
    "minecraft:swamp",
    "minecraft:meadow"
  ],
  "step": "surface_structures",
  "spawn_overrides": {
    "monster": {
      "bounding_box": "full",
      "spawns": [
        {
          "type": "minecraft:zombie_villager",
          "weight": 25,
          "minCount": 1,
          "maxCount": 2
        },
        {
          "type": "minecraft:skeleton",
          "weight": 25,
          "minCount": 1,
          "maxCount": 2
        },
        {
          "type": "minecraft:zombie",
          "weight": 25,
          "minCount": 1,
          "maxCount": 2
        },
        {
          "type": "minecraft:slime",
          "weight": 25,
          "minCount": 1,
          "maxCount": 2
        }
      ]
    },
    "creature": {
      "bounding_box": "full",
      "spawns": [
        {
          "type": "minecraft:villager",
          "weight": 50,
          "minCount": 1,
          "maxCount": 1
        },
        {
          "type": "minecraft:horse",
          "weight": 50,
          "minCount": 1,
          "maxCount": 1
        }
      ]
    }
  },
  "terrain_adaptation": "beard_box",
  "start_pool": "luistercorp:forest/mini_well",
  "size": 1,
  "start_height": {
    "absolute": 0
  },
  "project_start_to_heightmap": "WORLD_SURFACE_WG",
  "max_distance_from_center": 20,
  "use_expansion_hack": false,
  "liquid_settings": "ignore_waterlogging"
}