{
  "type": "minecraft:chest",
  "pools": [
    {
      "rolls": 1,
      "entries": [
        {
          "type": "minecraft:item",
          "name": "minecraft:dirt",
          "weight": 5,
          "functions": [
            {
              "function": "minecraft:set_count",
              "count": {
                "type": "minecraft:uniform",
                "min": 1,
                "max": 3
              },
              "add": false
            }
          ]
        },
        {
          "type": "minecraft:item",
          "name": "minecraft:coarse_dirt",
          "weight": 3
        },
        {
          "type": "minecraft:item",
          "name": "minecraft:bone_meal",
          "weight": 2
        },
        {
          "type": "minecraft:item",
          "name": "minecraft:string",
          "weight": 2
        },
        {
          "type": "minecraft:item",
          "name": "minecraft:dead_bush",
          "weight": 1
        },
        {
          "type": "minecraft:item",
          "name": "minecraft:wheat_seeds",
          "weight": 1
        }
      ]
    }
  ],
  "random_sequence": "wabi_sabi_structures:decorated_pots/generic/generic_dead_planter"
}
