{
  "parent": "mmdp.deformation:end/in_the_center",
  "criteria": {
    "elytra": {
      "conditions": {
        "items": [
          {
            "items": "minecraft:elytra"
          }
        ]
      },
      "trigger": "minecraft:inventory_changed"
    }
  },
  "display": {
    "description": {
      "translate": "advancements.end.elytra.description"
    },
    "frame": "goal",
    "icon": {
      "count": 1,
      "id": "minecraft:elytra"
    },
    "title": {
      "translate": "advancements.end.elytra.title"
    }
  },
  "requirements": [
    [
      "elytra"
    ]
  ],
  "sends_telemetry_event": true,
  "__smithed__": {
    "rules": [
      {
        "type": "replace",
        "target": "parent",
        "source": {
          "type": "reference",
          "path": "parent"
        }
      }
    ]
  }
}