{
  "type": "minecraft:jigsaw",
  "biomes": [
    "minecraft:plains",
    "minecraft:forest",
    "minecraft:birch_forest",
    "minecraft:dark_forest",
    "minecraft:taiga",
    "minecraft:savanna",
    "minecraft:savanna_plateau",
    "minecraft:windswept_savanna",
    "minecraft:flower_forest",
    "minecraft:meadow",
    "minecraft:sparse_jungle"
  ],
  "step": "surface_structures",
  "spawn_overrides": {},
  "terrain_adaptation": "beard_box",
  "start_pool": "luistercorp:fallen_log_azalea",
  "size": 1,
  "start_height": {
    "absolute": 0
  },
  "project_start_to_heightmap": "WORLD_SURFACE",
  "max_distance_from_center": 5,
  "use_expansion_hack": false
}
