{
  "type": "minecraft:jigsaw",
  "biomes": "#ddd:has_new_dungeon/spider_lair",
  "max_distance_from_center": 100,
  "project_start_to_heightmap": "WORLD_SURFACE_WG",
  "size": 8,
  "liquid_settings": "ignore_waterlogging",
  "spawn_overrides":   {
      "monster": {
  	"bounding_box": "full",
        "spawns": [
          {
          "type": "minecraft:cave_spider",
          "maxCount": 6,
          "minCount": 3,
          "weight": 100
        }
        ]
      }
    },
	    
  "start_height": {
    "absolute": 0
  },
  "start_pool": "ddd:dungeon/spider/surface",
  "step": "underground_structures",
  "terrain_adaptation": "none",
  "use_expansion_hack": false
}