{
    "display": {
      "icon": {
        "id": "minecraft:redstone",
        "components": {
          "minecraft:custom_model_data": 6548001
        }
      },
      "title": {
        "text": "Injured Effects v1.4.4",
        "color": "dark_red",
        "bold": true
      },
      "description": {
        "text": "This datapack is Installed and Active!",
        "color": "white"
      },
      "frame": "task",
      "show_toast": false,
      "announce_to_chat": false,
      "hidden": false
    },
    "parent": "rrc:root",
    "criteria": {
      "instaget": {
        "trigger": "minecraft:enter_block",
        "conditions": {
          "block": "minecraft:air"
        }
      }
    }
  }
  