{
    "condition": "minecraft:any_of",
    "terms": [
      {
        "condition": "minecraft:entity_scores",
        "entity": "this",
        "scores": {
          "mcs_nether.blaze_knight_enemy": 1
        }
      },
      {
        "condition": "minecraft:entity_scores",
        "entity": "this",
        "scores": {
          "mcs_nether.wither_enemy": 1
        }
      },
      {
        "condition": "minecraft:entity_scores",
        "entity": "this",
        "scores": {
          "mcs_nether.piglin_brute_crossbow_enemy": 1
        }
      },
      {
        "condition": "minecraft:entity_scores",
        "entity": "this",
        "scores": {
          "mcs_nether.warped_fungus_thrower_enemy": 1
        }
      },
      {
        "condition": "minecraft:entity_scores",
        "entity": "this",
        "scores": {
          "mcs_nether.zombified_piglin_crossbow_enemy": 1
        }
      },
      {
        "condition": "minecraft:entity_scores",
        "entity": "this",
        "scores": {
          "mcs_nether.soul_blaze_enemy": 1
        }
      }
    ]
  }
  