{
  "name": "ipo:pillager_outpost/towers",
  "fallback": "minecraft:empty",
  "elements": [
    {
      "weight": 100,
      "element": {
        "element_type": "minecraft:single_pool_element",
        "projection": "rigid",
        "location": "ipo:pillager_outpost/tower/regular",
        "processors": "minecraft:empty"
      }
    },
    {
      "weight": 75,
      "element": {
        "element_type": "minecraft:single_pool_element",
        "projection": "rigid",
        "location": "ipo:pillager_outpost/tower/overgrown",
        "processors": "minecraft:empty"
      }
    },
    {
      "weight": 30,
      "element": {
        "element_type": "minecraft:single_pool_element",
        "projection": "rigid",
        "location": "ipo:pillager_outpost/tower/damaged",
        "processors": "minecraft:empty"
      }
    },
    {
      "weight": 15,
      "element": {
        "element_type": "minecraft:single_pool_element",
        "projection": "rigid",
        "location": "ipo:pillager_outpost/tower/damaged_overgrown",
        "processors": "minecraft:empty"
      }
    }
  ]
}
