{
	"structures": [
		{
			"structure": "hopo:mineshaft/acacia_mineshaft",
			"weight": 10
		},
		{
			"structure": "hopo:mineshaft/bamboo_mineshaft",
			"weight": 10
		},
		{
			"structure": "hopo:mineshaft/birch_mineshaft",
			"weight": 10
		},
		{
			"structure": "hopo:mineshaft/cherry_mineshaft",
			"weight": 10
		},
		{
			"structure": "hopo:mineshaft/dark_oak_mineshaft",
			"weight": 10
		},
		{
			"structure": "hopo:mineshaft/jungle_mineshaft",
			"weight": 10
		},
		{
			"structure": "hopo:mineshaft/pale_mineshaft",
			"weight": 10
		},
		{
			"structure": "hopo:mineshaft/oak_mineshaft",
			"weight": 10
		},
		{
			"structure": "hopo:mineshaft/spruce_mineshaft",
			"weight": 10
		},
		{
			"structure": "hopo:mineshaft/mangrove_mineshaft",
			"weight": 10
		},
		{
			"structure": "hopo:mineshaft/mud_mineshaft",
			"weight": 10
		},
		{
			"structure": "hopo:mineshaft/stone_mineshaft",
			"weight": 10
		},
		{
			"structure": "hopo:mineshaft/deepslate_mineshaft",
			"weight": 10
		}
	],
	"placement": {
		"type": "minecraft:random_spread",
		"salt": 10110111,
		"exclusion_zone": {	 
			"other_set": "minecraft:trial_chambers",
			"chunk_count": 10
		},
		"spacing": 23,
		"separation": 3
	}
}
