{
    "name": "imst:cactus_farm/plot",
    "fallback": "minecraft:empty",
    "elements": [
        {
            "weight": 1,
            "element": {
                "element_type": "minecraft:single_pool_element",
                "projection": "rigid",
                "processors": "minecraft:empty",
                "location": "imst:cactus_farm/animal_farm"
            }
        },
        {
            "weight": 1,
            "element": {
                "element_type": "minecraft:single_pool_element",
                "projection": "rigid",
                "processors": "minecraft:empty",
                "location": "imst:cactus_farm/cactus_farm"
            }
        },
        {
            "weight": 1,
            "element": {
                "element_type": "minecraft:single_pool_element",
                "projection": "rigid",
                "processors": "minecraft:empty",
                "location": "imst:cactus_farm/lake"
            }
        },
        {
            "weight": 1,
            "element": {
                "element_type": "minecraft:single_pool_element",
                "projection": "rigid",
                "processors": "minecraft:empty",
                "location": "imst:cactus_farm/lookout_tower"
            }
        },
        {
            "weight": 1,
            "element": {
                "element_type": "minecraft:single_pool_element",
                "projection": "rigid",
                "processors": "minecraft:empty",
                "location": "imst:cactus_farm/melon_farm"
            }
        },
        {
            "weight": 1,
            "element": {
                "element_type": "minecraft:single_pool_element",
                "projection": "rigid",
                "processors": "minecraft:empty",
                "location": "imst:cactus_farm/wagon_shed"
            }
        },
        {
            "weight": 1,
            "element": {
                "element_type": "minecraft:single_pool_element",
                "projection": "rigid",
                "processors": "minecraft:empty",
                "location": "imst:cactus_farm/well"
            }
        }
    ]
}