{
    "feature": "blooming_biosphere:pale_garden/coarse_dirt",
    "placement": [
        {
            "type": "minecraft:count",
            "count": 2
        },
        {
            "type": "minecraft:rarity_filter",
            "chance": 6
        },
        {
            "type": "minecraft:in_square"
        },
        {
            "type": "minecraft:heightmap",
            "heightmap": "MOTION_BLOCKING_NO_LEAVES"
        },
        {
            "type": "minecraft:biome"
        }
    ]
}