{
  "feature": "blooming_biosphere:pale_garden/flowers",
  "placement": [
      {
          "type": "minecraft:count",
          "count": {
              "type": "minecraft:weighted_list",
              "distribution": [
                  {
                      "weight": 6,
                      "data": 1
                  },
                  {
                      "weight": 2,
                      "data": 0
                  },
                  {
                      "weight": 1,
                      "data": 2
                  }
              ]
          }
      },
      {
          "type": "minecraft:in_square"
      },
      {
          "type": "minecraft:heightmap",
          "heightmap": "MOTION_BLOCKING"
      },
      {
          "type": "minecraft:biome"
      }
  ]
}