{
    "type": "minecraft:disk",
    "config": {
      "half_height": 1,
      "radius": {
        "type": "minecraft:uniform",
        "max_inclusive": 3,
        "min_inclusive": 2
      },
      "state_provider": {
        "fallback": {
          "type": "minecraft:weighted_state_provider",
          "entries": [
            {
              "weight": 5,
              "data": {
                "Name": "minecraft:coarse_dirt"
              }
            },
            {
              "weight": 1,
              "data": {
                "Name": "minecraft:rooted_dirt"
              }
            }
          ]
        },
        "rules": []
      },
      "target": {
        "type": "minecraft:matching_blocks",
        "blocks": [
          "minecraft:dirt",
          "minecraft:grass_block"
        ]
      }
    }
  }