{
    "type": "minecraft:waterlogged_vegetation_patch",
    "config": {
      "depth": 4,
      "extra_bottom_block_chance": 0.8,
      "extra_edge_column_chance": 0.7,
      "ground_state": {
        "type": "minecraft:weighted_state_provider",
        "entries": [
          {
            "weight": 4,
            "data": {
              "Name": "minecraft:cobblestone"
            }
          },
          {
            "weight": 2,
            "data": {
              "Name": "minecraft:mossy_cobblestone"
            }
          }
        ]
      },
      "replaceable": "#minecraft:dirt",
      "surface": "floor",
      "vegetation_chance": 0.1,
      "vegetation_feature": {
        "feature": "minecraft:patch_waterlily",
        "placement": []
      },
      "vertical_range": 5,
      "xz_radius": {
        "type": "minecraft:uniform",
        "max_inclusive": 5,
        "min_inclusive": 3
      }
    }
  }