{
	"type": "minecraft:chest",
	"pools": [
	  {
		"rolls": 5,
		"entries": [
		  {
			"type": "minecraft:item",
			"name": "minecraft:sand",
			"weight": 10,
			"functions": [
			  {
				"function": "minecraft:set_count",
				"count": {
				  "min": 1,
				  "max": 10
				}
			  }
			]
		  },
		  {
			"type": "minecraft:item",
			"name": "minecraft:sandstone",
			"weight": 5,
			"functions": [
			  {
				"function": "minecraft:set_count",
				"count": {
				  "min": 1,
				  "max": 5
				}
			  }
			]
		  },
		  {
			"type": "minecraft:item",
			"name": "minecraft:suspicious_sand",
			"weight": 1,
			"functions": [
			  {
				"function": "minecraft:set_components",
				"components": {
				  "minecraft:block_entity_data": {
					"id": "minecraft:brushable_block",
					"LootTable": "forsaken:junk/sandy/archeology/drinks"
				  }
				}
			  },
			  {
				"function": "minecraft:set_count",
				"count": {
				  "min": 1,
				  "max": 5
				}
			  }
			]
		  }
		]
	  }
	]
  }
  