{
  "display": {
    "icon": {
      "id": "minecraft:smithing_table"
    },
    "title": "Is a Raid Coming?",
    "description": "Place Sense of Urgency",
    "frame": "task",
    "show_toast": true,
    "announce_to_chat": true,
    "hidden": false
  },
  "parent": "mt:treasure_advancements/first_rare_dark_forest_treasure",
  "criteria": {
    "requirement": {
      "trigger": "minecraft:item_used_on_block",
      "conditions": {
        "location": [
          {
            "condition": "minecraft:match_tool",
            "predicate": {
              "items": [
                "minecraft:armor_stand"
              ],
              "predicates": {
                "minecraft:custom_data": {
                  "mt.sense_of_urgency": 1
                }
              }
            }
          }
        ]
      }
    }
  }
}
