[
    {
        "condition": "minecraft:any_of",
        "terms": [
            {
                "offsetY": 1,
                "condition": "minecraft:location_check",
                "predicate": {
                    "block": {
                        "blocks": "#physics_of_falling_trees:logs"
                    }
                }
            },
            {
                "offsetX": -1,
                "offsetY": 1,
                "offsetZ": 1,
                "condition": "minecraft:location_check",
                "predicate": {
                    "block": {
                        "blocks": "#physics_of_falling_trees:logs"
                    }
                }
            },
            {
                "offsetX": -1,
                "offsetY": 1,
                "offsetZ": 0,
                "condition": "minecraft:location_check",
                "predicate": {
                    "block": {
                        "blocks": "#physics_of_falling_trees:logs"
                    }
                }
            },
            {
                "offsetX": -1,
                "offsetY": 1,
                "offsetZ": -1,
                "condition": "minecraft:location_check",
                "predicate": {
                    "block": {
                        "blocks": "#physics_of_falling_trees:logs"
                    }
                }
            },
            {
                "offsetX": 0,
                "offsetY": 1,
                "offsetZ": 1,
                "condition": "minecraft:location_check",
                "predicate": {
                    "block": {
                        "blocks": "#physics_of_falling_trees:logs"
                    }
                }
            },
            {
                "offsetX": 0,
                "offsetY": 1,
                "offsetZ": -1,
                "condition": "minecraft:location_check",
                "predicate": {
                    "block": {
                        "blocks": "#physics_of_falling_trees:logs"
                    }
                }
            },
            {
                "offsetX": 1,
                "offsetY": 1,
                "offsetZ": 1,
                "condition": "minecraft:location_check",
                "predicate": {
                    "block": {
                        "blocks": "#physics_of_falling_trees:logs"
                    }
                }
            },
            {
                "offsetX": 1,
                "offsetY": 1,
                "offsetZ": 0,
                "condition": "minecraft:location_check",
                "predicate": {
                    "block": {
                        "blocks": "#physics_of_falling_trees:logs"
                    }
                }
            },
            {
                "offsetX": 1,
                "offsetY": 1,
                "offsetZ": -1,
                "condition": "minecraft:location_check",
                "predicate": {
                    "block": {
                        "blocks": "#physics_of_falling_trees:logs"
                    }
                }
            }
        ]
    },
    {
        "condition": "entity_properties",
        "entity": "this",
        "predicate": {
            "nbt": "{Age:0s,OnGround:0b}"
        }
    }
]