{
    "condition": "minecraft:entity_scores",
    "entity": "this",
    "scores": {
        "poft.id_block": {
            "min": {
                "type": "minecraft:score",
                "target": {
                    "type": "minecraft:fixed",
                    "name": "#id_test"
                },
                "score": "poft.id_block"
            },
            "max": {
                "type": "minecraft:score",
                "target": {
                    "type": "minecraft:fixed",
                    "name": "#id_test"
                },
                "score": "poft.id_block"
            }
        }
    }
}