[
  {
    "function": "minecraft:set_components",
    "components": {
      "minecraft:attribute_modifiers": {
        "modifiers": [
          {
            "id": "attack_speed",
            "type": "minecraft:attack_speed",
            "amount": -2.7,
            "operation": "add_value",
            "slot": "mainhand"
          },
          {
            "id": "attack_damage.naginata",
            "type": "minecraft:attack_damage",
            "amount": 6.5,
            "operation": "add_value",
            "slot": "mainhand"
          },
          {
            "id": "entity_interaction_range",
            "type": "minecraft:entity_interaction_range",
            "amount": 0.5,
            "operation": "add_value",
            "slot": "mainhand"
          }
        ],
        "show_in_tooltip": false
      },
      "minecraft:lore": [
        "{'text':' '}",
        "{'color':'gray','italic':false,'text':'When in Main Hand:'}",
        "{'color':'dark_green','italic':false,'text':' 7.5 Attack Damage'}",
        "{'color':'dark_green','italic':false,'text':' 1.3 Attack Speed'}",
        "{'color':'dark_green','italic':false,'text':' +0.5 Entity Reach'}"
      ],
      "minecraft:item_name": "{\"text\":\"Netherite Naginata\"}",
      "minecraft:item_model": "ppg:we/naginata/netherite"
    },
    "conditions": [
      {
        "condition": "minecraft:entity_properties",
        "entity": "this",
        "predicate": {
          "equipment": {
            "mainhand": {
              "items": "minecraft:netherite_sword",
              "components": {
                "minecraft:item_model": "ppg:we/naginata/diamond"
              }
            }
          }
        }
      }
    ]
  },
  {
    "function": "minecraft:set_components",
    "components": {
      "minecraft:attribute_modifiers": {
        "modifiers": [
          {
            "type": "minecraft:attack_damage",
            "id": "attack_damage.greatsword",
            "amount": 10,
            "operation": "add_value",
            "slot": "mainhand"
          },
          {
            "type": "minecraft:attack_speed",
            "id": "attack_speed",
            "amount": -3.5,
            "operation": "add_value",
            "slot": "mainhand"
          },
          {
            "type": "minecraft:entity_interaction_range",
            "id": "entity_interaction_range",
            "amount": 0.5,
            "operation": "add_value",
            "slot": "mainhand"
          },
          {
            "type": "minecraft:sweeping_damage_ratio",
            "id": "sweeping_damage_ratio",
            "amount": 0.2,
            "operation": "add_value",
            "slot": "mainhand"
          },
          {
            "type": "minecraft:movement_speed",
            "id": "movement_speed.two_handed",
            "amount": 0,
            "operation": "add_multiplied_base",
            "slot": "mainhand"
          },
          {
            "type": "minecraft:attack_speed",
            "id": "attack_speed.two_handed",
            "amount": 0,
            "operation": "add_multiplied_base",
            "slot": "mainhand"
          }
        ],
        "show_in_tooltip": false
      },
      "minecraft:lore": [
        "{'text':' '}",
        "{'bold':true,'color':'white','italic':false,'text':'[TWO-HANDED]'}",
        "[{'color':'red','italic':false,'text':'-50% Attack Speed '},{'color':'gray','italic':false,'text':'and'},{'color':'red','italic':false,'text':' -30% Movement'}]",
        "[{'color':'red','italic':false,'text':'Speed '},{'color':'gray','text':'when held if Off Hand is not empty.'}]",
        "{'text':' '}",
        "{'color':'gray','italic':false,'text':'When in Main Hand:'}",
        "{'color':'dark_green','italic':false,'text':' 11 Attack Damage'}",
        "{'color':'dark_green','italic':false,'text':' 0.5 Attack Speed'}",
        "{'color':'dark_green','italic':false,'text':' +0.5 Entity Reach'}",
        "{'color':'dark_green','italic':false,'text':' +20% Sweep Damage'}"
      ],
      "minecraft:item_name": "{\"text\":\"Netherite Greatsword\"}",
      "minecraft:item_model": "ppg:we/greatsword/netherite"
    },
    "conditions": [
      {
        "condition": "minecraft:entity_properties",
        "entity": "this",
        "predicate": {
          "equipment": {
            "mainhand": {
              "items": "minecraft:netherite_sword",
              "components": {
                "minecraft:item_model": "ppg:we/greatsword/diamond"
              }
            }
          }
        }
      }
    ]
  },
  {
    "function": "minecraft:set_components",
    "components": {
      "minecraft:attribute_modifiers": {
        "modifiers": [
          {
            "id": "attack_speed",
            "type": "minecraft:attack_speed",
            "amount": -2,
            "operation": "add_value",
            "slot": "mainhand"
          },
          {
            "id": "attack_damage.dao",
            "type": "minecraft:attack_damage",
            "amount": 5.75,
            "operation": "add_value",
            "slot": "mainhand"
          }
        ],
        "show_in_tooltip": false
      },
      "minecraft:lore": [
        "{'text':' '}",
        "{'color':'gray','italic':false,'text':'When in Main Hand:'}",
        "{'color':'dark_green','italic':false,'text':' 6.75 Attack Damage'}",
        "{'color':'dark_green','italic':false,'text':' 2 Attack Speed'}"
      ],
      "minecraft:item_name": "{\"text\":\"Netherite Dao\"}",
      "minecraft:item_model": "ppg:we/dao/netherite"
    },
    "conditions": [
      {
        "condition": "minecraft:entity_properties",
        "entity": "this",
        "predicate": {
          "equipment": {
            "mainhand": {
              "items": "minecraft:netherite_sword",
              "components": {
                "minecraft:item_model": "ppg:we/dao/diamond"
              }
            }
          }
        }
      }
    ]
  },
  {
    "function": "minecraft:set_components",
    "components": {
      "minecraft:attribute_modifiers": {
        "modifiers": [
          {
            "type": "minecraft:attack_damage",
            "id": "attack_damage.battle_axe",
            "amount": 10,
            "operation": "add_value",
            "slot": "mainhand"
          },
          {
            "type": "minecraft:attack_speed",
            "id": "attack_speed",
            "amount": -3.2,
            "operation": "add_value",
            "slot": "mainhand"
          },
          {
            "type": "minecraft:entity_interaction_range",
            "id": "entity_interaction_range",
            "amount": 0.25,
            "operation": "add_value",
            "slot": "mainhand"
          }
        ],
        "show_in_tooltip": false
      },
      "minecraft:lore": [
        "{'text':' '}",
        "{'color':'gray','italic':false,'text':'When in Main Hand:'}",
        "{'color':'dark_green','italic':false,'text':' 11 Attack Damage'}",
        "{'color':'dark_green','italic':false,'text':' 0.8 Attack Speed'}",
        "{'color':'dark_green','italic':false,'text':' +0.25 Entity Reach'}"
      ],
      "minecraft:item_name": "{\"text\":\"Netherite Battle Axe\"}",
      "minecraft:item_model": "ppg:we/battle_axe/netherite"
    },
    "conditions": [
      {
        "condition": "minecraft:entity_properties",
        "entity": "this",
        "predicate": {
          "equipment": {
            "mainhand": {
              "items": "minecraft:netherite_axe",
              "components": {
                "minecraft:item_model": "ppg:we/battle_axe/diamond"
              }
            }
          }
        }
      }
    ]
  },
  {
    "function": "minecraft:set_components",
    "components": {
      "minecraft:attribute_modifiers": {
        "modifiers": [
          {
            "type": "minecraft:attack_damage",
            "id": "attack_damage.halberd",
            "amount": 11,
            "operation": "add_value",
            "slot": "mainhand"
          },
          {
            "type": "minecraft:attack_speed",
            "id": "attack_speed",
            "amount": -3.3,
            "operation": "add_value",
            "slot": "mainhand"
          },
          {
            "type": "minecraft:entity_interaction_range",
            "id": "entity_interaction_range",
            "amount": 0.75,
            "operation": "add_value",
            "slot": "mainhand"
          },
          {
            "type": "minecraft:movement_speed",
            "id": "movement_speed.two_handed",
            "amount": 0,
            "operation": "add_multiplied_base",
            "slot": "mainhand"
          },
          {
            "type": "minecraft:attack_speed",
            "id": "attack_speed.two_handed",
            "amount": 0,
            "operation": "add_multiplied_base",
            "slot": "mainhand"
          }
        ],
        "show_in_tooltip": false
      },
      "minecraft:lore": [
        "{'text':' '}",
        "{'bold':true,'color':'white','italic':false,'text':'[TWO-HANDED]'}",
        "[{'color':'red','italic':false,'text':'-50% Attack Speed '},{'color':'gray','italic':false,'text':'and'},{'color':'red','italic':false,'text':' -30% Movement'}]",
        "[{'color':'red','italic':false,'text':'Speed '},{'color':'gray','text':'when held if Off Hand is not empty.'}]",
        "{'text':' '}",
        "{'color':'gray','italic':false,'text':'When in Main Hand:'}",
        "{'color':'dark_green','italic':false,'text':' 12 Attack Damage'}",
        "{'color':'dark_green','italic':false,'text':' 0.7 Attack Speed'}",
        "{'color':'dark_green','italic':false,'text':' +0.75 Entity Reach'}"
      ],
      "minecraft:item_name": "{\"text\":\"Netherite Halberd\"}",
      "minecraft:item_model": "ppg:we/halberd/netherite"
    },
    "conditions": [
      {
        "condition": "minecraft:entity_properties",
        "entity": "this",
        "predicate": {
          "equipment": {
            "mainhand": {
              "items": "minecraft:netherite_axe",
              "components": {
                "minecraft:item_model": "ppg:we/halberd/diamond"
              }
            }
          }
        }
      }
    ]
  },
  {
    "function": "minecraft:set_components",
    "components": {
      "minecraft:attribute_modifiers": {
        "modifiers": [
          {
            "type": "minecraft:attack_damage",
            "id": "attack_damage.knuckles",
            "amount": 3.25,
            "operation": "add_value",
            "slot": "mainhand"
          },
          {
            "type": "minecraft:attack_speed",
            "id": "attack_speed",
            "amount": -1.6,
            "operation": "add_value",
            "slot": "mainhand"
          },
          {
            "type": "minecraft:attack_damage",
            "id": "attack_damage_offhand.close_combat",
            "amount": 0,
            "operation": "add_value",
            "slot": "offhand"
          }
        ],
        "show_in_tooltip": false
      },
      "minecraft:lore": [
        "{'text':' '}",
        "{'bold':true,'color':'white','italic':false,'text':'[CLOSE COMBAT]'}",
        "{'color':'gray','italic':false,'text':'When knuckles are held in both hands, '}",
        "{'color':'gray','italic':false,'text':'combine their damage bonuses. '}",
        "{'text':' '}",
        "{'color':'gray','italic':false,'text':'When in Main Hand:'}",
        "{'color':'dark_green','italic':false,'text':' 4.25 Attack Damage'}",
        "{'color':'dark_green','italic':false,'text':' 2.4 Attack Speed'}"
      ],
      "minecraft:item_name": "{\"text\":\"Netherite Knuckles\"}",
      "minecraft:item_model": "ppg:we/knuckles/netherite"
    },
    "conditions": [
      {
        "condition": "minecraft:entity_properties",
        "entity": "this",
        "predicate": {
          "equipment": {
            "mainhand": {
              "items": "minecraft:netherite_pickaxe",
              "components": {
                "minecraft:item_model": "ppg:we/knuckles/diamond"
              }
            }
          }
        }
      }
    ]
  },
  {
    "function": "minecraft:set_components",
    "components": {
      "minecraft:attribute_modifiers": {
        "modifiers": [
          {
            "type": "minecraft:attack_damage",
            "id": "attack_damage.twinblade",
            "amount": 6,
            "operation": "add_value",
            "slot": "mainhand"
          },
          {
            "type": "minecraft:attack_speed",
            "id": "attack_speed",
            "amount": -3.2,
            "operation": "add_value",
            "slot": "mainhand"
          },
          {
            "type": "minecraft:attack_damage",
            "id": "attack_damage.spin_combo",
            "amount": 0,
            "operation": "add_value",
            "slot": "mainhand"
          },
          {
            "type": "minecraft:attack_speed",
            "id": "attack_speed.spin_combo_spin1",
            "amount": 0,
            "operation": "add_value",
            "slot": "mainhand"
          },
          {
            "type": "minecraft:attack_speed",
            "id": "attack_speed.spin_combo_spin2",
            "amount": 0,
            "operation": "add_value",
            "slot": "mainhand"
          },
          {
            "type": "minecraft:attack_speed",
            "id": "attack_speed.spin_combo_heavy",
            "amount": 0,
            "operation": "add_value",
            "slot": "mainhand"
          }
        ],
        "show_in_tooltip": false
      },
      "lore": [
        "{'text':' '}",
        "{'bold':true,'color':'white','italic':false,'text':'[SPIN COMBO]'}",
        "{'color':'gray','italic':false,'text':'Landing consecutive hits on good'}",
        "{'color':'gray','italic':false,'text':'timing increases attack speed until'}",
        "{'color':'gray','italic':false,'text':'a strong heavy attack can be used.'}",
        "{'text':' '}",
        "{'color':'gray','italic':false,'text':'When in Main Hand:'}",
        "{'color':'dark_green','italic':false,'text':' 7 Attack Damage'}",
        "{'color':'dark_green','italic':false,'text':' 0.8 Attack Speed'}"
      ],
      "minecraft:item_name": "{\"text\":\"Netherite Twinblade\"}",
      "minecraft:item_model": "ppg:we/twinblade/netherite"
    },
    "conditions": [
      {
        "condition": "minecraft:entity_properties",
        "entity": "this",
        "predicate": {
          "equipment": {
            "mainhand": {
              "items": "minecraft:netherite_sword",
              "components": {
                "minecraft:item_model": "ppg:we/twinblade/diamond"
              }
            }
          }
        }
      }
    ]
  },
  {
    "function": "minecraft:set_components",
    "components": {
      "minecraft:attribute_modifiers": {
        "modifiers": [
          {
            "type": "minecraft:attack_damage",
            "id": "attack_damage.longsword",
            "amount": 8,
            "operation": "add_value",
            "slot": "mainhand"
          },
          {
            "type": "minecraft:attack_speed",
            "id": "attack_speed",
            "amount": -2.8,
            "operation": "add_value",
            "slot": "mainhand"
          },
          {
            "type": "minecraft:entity_interaction_range",
            "id": "entity_interaction_range",
            "amount": 0.5,
            "operation": "add_value",
            "slot": "mainhand"
          },
          {
            "type": "minecraft:movement_speed",
            "id": "movement_speed.two_handed",
            "amount": 0,
            "operation": "add_multiplied_base",
            "slot": "mainhand"
          },
          {
            "type": "minecraft:attack_speed",
            "id": "attack_speed.two_handed",
            "amount": 0,
            "operation": "add_multiplied_base",
            "slot": "mainhand"
          }
        ],
        "show_in_tooltip": false
      },
      "minecraft:lore": [
        "{'text':' '}",
        "{'bold':true,'color':'white','italic':false,'text':'[TWO-HANDED]'}",
        "[{'color':'red','italic':false,'text':'-50% Attack Speed '},{'color':'gray','italic':false,'text':'and'},{'color':'red','italic':false,'text':' -30% Movement'}]",
        "[{'color':'red','italic':false,'text':'Speed '},{'color':'gray','text':'when held if Off Hand is not empty.'}]",
        "{'text':' '}",
        "{'color':'gray','italic':false,'text':'When in Main Hand:'}",
        "{'color':'dark_green','italic':false,'text':' 9 Attack Damage'}",
        "{'color':'dark_green','italic':false,'text':' 1.2 Attack Speed'}",
        "{'color':'dark_green','italic':false,'text':' +0.5 Entity Reach'}"
      ],
      "minecraft:item_name": "{\"text\":\"Netherite Longsword\"}",
      "minecraft:item_model": "ppg:we/longsword/netherite"
    },
    "conditions": [
      {
        "condition": "minecraft:entity_properties",
        "entity": "this",
        "predicate": {
          "equipment": {
            "mainhand": {
              "items": "minecraft:netherite_sword",
              "components": {
                "minecraft:item_model": "ppg:we/longsword/diamond"
              }
            }
          }
        }
      }
    ]
  },
  {
    "function": "minecraft:set_components",
    "components": {
      "minecraft:attribute_modifiers": {
        "modifiers": [
          {
            "type": "minecraft:attack_damage",
            "id": "attack_damage.spear",
            "amount": 7.5,
            "operation": "add_value",
            "slot": "mainhand"
          },
          {
            "type": "minecraft:attack_speed",
            "id": "attack_speed",
            "amount": -2.9,
            "operation": "add_value",
            "slot": "mainhand"
          },
          {
            "type": "minecraft:entity_interaction_range",
            "id": "entity_interaction_range",
            "amount": 1.5,
            "operation": "add_value",
            "slot": "mainhand"
          }
        ],
        "show_in_tooltip": false
      },
      "lore": [
        "{'bold':true,'color':'white','italic':false,'text':'[CRITICAL RANGE]'}",
        "{'color':'gray','italic':false,'text':'Hitting a target within 2.5'}",
        "{'color':'gray','italic':false,'text':'blocks applies a short duration'}",
        "{'color':'gray','italic':false,'text':'of strong slowness and mining'}",
        "{'color':'gray','italic':false,'text':'fatigue on the user.'}",
        "{'text':' '}",
        "{'color':'gray','italic':false,'text':'When in Main Hand:'}",
        "{'color':'dark_green','italic':false,'text':' 8.5 Attack Damage'}",
        "{'color':'dark_green','italic':false,'text':' 1.1 Attack Speed'}",
        "{'color':'dark_green','italic':false,'text':' +1.5 Entity Reach'}"
      ],
      "minecraft:item_name": "{\"text\":\"Netherite Spear\"}",
      "minecraft:item_model": "ppg:we/spear/netherite"
    },
    "conditions": [
      {
        "condition": "minecraft:entity_properties",
        "entity": "this",
        "predicate": {
          "equipment": {
            "mainhand": {
              "items": "minecraft:netherite_axe",
              "components": {
                "minecraft:item_model": "ppg:we/spear/diamond"
              }
            }
          }
        }
      }
    ]
  }
]
