{
	"processors": [
		{
			"processor_type": "minecraft:rule",
			"rules": [
				{
					"location_predicate": {
						"predicate_type": "minecraft:always_true"
					},
					"input_predicate": {
						"predicate_type": "minecraft:random_block_match",
						"block": "minecraft:smooth_sandstone",
						"probability": 0.2
					},
					"output_state": {
						"Name": "minecraft:sandstone"
					}
				},
				{
					"location_predicate": {
						"predicate_type": "minecraft:always_true"
					},
					"input_predicate": {
						"predicate_type": "minecraft:random_block_match",
						"block": "minecraft:vine",
						"probability": 0.5
					},
					"output_state": {
						"Name": "minecraft:air"
					}
				}
			]
		}
	]
}
