{
    "name": "kattersstructures:desert_dungeon/mobs",
    "fallback": "minecraft:empty",
    "elements": [{
        "weight": 5,
        "element": {
            "element_type": "minecraft:single_pool_element",
            "projection": "rigid",
            "processors": "minecraft:empty",
            "location": "kattersstructures:desert_dungeon/mobs/desert_dungeon_mob_01"
        }
    },{
        "weight": 4,
        "element": {
            "element_type": "minecraft:single_pool_element",
            "projection": "rigid",
            "processors": "minecraft:empty",
            "location": "kattersstructures:desert_dungeon/mobs/desert_dungeon_mob_02"
        }
    },{
        "weight": 3,
        "element": {
            "element_type": "minecraft:single_pool_element",
            "projection": "rigid",
            "processors": "minecraft:empty",
            "location": "kattersstructures:desert_dungeon/mobs/desert_dungeon_mob_03"
        }
    },{
        "weight": 2,
        "element": {
            "element_type": "minecraft:single_pool_element",
            "projection": "rigid",
            "processors": "minecraft:empty",
            "location": "kattersstructures:desert_dungeon/mobs/desert_dungeon_mob_04"
        }
    },{
        "weight": 1,
        "element": {
            "element_type": "minecraft:single_pool_element",
            "projection": "rigid",
            "processors": "minecraft:empty",
            "location": "kattersstructures:desert_dungeon/mobs/desert_dungeon_mob_05"
        }
    }
]
}