{
    "name": "kattersstructures:desert_dungeon/spawner",
    "fallback": "minecraft:empty",
    "elements": [{
        "weight": 10,
        "element": {
            "element_type": "minecraft:single_pool_element",
            "projection": "rigid",
            "processors": "minecraft:empty",
            "location": "kattersstructures:desert_dungeon/decor/spawner/desert_dungeon_spawner_01"
        }
    },{
        "weight": 10,
        "element": {
            "element_type": "minecraft:single_pool_element",
            "projection": "rigid",
            "processors": "minecraft:empty",
            "location": "kattersstructures:desert_dungeon/decor/spawner/desert_dungeon_spawner_02"
        }
    },{
        "weight": 10,
        "element": {
            "element_type": "minecraft:single_pool_element",
            "projection": "rigid",
            "processors": "minecraft:empty",
            "location": "kattersstructures:desert_dungeon/decor/spawner/desert_dungeon_spawner_03"
        }
    },{
        "weight": 1,
        "element": {
            "element_type": "minecraft:single_pool_element",
            "projection": "rigid",
            "processors": "minecraft:empty",
            "location": "kattersstructures:desert_dungeon/decor/spawner/desert_dungeon_spawner_04"
        }
    }
]
}