{
    "name": "kattersstructures:desert_dungeon/treasure",
    "fallback": "minecraft:empty",
    "elements": [{
        "weight": 2,
        "element": {
            "element_type": "minecraft:single_pool_element",
            "projection": "rigid",
            "processors": "minecraft:empty",
            "location": "kattersstructures:desert_dungeon/decor/treasure/desert_dungeon_treasure_01"
        }
    },{
        "weight": 2,
        "element": {
            "element_type": "minecraft:single_pool_element",
            "projection": "rigid",
            "processors": "minecraft:empty",
            "location": "kattersstructures:desert_dungeon/decor/treasure/desert_dungeon_treasure_02"
        }
    },{
        "weight": 1,
        "element": {
            "element_type": "minecraft:single_pool_element",
            "projection": "rigid",
            "processors": "minecraft:empty",
            "location": "kattersstructures:desert_dungeon/decor/treasure/desert_dungeon_treasure_03"
        }
    }
]
}