{
  "pools": [
    {
      "rolls": {
        "type": "minecraft:uniform",
        "min": 3,
        "max": 5
      },
      "entries": [
        {
          "type": "minecraft:item",
          "name": "minecraft:torch",
          "weight": 3,
          "functions": [
            {
              "function": "minecraft:set_count",
              "count": {
                "type": "minecraft:constant",
                "value": 4
              },
              "add": false
            }
          ]
        },
        {
          "type": "minecraft:item",
          "name": "minecraft:stick",
          "weight": 3,
          "functions": [
            {
              "function": "minecraft:set_count",
              "count": {
                "type": "minecraft:constant",
                "value": 4
              },
              "add": false
            }
          ]
        },
        {
          "type": "minecraft:item",
          "name": "minecraft:oak_planks",
          "weight": 3,
          "functions": [
            {
              "function": "minecraft:set_count",
              "count": {
                "type": "minecraft:constant",
                "value": 4
              },
              "add": false
            }
          ]
        },
        {
          "type": "minecraft:item",
          "name": "minecraft:oak_log",
          "weight": 2,
          "functions": [
            {
              "function": "minecraft:set_count",
              "count": {
                "type": "minecraft:uniform",
                "min": 1,
                "max": 4
              },
              "add": false
            }
          ]
        },
        {
          "type": "minecraft:item",
          "name": "minecraft:arrow",
          "weight": 1,
          "functions": [
            {
              "function": "minecraft:set_count",
              "count": {
                "type": "minecraft:constant",
                "value": 4
              },
              "add": false
            }
          ]
        }
      ]
    },
    {
      "rolls": {
        "type": "minecraft:uniform",
        "min": 2,
        "max": 3
      },
      "entries": [
        {
          "type": "minecraft:item",
          "name": "minecraft:torch",
          "weight": 3,
          "functions": [
            {
              "function": "minecraft:set_count",
              "count": {
                "type": "minecraft:constant",
                "value": 4
              },
              "add": false
            }
          ]
        },
        {
          "type": "minecraft:item",
          "name": "minecraft:oak_planks",
          "weight": 3,
          "functions": [
            {
              "function": "minecraft:set_count",
              "count": {
                "type": "minecraft:constant",
                "value": 4
              },
              "add": false
            }
          ]
        },
        {
          "type": "minecraft:item",
          "name": "minecraft:oak_log",
          "weight": 2,
          "functions": [
            {
              "function": "minecraft:set_count",
              "count": {
                "type": "minecraft:uniform",
                "min": 1,
                "max": 4
              },
              "add": false
            }
          ]
        },
        {
          "type": "minecraft:item",
          "name": "minecraft:arrow",
          "weight": 1,
          "functions": [
            {
              "function": "minecraft:set_count",
              "count": {
                "type": "minecraft:constant",
                "value": 4
              },
              "add": false
            }
          ]
        }
      ],
      "conditions": [
        {
          "condition": "minecraft:any_of",
          "terms": [
            {
              "condition": "minecraft:time_check",
              "value": {
                "min": 12542,
                "max": 23459
              },
              "period": 24000
            },
            {
              "condition": "minecraft:weather_check",
              "thundering": true
            }
          ]
        }
      ]
    },
    {
      "rolls": {
        "type": "minecraft:uniform",
        "min": 1,
        "max": 2
      },
      "entries": [
        {
          "type": "minecraft:item",
          "name": "minecraft:wheat",
          "weight": 1,
          "functions": [
            {
              "function": "minecraft:set_count",
              "count": {
                "type": "minecraft:uniform",
                "min": 3,
                "max": 6
              },
              "add": false
            }
          ]
        },
        {
          "type": "minecraft:item",
          "name": "minecraft:cookie",
          "weight": 1,
          "functions": [
            {
              "function": "minecraft:set_count",
              "count": {
                "type": "minecraft:uniform",
                "min": 1,
                "max": 4
              },
              "add": false
            }
          ],
          "conditions": [
            {
              "condition": "minecraft:weather_check",
              "thundering": false
            },
            {
              "condition": "minecraft:time_check",
              "value": {
                "min": -540,
                "max": 12541
              },
              "period": 24000
            }
          ]
        },
        {
          "type": "minecraft:item",
          "name": "minecraft:cookie",
          "weight": 3,
          "functions": [
            {
              "function": "minecraft:set_count",
              "count": {
                "type": "minecraft:uniform",
                "min": 3,
                "max": 7
              },
              "add": false
            }
          ],
          "conditions": [
            {
              "condition": "minecraft:any_of",
              "terms": [
                {
                  "condition": "minecraft:time_check",
                  "value": {
                    "min": 12542,
                    "max": 23459
                  },
                  "period": 24000
                },
                {
                  "condition": "minecraft:weather_check",
                  "thundering": true
                }
              ]
            }
          ]
        },
        {
          "type": "minecraft:item",
          "name": "minecraft:bread",
          "weight": 1,
          "functions": [
            {
              "function": "minecraft:set_count",
              "count": {
                "type": "minecraft:uniform",
                "min": 1,
                "max": 2
              },
              "add": false
            }
          ],
          "conditions": [
            {
              "condition": "minecraft:weather_check",
              "thundering": false
            },
            {
              "condition": "minecraft:time_check",
              "value": {
                "min": -540,
                "max": 12541
              },
              "period": 24000
            }
          ]
        },
        {
          "type": "minecraft:item",
          "name": "minecraft:bread",
          "weight": 3,
          "functions": [
            {
              "function": "minecraft:set_count",
              "count": {
                "type": "minecraft:uniform",
                "min": 1,
                "max": 2
              },
              "add": false
            }
          ],
          "conditions": [
            {
              "condition": "minecraft:any_of",
              "terms": [
                {
                  "condition": "minecraft:time_check",
                  "value": {
                    "min": 12542,
                    "max": 23459
                  },
                  "period": 24000
                },
                {
                  "condition": "minecraft:weather_check",
                  "thundering": true
                }
              ]
            }
          ]
        }
      ]
    },
    {
      "rolls": {
        "type": "minecraft:constant",
        "value": 1
      },
      "entries": [
        {
          "type": "minecraft:item",
          "name": "minecraft:compass",
          "weight": 1
        },
        {
          "type": "minecraft:empty",
          "weight": 1
        },
        {
          "type": "minecraft:empty",
          "weight": 1,
          "conditions": [
            {
              "condition": "minecraft:weather_check",
              "thundering": false
            },
            {
              "condition": "minecraft:time_check",
              "value": {
                "min": -540,
                "max": 12541
              },
              "period": 24000
            }
          ]
        }
      ]
    },
    {
      "rolls": {
        "type": "minecraft:constant",
        "value": 1
      },
      "entries": [
        {
          "type": "minecraft:item",
          "name": "minecraft:clock",
          "weight": 1
        },
        {
          "type": "minecraft:empty",
          "weight": 1
        },
        {
          "type": "minecraft:empty",
          "weight": 1,
          "conditions": [
            {
              "condition": "minecraft:weather_check",
              "thundering": false
            },
            {
              "condition": "minecraft:time_check",
              "value": {
                "min": -540,
                "max": 12541
              },
              "period": 24000
            }
          ]
        }
      ]
    },
    {
      "rolls": {
        "type": "minecraft:constant",
        "value": 1
      },
      "entries": [
        {
          "type": "minecraft:item",
          "name": "minecraft:lead",
          "weight": 1
        },
        {
          "type": "minecraft:empty",
          "weight": 1
        },
        {
          "type": "minecraft:empty",
          "weight": 1,
          "conditions": [
            {
              "condition": "minecraft:weather_check",
              "thundering": false
            },
            {
              "condition": "minecraft:time_check",
              "value": {
                "min": -540,
                "max": 12541
              },
              "period": 24000
            }
          ]
        }
      ]
    },
    {
      "rolls": {
        "type": "minecraft:uniform",
        "min": 1,
        "max": 3
      },
      "entries": [
        {
          "type": "minecraft:item",
          "name": "minecraft:rotten_flesh",
          "weight": 1,
          "functions": [
            {
              "function": "minecraft:set_count",
              "count": {
                "type": "minecraft:uniform",
                "min": 1,
                "max": 4
              },
              "add": false
            }
          ]
        }
      ],
      "conditions": [
        {
          "condition": "minecraft:any_of",
          "terms": [
            {
              "condition": "minecraft:time_check",
              "value": {
                "min": 12542,
                "max": 23459
              },
              "period": 24000
            },
            {
              "condition": "minecraft:weather_check",
              "thundering": true
            }
          ]
        }
      ]
    },
    {
      "rolls": {
        "type": "minecraft:uniform",
        "min": 1,
        "max": 3
      },
      "entries": [
        {
          "type": "minecraft:item",
          "name": "minecraft:bone",
          "weight": 1,
          "functions": [
            {
              "function": "minecraft:set_count",
              "count": {
                "type": "minecraft:uniform",
                "min": 1,
                "max": 3
              },
              "add": false
            }
          ]
        }
      ],
      "conditions": [
        {
          "condition": "minecraft:any_of",
          "terms": [
            {
              "condition": "minecraft:time_check",
              "value": {
                "min": 12542,
                "max": 23459
              },
              "period": 24000
            },
            {
              "condition": "minecraft:weather_check",
              "thundering": true
            }
          ]
        }
      ]
    },
    {
      "rolls": {
        "type": "minecraft:uniform",
        "min": 3,
        "max": 9
      },
      "entries": [
        {
          "type": "minecraft:item",
          "name": "minecraft:mud"
        }
      ]
    }
  ],
  "random_sequence": "pale_formations:bundles/pale_imitation/pale_imitation_bundle"
}
