{
  "criteria": {
    "requirement": {
      "trigger": "minecraft:player_hurt_entity",
      "conditions": {
        "player": {
          "equipment": {
            "mainhand": {
              "items": "#minecraft:swords",
              "predicates": {
                "minecraft:attribute_modifiers": {
                  "modifiers": {
                    "contains": [
                      {
                        "id": "attack_speed.spin_combo_spin1",
                        "amount": 0
                      }
                    ]
                  }
                }
              }
            }
          }
        }
      }
    }
  },
  "rewards": {
    "function": "ppgwe:item/twinblade/spin1"
  }
}
