{
  "criteria": {
    "requirement": {
      "trigger": "minecraft:player_hurt_entity",
      "conditions": {
        "player": [
          {
            "condition": "minecraft:entity_scores",
            "entity": "this",
            "scores": {
              "ppg.twinblade_spin_timer": {
                "min": 1,
                "max": 10
              }
            }
          },
          {
            "condition": "minecraft:entity_properties",
            "entity": "this",
            "predicate": {
              "equipment": {
                "mainhand": {
                  "items": "#minecraft:swords",
                  "predicates": {
                    "minecraft:attribute_modifiers": {
                      "modifiers": {
                        "contains": [
                          {
                            "id": "attack_speed.spin_combo_spin1",
                            "amount": {
                              "min": 0.1
                            }
                          },
                          {
                            "id": "attack_speed.spin_combo_spin2",
                            "amount": 0
                          }
                        ]
                      }
                    }
                  }
                }
              }
            }
          }
        ]
      }
    }
  },
  "rewards": {
    "function": "ppgwe:item/twinblade/spin2"
  }
}
