{
  "function": "minecraft:set_components",
  "components": {
    "minecraft:charged_projectiles": [
      {
        "id": "minecraft:firework_rocket",
        "count": 3,
        "components": {
          "minecraft:fireworks": {
            "flight_duration": 0,
            "explosions": [
              {
                "shape": "small_ball",
                "colors": [
                  61183,
                  4163837
                ],
                "fade_colors": [
                  2372351
                ],
                "has_trail": false,
                "has_twinkle": false
              }
            ]
          }
        }
      }
    ]
  }
}