{
  "display": {
    "icon": {
      "id": "minecraft:experience_bottle"
    },
    "title": "Walking Is An Experience...",
    "description": "Obtain Experient Trousers",
    "frame": "task",
    "show_toast": true,
    "announce_to_chat": true,
    "hidden": false
  },
  "parent": "mt:treasure_advancements/first_rare_lush_caves_treasure",
  "criteria": {
    "obtainchest": {
      "trigger": "minecraft:inventory_changed",
      "conditions": {
        "items": [
          {
            "items": [
              "minecraft:leather_leggings"
            ],
            "predicates": {
              "minecraft:enchantments": [
                {
                  "enchantments": "mt:armor/experient_trousers"
                }
              ]
            }
          }
        ]
      }
    }
  }
}
