{
	"feature": {
		"type": "minecraft:block_column",
		"config": {
			"direction": "up",
			"allowed_placement": {
				"type": "minecraft:matching_blocks",
				"offset": [
					0,
					-1,
					0
				],
				"blocks": "minecraft:air"
			},
			"prioritize_tip": false,
			"layers": [
				{
					"height": 3,
					"provider": {
						"type": "minecraft:simple_state_provider",
						"state": {
							"Name": "minecraft:birch_wood",
							"Properties": {
								"axis": "y"
							}
						}
					}
				}
			]
		}
	},
	"placement": [
		{
			"type": "minecraft:biome"
		},
		{
			"type": "minecraft:count",
			"count": 180
		},
		{
			"type": "minecraft:count",
			"count": 55
		},
		{
			"type": "minecraft:in_square"
		},
		{
			"type": "minecraft:height_range",
			"height": {
				"type": "minecraft:uniform",
				"min_inclusive": {
					"above_bottom": 32
				},
				"max_inclusive": {
					"absolute": 80
				}
			}
		},
		{
			"type": "minecraft:environment_scan",
			"direction_of_search": "up",
			"max_steps": 32,
			"target_condition": {
				"type": "minecraft:all_of",
				"predicates": [
					{
						"type": "minecraft:matching_blocks",
						"offset": [
							0,
							-1,
							0
						],
						"blocks": "minecraft:birch_log"
					},
					{
						"type": "minecraft:matching_blocks",
						"offset": [
							0,
							0,
							0
						],
						"blocks": [
							"minecraft:air"
						]
					},
					{
						"type": "minecraft:any_of",
						"predicates": [
							{
								"type": "minecraft:matching_block_tag",
								"offset": [
									0,
									1,
									0
								],
								"tag": "cavernous:biomes/undergrowth/solids"
							},
							{
								"type": "minecraft:matching_block_tag",
								"offset": [
									0,
									2,
									0
								],
								"tag": "cavernous:biomes/undergrowth/solids"
							},
							{
								"type": "minecraft:matching_block_tag",
								"offset": [
									0,
									3,
									0
								],
								"tag": "cavernous:biomes/undergrowth/solids"
							}
						]
					}
				]
			},
			"allowed_search_condition": {
				"type": "minecraft:true"
			}
		}
	]
}
