{
  "type": "minecraft:crafting_shaped",
  "pattern": [
    "xxx",
    "sxs",
    "xdx"
  ],
  "key": {
    "x": "minecraft:bone_block",
    "s": "minecraft:netherite_scrap",
    "d": "minecraft:diamond"
  },
  "result": {
    "id": "minecraft:player_head",
    "components": {
      "minecraft:custom_data": "{fkbm:{totem:1b}}",
      "minecraft:custom_name": "{\"color\":\"aqua\",\"italic\":false,\"text\":\"Totem of Weakness\"}",
      "minecraft:lore": [
        "{\"text\":\"A Totem that prevent nearby mobs from behing enhanced.\",\"color\":\"white\",\"italic\":false}",
        "{\"text\":\"Place it on a lit copper bulb to activate it.\",\"color\":\"white\",\"italic\":false}",
        "{\"text\":\"The more oxidized is the copper bulb, the less efficient is the beacon.\",\"color\":\"white\",\"italic\":false}",
        "{\"text\":\"-25% range per level of oxidization. Default max range: 64.\",\"color\":\"gray\",\"italic\":false}"
      ],
      "minecraft:profile": {
        "name": "properties",
        "properties": [
          {
            "name": "textures",
            "value": "eyJ0ZXh0dXJlcyI6eyJTS0lOIjp7InVybCI6Imh0dHA6Ly90ZXh0dXJlcy5taW5lY3JhZnQubmV0L3RleHR1cmUvMjNlMTM5MWVmNDhjZTJlMTFhNjA3NDcwNzcwMWY2NTYyY2M0MDE1Yzk2ZmI2NmVhNjU2ZmNhZTcwNzdhZjE4YyJ9fX0="
          }
        ]
      }
    }
  }
}