{
  "type": "minecraft:chest",
  "pools": [
    {
      "rolls": {
        "type": "minecraft:uniform",
        "min": 2,
        "max": 4
      },
      "entries": [
        {
          "type": "minecraft:item",
          "weight": 12,
          "name": "minecraft:copper_ingot",
          "functions": [
            {
              "function": "minecraft:set_count",
              "count": {
                "type": "minecraft:uniform",
                "min": 1,
                "max": 3
              },
              "add": false
            }
          ]
        },
        {
          "type": "minecraft:item",
          "weight": 6,
          "name": "minecraft:iron_ingot",
          "functions": [
            {
              "function": "minecraft:set_count",
              "count": {
                "type": "minecraft:uniform",
                "min": 1,
                "max": 2
              },
              "add": false
            }
          ]
        },
        {
          "type": "minecraft:item",
          "weight": 2,
          "name": "minecraft:diamond"
        }
      ]
    },
    {
      "rolls": {
        "type": "minecraft:uniform",
        "min": 2,
        "max": 5
      },
      "entries": [
        {
          "type": "minecraft:item",
          "weight": 5,
          "name": "minecraft:arrow",
          "functions": [
            {
              "function": "minecraft:set_count",
              "count": {
                "type": "minecraft:uniform",
                "min": 1,
                "max": 4
              },
              "add": false
            }
          ]
        },
        {
          "type": "minecraft:item",
          "weight": 4,
          "name": "minecraft:tipped_arrow",
          "functions": [
            {
              "function": "minecraft:set_potion",
              "id": "minecraft:slowness"
            },
            {
              "function": "minecraft:set_count",
              "count": {
                "type": "minecraft:uniform",
                "min": 1,
                "max": 2
              },
              "add": false
            }
          ]
        },
        {
          "type": "minecraft:item",
          "weight": 3,
          "name": "minecraft:experience_bottle"
        }
      ]
    },
    {
      "rolls": {
        "type": "minecraft:uniform",
        "min": 1,
        "max": 2
      },
      "entries": [
        {
          "type": "minecraft:item",
          "weight": 1,
          "name": "minecraft:iron_axe",
          "functions": [
            {
              "function": "minecraft:enchant_with_levels",
              "levels": {
                "type": "minecraft:uniform",
                "min": 5,
                "max": 15
              },
              "options": "#minecraft:non_treasure"
            },
            {
              "function": "minecraft:set_damage",
              "damage": {
                "type": "minecraft:uniform",
                "min": 0.3,
                "max": 0.6
              }
            }
          ]
        },
        {
          "type": "minecraft:item",
          "weight": 1,
          "name": "minecraft:iron_sword",
          "functions": [
            {
              "function": "minecraft:enchant_with_levels",
              "levels": {
                "type": "minecraft:uniform",
                "min": 5,
                "max": 15
              },
              "options": "#minecraft:non_treasure"
            },
            {
              "function": "minecraft:set_damage",
              "damage": {
                "type": "minecraft:uniform",
                "min": 0.3,
                "max": 0.6
              }
            }
          ]
        },
        {
          "type": "minecraft:item",
          "weight": 1,
          "name": "minecraft:iron_helmet",
          "functions": [
            {
              "function": "minecraft:enchant_with_levels",
              "levels": {
                "type": "minecraft:uniform",
                "min": 5,
                "max": 15
              },
              "options": "#minecraft:non_treasure"
            },
            {
              "function": "minecraft:set_damage",
              "damage": {
                "type": "minecraft:uniform",
                "min": 0.3,
                "max": 0.6
              }
            }
          ]
        },
        {
          "type": "minecraft:item",
          "weight": 1,
          "name": "minecraft:iron_chestplate",
          "functions": [
            {
              "function": "minecraft:enchant_with_levels",
              "levels": {
                "type": "minecraft:uniform",
                "min": 5,
                "max": 15
              },
              "options": "#minecraft:non_treasure"
            },
            {
              "function": "minecraft:set_damage",
              "damage": {
                "type": "minecraft:uniform",
                "min": 0.3,
                "max": 0.6
              }
            }
          ]
        },
        {
          "type": "minecraft:item",
          "weight": 1,
          "name": "minecraft:iron_leggings",
          "functions": [
            {
              "function": "minecraft:enchant_with_levels",
              "levels": {
                "type": "minecraft:uniform",
                "min": 5,
                "max": 15
              },
              "options": "#minecraft:non_treasure"
            },
            {
              "function": "minecraft:set_damage",
              "damage": {
                "type": "minecraft:uniform",
                "min": 0.3,
                "max": 0.6
              }
            }
          ]
        },
        {
          "type": "minecraft:item",
          "weight": 1,
          "name": "minecraft:iron_boots",
          "functions": [
            {
              "function": "minecraft:enchant_with_levels",
              "levels": {
                "type": "minecraft:uniform",
                "min": 5,
                "max": 15
              },
              "options": "#minecraft:non_treasure"
            },
            {
              "function": "minecraft:set_damage",
              "damage": {
                "type": "minecraft:uniform",
                "min": 0.3,
                "max": 0.6
              }
            }
          ]
        }
      ]
    }
  ],
  "random_sequence": "wabi_sabi_structures:chests/frost_reactor_plant/frost_reactor_plant_military"
}
