{
    "structures": [
        {
            "weight": 1,
            "structure": "imst:flowerdome"
        },
        {
            "weight": 1,
            "structure": "imst:pyramid"
        },
        {
            "weight": 1,
            "structure": "imst:el_dorado"
        },
        {
            "weight": 1,
            "structure": "imst:airship"
        },
        {
            "weight": 1,
            "structure": "imst:dark_tower"
        },
        {
            "weight": 1,
            "structure": "imst:caravan"
        },
        {
            "weight": 1,
            "structure": "imst:viking_house"
        },
        {
            "weight": 1,
            "structure": "imst:fossil_swamp"
        },
        {
            "weight": 1,
            "structure": "imst:alpine_house"
        }
    ],
    "placement": {
        "type": "minecraft:random_spread",
        "spacing": 64,
        "separation": 32,
        "salt": 1921011862
    }
}