{
    "type": "minecraft:crafting_shaped",
    "category": "misc",
    "pattern": [
        "###",
        "XXI"
    ],
    "key": {
        "#": "minecraft:paper",
        "X": "minecraft:leather",
        "I": "minecraft:iron_nugget"
    },
    "result": {
        "count": 1,
        "id": "minecraft:bundle",
        "components": {
            "minecraft:item_model": "justjabka:atlas",
            "minecraft:item_name": "{\"translate\":\"item.atlas_jj.atlas\",\"fallback\":\"Atlas\"}",
            "minecraft:custom_data": {
                "atlas_jj.atlas": true,
                "atlas_jj.map": true
            }
        }
    }
}