{
	"display": {
		"icon": {
			"id": "minecraft:skeleton_skull"
		},
		"title": {
			"text": "Hint: Skull"
		},
		"description": {
			"text": "What happened to all these people..."
		},
		"frame": "task",
		"show_toast": true,
		"announce_to_chat": true,
		"hidden": true
	},
	"parent": "cavernous:expansion/secrets/hint",
	"criteria": {
		"parent": {
			"trigger": "minecraft:inventory_changed",
			"conditions": {
				"player": [
					{
						"condition": "minecraft:entity_properties",
						"entity": "this",
						"predicate": {
							"location": {
								"biomes": "cavernous:the_undergrowth"
							}
						}
					}
				],
				"items": [
					{
						"items": [
							"minecraft:skeleton_skull"
						]
					}
				]
			}
		}
	}
}
