{
	"display": {
		"icon": {
			"id": "minecraft:water_bucket"
		},
		"title": {
			"text": "Hint: Water?"
		},
		"description": {
			"text": "This isn't the color water should be..."
		},
		"frame": "task",
		"show_toast": true,
		"announce_to_chat": true,
		"hidden": true
	},
	"parent": "cavernous:expansion/secrets/hint",
	"criteria": {
		"parent": {
			"trigger": "minecraft:location",
			"conditions": {
				"player": [
					{
						"condition": "minecraft:entity_properties",
						"entity": "this",
						"predicate": {
							"location": {
								"biomes": "cavernous:the_undergrowth",
								"block": {
									"blocks": [
										"minecraft:water"
									]
								}
							}
						}
					}
				]
			}
		}
	}
}
