{
  "type": "minecraft:random_patch",
  "config": {
    "tries": 32,
    "xz_spread": 0,
    "y_spread": 0,
    "feature": {
      "feature": {
        "type": "minecraft:simple_random_selector",
        "config": {
          "features": [
            {
              "feature": "scorched:grass_patch",
              "placement": []
            },
            {
              "feature": "minecraft:patch_grass",
              "placement": [
                {
                  "type": "minecraft:block_predicate_filter",
                  "predicate": {
                    "type": "minecraft:matching_blocks",
                    "offset": [
                      0,
                      -1,
                      0
                    ],
                    "blocks": "minecraft:grass_block"
                  }
                }
              ]
            }
          ]
        }
      },
      "placement": []
    }
  }
}
