{
  "type": "minecraft:disk",
  "config": {
    "state_provider": {
      "fallback": {
        "type": "minecraft:weighted_state_provider",
        "entries": [
          {
            "weight": 2,
            "data": {
              "Name": "minecraft:red_sand"
            }
          },
          {
            "weight": 2,
            "data": {
              "Name": "minecraft:coarse_dirt"
            }
          },
          {
            "weight": 4,
            "data": {
              "Name": "minecraft:dirt"
            }
          }
        ]
      },
      "rules": []
    },
    "target": {
      "type": "minecraft:matching_block_tag",
      "tag": "scorched:sand_terrain"
    },
    "radius": {
      "type": "minecraft:uniform",
        "min_inclusive": 2,
        "max_inclusive": 5
    },
    "half_height": 1
  }
}
