{
  "type": "minecraft:disk",
  "config": {
    "state_provider": {
      "fallback": {
        "type": "minecraft:weighted_state_provider",
        "entries": [
          {
            "weight": 1,
            "data": {
              "Name": "minecraft:terracotta"
            }
          }
        ]
      },
      "rules": []
    },
    "target": {
      "type": "minecraft:matching_block_tag",
      "tag": "minecraft:dirt"
    },
    "radius": {
      "type": "minecraft:uniform",
        "min_inclusive": 6,
        "max_inclusive": 8
    },
    "half_height": 1
  }
}
