{
    "type": "minecraft:crafting_shaped",
    "group": "glass_swords",
    "category": "equipment",
    "pattern": [
        " E ",
        " E ",
        " # "
    ],
    "key": {
        "#": "minecraft:stick",
        "E": "minecraft:purple_stained_glass"
    },
    "result": {
        "count": 1,
        "id": "minecraft:stone_sword",
        "components": {
            "minecraft:item_name": "{\"fallback\":\"Purple Stained Glass Sword\",\"translate\":\"wasd.sword.purple_stained_glass\", \"italic\":false}",
            "minecraft:lore": [
                "{\"fallback\":\"Does very little damage, but causes bleeding.\",\"translate\": \"wasd.sword.glass.lore\", \"italic\":false, \"color\":blue}",
                "{\"fallback\":\"More Bleeding damage at lower durability.\",\"translate\": \"wasd.sword.glass.lore2\", \"italic\":false, \"color\":blue}"
            ],
            "minecraft:item_model": "wasd:swords/stained_glass/purple",
            "minecraft:max_damage": 32,
            "repairable": {"items": "purple_stained_glass"},
            "minecraft:custom_data": {
                "wasd_sword": 1,
                "wasd.sword_type": 28
            },
            "minecraft:attribute_modifiers": {
                "modifiers": [
                    {
                        "type": "minecraft:attack_damage",
                        "id": "6370001",
                        "amount": 2,
                        "operation": "add_value",
                        "slot": "mainhand"
                    },
                    {
                        "type": "minecraft:attack_speed",
                        "id": "6370001",
                        "amount": -2.4,
                        "operation": "add_value",
                        "slot": "mainhand"
                    }
                ]
            }
        }
    }
}