{
	"display": {
		"icon": {
			"id": "minecraft:calcite"
		},
		"title": {"translate":"Good For Your Bones"},
		"description": {"color":"green","translate":"Mine some Calcite encasing an Amethyst Geode"},
		"announce_to_chat": true
	},
	"parent": "blazeandcave:mining/gi_geode",
	"rewards": {
		"function": "bacap_rewards:mining/good_for_your_bones"
	},		
	"criteria": {
		"calcite": {
			"trigger": "minecraft:inventory_changed",
			"conditions": {
				"items": [
					{
						"items": [
							"minecraft:calcite"
						]
					}
				]
			}
		}
	}
}