{
	"display": {
		"icon": {
			"id": "minecraft:iron_helmet"
		},
		"title": {"translate":"Iron Man"},
		"description": {"color":"#75E1FF","translate":"Wear a full suit of iron armor"},
		"announce_to_chat": true,
		"frame": "goal"
	},
	"parent": "minecraft:story/obtain_armor",
	"rewards": {
		"function": "bacap_rewards:mining/iron_man"
	},
	"criteria": {
		"iron_armor": {
			"trigger": "minecraft:inventory_changed",
			"conditions": {
				"player": [
					{
						"condition": "minecraft:entity_properties",
						"entity": "this",
						"predicate": {
							"equipment": {
								"head": {
									"items": [
										"minecraft:iron_helmet"
									]
								},
								"chest": {
									"items": [
										"minecraft:iron_chestplate"
									]
								},
								"legs": {
									"items": [
										"minecraft:iron_leggings"
									]
								},
								"feet": {
									"items": [
										"minecraft:iron_boots"
									]
								}
							}
						}
					}
				]
			}
		}
	}
}