{
	"display": {
		"icon": {
			"id": "minecraft:smoker"
		},
		"title": {"translate":"Smokin' Hot"},
		"description": {"color":"green","translate":"Upgrade your furnace to a smoker using some logs"},
		"announce_to_chat": true
	},
	"parent": "blazeandcave:mining/renewable_energy",
	"rewards": {
		"function": "bacap_rewards:mining/smokin_hot"
	},		
	"criteria": {
		"smoker": {
			"trigger": "minecraft:inventory_changed",
			"conditions": {
				"items": [
					{
						"items": [
							"minecraft:smoker"
						]
					}
				]
			}
		}
	}
}