{
  "type": "minecraft:chest",
  "pools": [
    {
      "rolls": {
        "type": "minecraft:uniform",
        "min": 4,
        "max": 5
      },
      "entries": [
        {
          "type": "minecraft:item",
          "weight": 6,
          "name": "minecraft:rotten_flesh",
          "functions": [
            {
              "function": "minecraft:set_count",
              "count": {
                "type": "minecraft:uniform",
                "min": 1,
                "max": 4
              },
              "add": false
            }
          ]
        },
        {
          "type": "minecraft:item",
          "weight": 6,
          "name": "minecraft:bone",
          "functions": [
            {
              "function": "minecraft:set_count",
              "count": {
                "type": "minecraft:uniform",
                "min": 1,
                "max": 3
              },
              "add": false
            }
          ]
        },
        {
          "type": "minecraft:item",
          "weight": 4,
          "name": "minecraft:ender_pearl"
        },
        {
          "type": "minecraft:item",
          "weight": 2,
          "name": "minecraft:skeleton_skull"
        },
        {
          "type": "minecraft:item",
          "weight": 5,
          "name": "minecraft:tripwire_hook",
          "functions": [
            {
              "function": "minecraft:set_count",
              "count": {
                "type": "minecraft:uniform",
                "min": 1,
                "max": 2
              },
              "add": false
            }
          ]
        },
        {
          "type": "minecraft:item",
          "weight": 6,
          "name": "minecraft:gold_nugget",
          "functions": [
            {
              "function": "minecraft:set_count",
              "count": {
                "type": "minecraft:uniform",
                "min": 1,
                "max": 6
              },
              "add": false
            }
          ]
        },
        {
          "type": "minecraft:item",
          "weight": 4,
          "name": "minecraft:gold_ingot",
          "functions": [
            {
              "function": "minecraft:set_count",
              "count": {
                "type": "minecraft:uniform",
                "min": 1,
                "max": 2
              },
              "add": false
            }
          ]
        }
      ]
    },
    {
      "rolls": {
        "type": "minecraft:uniform",
        "min": 2,
        "max": 4
      },
      "entries": [
        {
          "type": "minecraft:item",
          "weight": 4,
          "name": "minecraft:baked_potato",
          "functions": [
            {
              "function": "minecraft:set_count",
              "count": {
                "type": "minecraft:uniform",
                "min": 1,
                "max": 3
              },
              "add": false
            }
          ]
        },
        {
          "type": "minecraft:item",
          "weight": 2,
          "name": "minecraft:cooked_beef",
          "functions": [
            {
              "function": "minecraft:set_count",
              "count": {
                "type": "minecraft:uniform",
                "min": 1,
                "max": 2
              },
              "add": false
            }
          ]
        },
        {
          "type": "minecraft:item",
          "weight": 2,
          "name": "minecraft:mushroom_stew"
        }
      ]
    },
    {
      "rolls": {
        "type": "minecraft:uniform",
        "min": 1,
        "max": 2
      },
      "entries": [
        {
          "type": "minecraft:item",
          "name": "minecraft:tipped_arrow",
          "functions": [
            {
              "function": "minecraft:set_potion",
              "id": "minecraft:weakness"
            },
            {
              "function": "minecraft:set_count",
              "count": {
                "type": "minecraft:uniform",
                "min": 1,
                "max": 2
              },
              "add": false
            }
          ]
        },
        {
          "type": "minecraft:item",
          "name": "minecraft:tipped_arrow",
          "functions": [
            {
              "function": "minecraft:set_potion",
              "id": "minecraft:slowness"
            },
            {
              "function": "minecraft:set_count",
              "count": {
                "type": "minecraft:uniform",
                "min": 1,
                "max": 2
              },
              "add": false
            }
          ]
        },
        {
          "type": "minecraft:item",
          "name": "minecraft:tipped_arrow",
          "functions": [
            {
              "function": "minecraft:set_potion",
              "id": "minecraft:healing"
            },
            {
              "function": "minecraft:set_count",
              "count": {
                "type": "minecraft:uniform",
                "min": 1,
                "max": 2
              },
              "add": false
            }
          ]
        }
      ]
    },
    {
      "rolls": 1,
      "entries": [
        {
          "type": "minecraft:item",
          "name": "minecraft:diamond_sword",
          "functions": [
            {
              "function": "minecraft:set_damage",
              "damage": {
                "type": "minecraft:uniform",
                "min": 0.2,
                "max": 0.6
              }
            }
          ]
        },
        {
          "type": "minecraft:item",
          "name": "minecraft:crossbow",
          "functions": [
            {
              "function": "minecraft:set_damage",
              "damage": {
                "type": "minecraft:uniform",
                "min": 0.3,
                "max": 0.7
              }
            }
          ]
        },
        {
          "type": "minecraft:item",
          "name": "minecraft:golden_helmet",
          "functions": [
            {
              "function": "minecraft:set_damage",
              "damage": {
                "type": "minecraft:uniform",
                "min": 0.5,
                "max": 0.9
              }
            }
          ]
        },
        {
          "type": "minecraft:item",
          "name": "minecraft:golden_chestplate",
          "functions": [
            {
              "function": "minecraft:set_damage",
              "damage": {
                "type": "minecraft:uniform",
                "min": 0.5,
                "max": 0.9
              }
            }
          ]
        },
        {
          "type": "minecraft:item",
          "name": "minecraft:golden_leggings",
          "functions": [
            {
              "function": "minecraft:set_damage",
              "damage": {
                "type": "minecraft:uniform",
                "min": 0.5,
                "max": 0.9
              }
            }
          ]
        },
        {
          "type": "minecraft:item",
          "name": "minecraft:golden_boots",
          "functions": [
            {
              "function": "minecraft:set_damage",
              "damage": {
                "type": "minecraft:uniform",
                "min": 0.5,
                "max": 0.9
              }
            }
          ]
        },
        {
          "type": "minecraft:item",
          "name": "minecraft:book",
          "functions": [
            {
              "function": "minecraft:enchant_with_levels",
              "levels": {
                "type": "minecraft:uniform",
                "min": 9,
                "max": 18
              },
              "options": "#minecraft:non_treasure"
            }
          ]
        },
        {
          "type": "minecraft:item",
          "name": "minecraft:goat_horn",
          "weight": 1,
          "functions": [
            {
              "function": "minecraft:set_components",
              "components": {
                "minecraft:instrument": "minecraft:seek_goat_horn"
              }
            }
          ]
        }
      ]
    },
    {
      "rolls": 1,
      "entries": [
        {
          "type": "minecraft:empty",
          "weight": 7
        },
        {
          "type": "minecraft:item",
          "name": "minecraft:sentry_armor_trim_smithing_template",
          "functions": [
            {
              "function": "minecraft:set_count",
              "count": {
                "type": "minecraft:constant",
                "value": 2
              },
              "add": false
            }
          ]
        }
      ]
    }
  ],
  "random_sequence": "wabi_sabi_structures:chests/infested_castle/infested_castle_treasure"
}
