{
	"type": "minecraft:chest",
	"pools": [
		{
			"rolls": {
				"min": 5,
				"max": 7
			},
			"bonus_rolls": {
				"min": 1,
				"max": 3
			},
			"entries": [
				{
					"type": "minecraft:item",
					"weight": 2,
					"name": "minecraft:bookshelf",
					"functions": [
						{
							"function": "minecraft:set_count",
							"count": {
								"min": 1,
								"max": 3
							}
						}
					]
				},
				{
					"type": "minecraft:item",
					"weight": 2,
					"name": "minecraft:chiseled_bookshelf"
				},
				{
					"type": "minecraft:item",
					"weight": 2,
					"name": "minecraft:book",
					"functions": [
						{
							"function": "minecraft:set_count",
							"count": {
								"min": 1,
								"max": 3
							}
						}
					]
				},
				{
					"type": "minecraft:item",
					"weight": 1,
					"name": "minecraft:writable_book"
				},
				{
					"type": "minecraft:item",
					"weight": 2,
					"name": "minecraft:book",
					"functions": [
						{
							"function": "minecraft:enchant_with_levels",
							"levels": {
								"min": 5,
								"max": 20
							}
						}
					]
				}
			]
		}
	],
	"random_sequence": "minecraft:chests/village/village_plains_house"
}
