{
    "name": "mstructure:mayan_temple/road",
    "fallback": "minecraft:empty",
    "elements": [
        {
            "weight": 1,
            "element": {
                "location": "mstructure:mayan_temple/extra/candle",
                "processors": "minecraft:empty",
                "projection": "rigid",
                "element_type": "minecraft:single_pool_element"
            }
        },
        {
            "weight": 1,
            "element": {
                "location": "mstructure:mayan_temple/extra/gold",
                "processors": "minecraft:empty",
                "projection": "rigid",
                "element_type": "minecraft:single_pool_element"
            }
        },
        {
            "weight": 1,
            "element": {
                "location": "mstructure:mayan_temple/extra/pot",
                "processors": "minecraft:empty",
                "projection": "rigid",
                "element_type": "minecraft:single_pool_element"
            }
        },
        {
            "weight": 1,
            "element": {
                "location": "mstructure:mayan_temple/extra/skull",
                "processors": "minecraft:empty",
                "projection": "rigid",
                "element_type": "minecraft:single_pool_element"
            }
        },
        {
            "weight": 1,
            "element": {
                "location": "mstructure:mayan_temple/extra/tnt",
                "processors": "minecraft:empty",
                "projection": "rigid",
                "element_type": "minecraft:single_pool_element"
            }
        },
        {
            "weight": 1,
            "element": {
                "location": "mstructure:mayan_temple/extra/chest",
                "processors": "minecraft:empty",
                "projection": "rigid",
                "element_type": "minecraft:single_pool_element"
            }
        },
        {
            "weight": 6,
            "element": {
                "location": "mstructure:mayan_temple/extra/empty",
                "processors": "minecraft:empty",
                "projection": "rigid",
                "element_type": "minecraft:single_pool_element"
            }
        }
    ]
}