{
    "name": "mstructure:mayan_temple/road",
    "fallback": "minecraft:empty",
    "elements": [
        {
            "weight": 3,
            "element": {
                "location": "mstructure:mayan_temple/road/straight",
                "processors": "minecraft:empty",
                "projection": "rigid",
                "element_type": "minecraft:single_pool_element"
            }
        },
        {
            "weight": 5,
            "element": {
                "location": "mstructure:mayan_temple/road/turn",
                "processors": "minecraft:empty",
                "projection": "rigid",
                "element_type": "minecraft:single_pool_element"
            }
        },
        {
            "weight": 5,
            "element": {
                "location": "mstructure:mayan_temple/road/t",
                "processors": "minecraft:empty",
                "projection": "rigid",
                "element_type": "minecraft:single_pool_element"
            }
        },
        {
            "weight": 3,
            "element": {
                "location": "mstructure:mayan_temple/road/x",
                "processors": "minecraft:empty",
                "projection": "rigid",
                "element_type": "minecraft:single_pool_element"
            }
        },
        {
            "weight": 2,
            "element": {
                "location": "mstructure:mayan_temple/room/treasure",
                "processors": "minecraft:empty",
                "projection": "rigid",
                "element_type": "minecraft:single_pool_element"
            }
        },
        {
            "weight": 2,
            "element": {
                "location": "mstructure:mayan_temple/other/chute_start",
                "processors": "minecraft:empty",
                "projection": "rigid",
                "element_type": "minecraft:single_pool_element"
            }
        },
        {
            "weight": 2,
            "element": {
                "location": "mstructure:mayan_temple/room/trap_hallway",
                "processors": "minecraft:empty",
                "projection": "rigid",
                "element_type": "minecraft:single_pool_element"
            }
        },
        {
            "weight": 3,
            "element": {
                "location": "mstructure:mayan_temple/road/stair",
                "processors": "minecraft:empty",
                "projection": "rigid",
                "element_type": "minecraft:single_pool_element"
            }
        }
    ]
}