{"parent": "minecraft:husbandry/tame_an_animal", "criteria": {"remove_wolf_armor": {"conditions": {"entity": [{"condition": "minecraft:entity_properties", "entity": "this", "predicate": {"type": "minecraft:wolf"}}], "item": {"items": "minecraft:shears"}}, "trigger": "minecraft:player_interacted_with_entity"}}, "display": {"description": {"translate": "advancements.husbandry.remove_wolf_armor.description"}, "icon": {"count": 1, "id": "minecraft:shears"}, "title": {"translate": "advancements.husbandry.remove_wolf_armor.title"}}, "requirements": [["remove_wolf_armor"]], "sends_telemetry_event": true, "rewards": {"function": "roguecraft:skillpoints/advancement"}}