{"parent": "minecraft:husbandry/root", "criteria": {"tadpole_bucket": {"conditions": {"item": {"items": "minecraft:tadpole_bucket"}}, "trigger": "minecraft:filled_bucket"}}, "display": {"description": {"translate": "advancements.husbandry.tadpole_in_a_bucket.description"}, "icon": {"count": 1, "id": "minecraft:tadpole_bucket"}, "title": {"translate": "advancements.husbandry.tadpole_in_a_bucket.title"}}, "requirements": [["tadpole_bucket"]], "sends_telemetry_event": true, "rewards": {"function": "roguecraft:skillpoints/advancement"}}