{
  "type": "minecraft:crafting_shaped",
  "pattern": [
    "PIP",
    "PPP",
    " P "
  ],
  "key": {
    "P": [
      {
        "item": "minecraft:acacia_planks"
      },
      {
        "item": "minecraft:bamboo_planks"
      },
      {
        "item": "minecraft:birch_planks"
      },
      {
        "item": "minecraft:cherry_planks"
      },
      {
        "item": "minecraft:crimson_planks"
      },
      {
        "item": "minecraft:dark_oak_planks"
      },
      {
        "item": "minecraft:jungle_planks"
      },
      {
        "item": "minecraft:mangrove_planks"
      },
      {
        "item": "minecraft:oak_planks"
      },
      {
        "item": "minecraft:spruce_planks"
      },
      {
        "item": "minecraft:warped_planks"
      }
    ],
    "I": {
      "item": "minecraft:copper_ingot"
    }
  },
  "result": {
    "id": "minecraft:shield",
    "count": 1
  }
}
