[
    {
      "condition": "minecraft:any_of",
      "terms": [
        {
          "condition": "minecraft:inverted",
          "term": {
            "condition": "minecraft:entity_scores",
            "entity": "this",
            "scores": {
              "mcs_nether.entity": 4
            }
          }
        }
      ]
    },
    {
      "condition": "minecraft:inverted",
      "term": {
        "condition": "minecraft:reference",
        "name": "mcs_nether:state/is_invulnerable"
      }
    }
  ]