[
  {
    "condition": "minecraft:any_of",
    "terms": [
      {
        "condition": "minecraft:entity_properties",
        "entity": "this",
        "predicate": {
          "type": "#minecraft:zombies"
        }
      },
      {
        "condition": "minecraft:reference",
        "name": "mcs_nether:entities/virus_affects"
      }
    ]
  },
  {
    "condition": "minecraft:inverted",
    "term": {
      "condition": "minecraft:reference",
      "name": "mcs_nether:state/is_invulnerable"
    }
  },
  {
    "condition": "minecraft:reference",
    "name": "mcs_nether:chance/0.2"
  }
]