{
	"type": "minecraft:archaeology",
	"pools": [
		{
			"rolls": 5,
			"entries": [
				{
					"type": "minecraft:item",
					"weight": 20,
					"name": "minecraft:sand"
				},
				{
					"type": "minecraft:item",
					"weight": 10,
					"name": "minecraft:packed_mud",
					"functions": [
						{
							"function": "minecraft:set_count",
							"count": {
								"min": 1,
								"max": 5
							}
						}
					]
				},
				{
					"type": "minecraft:item",
					"weight": 20,
					"name": "minecraft:terracotta",
					"functions": [
						{
							"function": "minecraft:set_count",
							"count": {
								"min": 1,
								"max": 10
							}
						}
					]
				},
				{
					"type": "minecraft:item",
					"weight": 10,
					"name": "minecraft:flower_pot",
					"functions": [
						{
							"function": "minecraft:set_count",
							"count": {
								"min": 1,
								"max": 5
							}
						}
					]
				},
				{
					"type": "minecraft:item",
					"weight": 5,
					"name": "minecraft:decorated_pot",
					"functions": [
						{
							"function": "minecraft:set_count",
							"count": {
								"min": 1,
								"max": 2
							}
						}
					]
				}
			]
		}
	]
}
