{
  "type": "minecraft:crafting_shaped",
  "pattern": [" E ", "ALA", "PPP"],
  "key": {
    "E": "minecraft:ender_eye",
    "A": "minecraft:amethyst_shard",
    "L": "minecraft:lodestone",
    "P": "minecraft:nether_bricks"
  },
  "result": {
    "id": "minecraft:player_head",
    "components": {
      "minecraft:custom_model_data": {
        "strings": ["pk_waystones:nether_waystone"]
      },
      "minecraft:lore": [
        "{\"color\":\"dark_gray\",\"italic\":false,\"fallback\":\"Nether Waystone\",\"translate\":\"item.pk_waystones.nether_waystone\"}"
      ],
      "minecraft:item_name": "{\"color\":\"yellow\",\"italic\":false,\"fallback\":\"Nether Waystone\",\"translate\":\"item.pk_waystones.nether_waystone\"}",
      "minecraft:custom_data": {
        "pk_data": {
          "custom_block": 1,
          "id": "waystone",
          "from": "waystones",
          "variant": "nether",
          "version": 30402
        }
      },
      "minecraft:profile": {
        "properties": [
          {
            "name": "textures",
            "value": "eyJ0ZXh0dXJlcyI6eyJTS0lOIjp7InVybCI6Imh0dHA6Ly90ZXh0dXJlcy5taW5lY3JhZnQubmV0L3RleHR1cmUvZjYzNDdmNmUxNTdmMDMxNjdiNDhiZjc5YzVmMDIwMDRlMTNlODkwNGE2OWFkNjgwZTJkN2ZlOTI3Mjg4ZDg5ZiJ9fX0="
          }
        ]
      }
    }
  }
}
