{
    "type": "minecraft:archaeology",
    "pools": [
      {
        "rolls": 1,
        "entries": [
          {
            "type": "minecraft:item",
            "name": "minecraft:piglin_banner_pattern"
          },
          {
            "type": "minecraft:item",
            "name": "minecraft:skull_banner_pattern"
          },
          {
            "type": "minecraft:item",
            "name": "minecraft:mojang_banner_pattern"
          },
          {
            "type": "minecraft:item",
            "name": "minecraft:guster_banner_pattern"
          },
          {
            "type": "minecraft:item",
            "name": "minecraft:globe_banner_pattern"
          },
          {
            "type": "minecraft:item",
            "name": "minecraft:flower_banner_pattern"
          },
          {
            "type": "minecraft:item",
            "name": "minecraft:flow_banner_pattern"
          },
          {
            "type": "minecraft:item",
            "name": "minecraft:field_masoned_banner_pattern"
          },
          {
            "type": "minecraft:item",
            "name": "minecraft:creeper_banner_pattern"
          },
          {
            "type": "minecraft:item",
            "name": "minecraft:bordure_indented_banner_pattern"
          }
        ]
      },
      {
        "entries": [
          {
            "type": "minecraft:item",
            "name": "minecraft:white_banner"
          },
          {
            "type": "minecraft:item",
            "name": "minecraft:string"
          },
          {
            "type": "minecraft:item",
            "name": "minecraft:white_wool"
          }
        ],
        "rolls": 5
      }
    ]
  }