{
    "type": "minecraft:archaeology",
    "pools": [
      {
        "rolls": 5,
        "bonus_rolls": 1,
        "entries": [
          {
            "type": "minecraft:item",
            "name": "minecraft:clay_ball"
          },
          {
            "type": "minecraft:item",
            "name": "minecraft:brick"
          }
        ]
      },
      {
        "bonus_rolls": 0,
        "entries": [
          {
            "type": "minecraft:item",
            "name": "minecraft:burn_pottery_sherd"
          },
          {
            "type": "minecraft:item",
            "name": "minecraft:danger_pottery_sherd"
          },
          {
            "type": "minecraft:item",
            "name": "minecraft:friend_pottery_sherd"
          },
          {
            "type": "minecraft:item",
            "name": "minecraft:heart_pottery_sherd"
          },
          {
            "type": "minecraft:item",
            "name": "minecraft:heartbreak_pottery_sherd"
          },
          {
            "type": "minecraft:item",
            "name": "minecraft:howl_pottery_sherd"
          },
          {
            "type": "minecraft:item",
            "name": "minecraft:sheaf_pottery_sherd"
          }
        ],
        "rolls": 1
      }
    ]
  }