{
    "replace": false,
    "values": [
        "minecraft:savanna",
        {"id": "terralith:amethyst_canyon", "required": false},
        {"id": "terralith:amethyst_rainforest", "required": false},
        {"id": "terralith:arid_highlands", "required": false},
        {"id": "terralith:fractured_savanna", "required": false},
        {"id": "terralith:hot_shrubland", "required": false},
        {"id": "terralith:moonlight_grove", "required": false},
        {"id": "terralith:moonlight_valley", "required": false},
        {"id": "terralith:savanna_badlands", "required": false},
        {"id": "terralith:savanna_slopes", "required": false},
        {"id": "regions_unexplored:ancient_delta", "required": false},
        {"id": "regions_unexplored:arid_mountains", "required": false},
        {"id": "regions_unexplored:baobab_savanna", "required": false},
        {"id": "regions_unexplored:dry_bushland", "required": false},
        {"id": "regions_unexplored:joshua_desert", "required": false},
        {"id": "regions_unexplored:outback", "required": false},
        {"id": "regions_unexplored:saguaro_desert", "required": false},
        {"id": "regions_unexplored:steppe", "required": false},
        {"id": "clifftree:caves", "required": false},   
        {"id": "clifftree:cold_caves", "required": false},
        {"id": "clifftree:frozen_caves", "required": false}
    ]
}