{
    "replace": false,
    "values": [
        "minecraft:badlands",
        "minecraft:eroded_badlands",
        "minecraft:wooded_badlands",
        "minecraft:dark_forest",
        "minecraft:forest",
        "minecraft:plains",
        {"id": "terralith:forested_highlands", "required": false},
        {"id": "terralith:lavender_forest", "required": false},
        {"id": "terralith:mirage_isles", "required": false},
        {"id": "terralith:sakura_grove", "required": false},
        {"id": "terralith:siberian_grove", "required": false},
        {"id": "regions_unexplored:blackwood_taiga", "required": false},
        {"id": "regions_unexplored:boreal_taiga", "required": false},
        {"id": "regions_unexplored:cold_boreal_taiga", "required": false},
        {"id": "regions_unexplored:frozen_pine_taiga", "required": false},
        {"id": "regions_unexplored:golden_boreal_taiga", "required": false},
        {"id": "regions_unexplored:icy_heights", "required": false},
        {"id": "regions_unexplored:mountains", "required": false},
        {"id": "regions_unexplored:pine_slopes", "required": false},
        {"id": "regions_unexplored:pine_taiga", "required": false},
        {"id": "regions_unexplored:redwoods", "required": false},
        {"id": "regions_unexplored:sparse_redwoods", "required": false},
        {"id": "regions_unexplored:spires", "required": false},
        {"id": "regions_unexplored:towering_cliffs", "required": false},
        {"id": "clifftree:cold_caves", "required": false},
        {"id": "clifftree:frozen_caves", "required": false}
    ]
}