{
    "replace": false,
    "values": [
        "minecraft:deep_dark",
        {"id": "terralith:cave/crystal_caves", "required": false},
        {"id": "terralith:cave/frostfire_caves", "required": false},
        {"id": "terralith:ice_marsh", "required": false},
        {"id": "terralith:emerald_peaks", "required": false},
        {"id": "terralith:frozen_cliffs", "required": false},
        {"id": "terralith:windswept_spires", "required": false},
        {"id": "biomesoplenty:spider_nest", "required": false},
        {"id": "biomesoplenty:glowing_grotto", "required": false},
        {"id": "regions_unexplored:ancient_delta", "required": false},
        {"id": "regions_unexplored:ashen_woodland", "required": false},
        {"id": "regions_unexplored:bioshroom_caves", "required": false},
        {"id": "regions_unexplored:hyacinth_deeps", "required": false},
        {"id": "regions_unexplored:prismachasm", "required": false},
        {"id": "regions_unexplored:redstone_caves", "required": false},
        {"id": "regions_unexplored:scorching_caves", "required": false},
        {"id": "clifftree:caves", "required": false}
    ]
}