{
    "condition": "minecraft:any_of",
    "terms": [
      {
        "condition": "minecraft:entity_properties",
        "entity": "this",
        "predicate": {
          "type": "minecraft:llama",
          "nbt": "{body_armor_item:{id:\"minecraft:white_carpet\"}}"
        }
      },
      {
        "condition": "minecraft:entity_properties",
        "entity": "this",
        "predicate": {
          "type": "minecraft:llama",
          "nbt": "{body_armor_item:{id:\"minecraft:light_gray_carpet\"}}"
        }
      },
      {
        "condition": "minecraft:entity_properties",
        "entity": "this",
        "predicate": {
          "type": "minecraft:llama",
          "nbt": "{body_armor_item:{id:\"minecraft:gray_carpet\"}}"
        }
      },
      {
        "condition": "minecraft:entity_properties",
        "entity": "this",
        "predicate": {
          "type": "minecraft:llama",
          "nbt": "{body_armor_item:{id:\"minecraft:black_carpet\"}}"
        }
      },
      {
        "condition": "minecraft:entity_properties",
        "entity": "this",
        "predicate": {
          "type": "minecraft:llama",
          "nbt": "{body_armor_item:{id:\"minecraft:brown_carpet\"}}"
        }
      },
      {
        "condition": "minecraft:entity_properties",
        "entity": "this",
        "predicate": {
          "type": "minecraft:llama",
          "nbt": "{body_armor_item:{id:\"minecraft:red_carpet\"}}"
        }
      },
      {
        "condition": "minecraft:entity_properties",
        "entity": "this",
        "predicate": {
          "type": "minecraft:llama",
          "nbt": "{body_armor_item:{id:\"minecraft:orange_carpet\"}}"
        }
      },
      {
        "condition": "minecraft:entity_properties",
        "entity": "this",
        "predicate": {
          "type": "minecraft:llama",
          "nbt": "{body_armor_item:{id:\"minecraft:yellow_carpet\"}}"
        }
      },
      {
        "condition": "minecraft:entity_properties",
        "entity": "this",
        "predicate": {
          "type": "minecraft:llama",
          "nbt": "{body_armor_item:{id:\"minecraft:lime_carpet\"}}"
        }
      },
      {
        "condition": "minecraft:entity_properties",
        "entity": "this",
        "predicate": {
          "type": "minecraft:llama",
          "nbt": "{body_armor_item:{id:\"minecraft:green_carpet\"}}"
        }
      },
      {
        "condition": "minecraft:entity_properties",
        "entity": "this",
        "predicate": {
          "type": "minecraft:llama",
          "nbt": "{body_armor_item:{id:\"minecraft:cyan_carpet\"}}"
        }
      },
      {
        "condition": "minecraft:entity_properties",
        "entity": "this",
        "predicate": {
          "type": "minecraft:llama",
          "nbt": "{body_armor_item:{id:\"minecraft:light_blue_carpet\"}}"
        }
      },
      {
        "condition": "minecraft:entity_properties",
        "entity": "this",
        "predicate": {
          "type": "minecraft:llama",
          "nbt": "{body_armor_item:{id:\"minecraft:blue_carpet\"}}"
        }
      },
      {
        "condition": "minecraft:entity_properties",
        "entity": "this",
        "predicate": {
          "type": "minecraft:llama",
          "nbt": "{body_armor_item:{id:\"minecraft:purple_carpet\"}}"
        }
      },
      {
        "condition": "minecraft:entity_properties",
        "entity": "this",
        "predicate": {
          "type": "minecraft:llama",
          "nbt": "{body_armor_item:{id:\"minecraft:magenta_carpet\"}}"
        }
      },
      {
        "condition": "minecraft:entity_properties",
        "entity": "this",
        "predicate": {
          "type": "minecraft:llama",
          "nbt": "{body_armor_item:{id:\"minecraft:pink_carpet\"}}"
        }
      }
    ]
  }
  