{
  "processors": [
    {
      "processor_type": "minecraft:rule",
      "rules": [
        {
          "location_predicate": {
            "predicate_type": "minecraft:always_true"
          },
          "input_predicate": {
            "predicate_type": "minecraft:random_block_match",
            "block": "minecraft:gravel",
            "probability": 0.05
          },
          "output_state": {
            "Name": "minecraft:suspicious_gravel",
            "Properties": {
              "dusted": "0"
            }
          },
          "block_entity_modifier": {
            "type": "minecraft:append_loot",
            "loot_table": "pale_formations:archaeology/generic/usual_gravel"
          }
        },
        {
          "location_predicate": {
            "predicate_type": "minecraft:always_true"
          },
          "input_predicate": {
            "predicate_type": "minecraft:random_block_match",
            "block": "minecraft:resin_clump",
            "probability": 0.25
          },
          "output_state": {
            "Name": "minecraft:air"
          }
        }
      ]
    },
    {
      "processor_type": "minecraft:capped",
      "limit": {
        "type": "minecraft:uniform",
        "min_inclusive": 1,
        "max_inclusive": 3
      },
      "delegate": {
        "processor_type": "minecraft:rule",
        "rules": [
          {
            "location_predicate": {
              "predicate_type": "minecraft:always_true"
            },
            "input_predicate": {
              "predicate_type": "minecraft:random_block_match",
              "block": "minecraft:tuff",
              "probability": 1.0
            },
            "output_state": {
              "Name": "minecraft:suspicious_gravel",
              "Properties": {
                "dusted": "0"
              }
            },
            "block_entity_modifier": {
              "type": "minecraft:append_loot",
              "loot_table": "pale_formations:archaeology/fountain/fountain_water_gravel"
            }
          }
        ]
      }
    },
    {
      "processor_type": "minecraft:rule",
      "rules": [
        {
          "location_predicate": {
            "predicate_type": "minecraft:always_true"
          },
          "input_predicate": {
            "predicate_type": "minecraft:random_block_match",
            "block": "minecraft:gravel",
            "probability": 0.04
          },
          "output_state": {
            "Name": "minecraft:tuff"
          }
        },
        {
          "location_predicate": {
            "predicate_type": "minecraft:always_true"
          },
          "input_predicate": {
            "predicate_type": "minecraft:random_block_match",
            "block": "minecraft:gravel",
            "probability": 0.68
          },
          "output_state": {
            "Name": "minecraft:grass_block"
          }
        },
        {
          "location_predicate": {
            "predicate_type": "minecraft:always_true"
          },
          "input_predicate": {
            "predicate_type": "minecraft:random_block_match",
            "block": "minecraft:tuff",
            "probability": 0.14
          },
          "output_state": {
            "Name": "minecraft:gravel"
          }
        },
        {
          "location_predicate": {
            "predicate_type": "minecraft:always_true"
          },
          "input_predicate": {
            "predicate_type": "minecraft:random_block_match",
            "block": "minecraft:tuff_bricks",
            "probability": 0.24
          },
          "output_state": {
            "Name": "minecraft:tuff"
          }
        },
        {
          "location_predicate": {
            "predicate_type": "minecraft:always_true"
          },
          "input_predicate": {
            "predicate_type": "minecraft:random_block_match",
            "block": "minecraft:polished_tuff",
            "probability": 0.06
          },
          "output_state": {
            "Name": "minecraft:polished_tuff_slab",
            "Properties": {
              "type": "bottom"
            }
          }
        },
        {
          "location_predicate": {
            "predicate_type": "minecraft:always_true"
          },
          "input_predicate": {
            "predicate_type": "minecraft:random_block_match",
            "block": "minecraft:polished_tuff",
            "probability": 0.11
          },
          "output_state": {
            "Name": "minecraft:air"
          }
        },
        {
          "location_predicate": {
            "predicate_type": "minecraft:always_true"
          },
          "input_predicate": {
            "predicate_type": "minecraft:random_block_match",
            "block": "minecraft:pale_moss_carpet",
            "probability": 0.33
          },
          "output_state": {
            "Name": "minecraft:air"
          }
        },
        {
          "location_predicate": {
            "predicate_type": "minecraft:always_true"
          },
          "input_predicate": {
            "predicate_type": "minecraft:random_block_match",
            "block": "minecraft:pale_moss_block",
            "probability": 0.21
          },
          "output_state": {
            "Name": "minecraft:air"
          }
        }
      ]
    }
  ]
}
