{
    "criteria": {
        "requirement": {
            "trigger": "minecraft:player_killed_entity",
            "conditions": {
                "entity": {
                    "type": [
                        "minecraft:zombie",
                        "minecraft:skeleton",
                        "minecraft:zombie_villager",
                        "minecraft:spider",
                        "minecraft:creeper",
                        "minecraft:cave_spider",
                        "minecraft:witch",
                        "minecraft:slime",
                        "minecraft:magma_cube",
                        "minecraft:evoker",
                        "minecraft:vindicator",
                        "minecraft:fox",
                        "minecraft:zombified_piglin"
                    ]
                }
            }
        }
    },
    "rewards": {
        "function": "loot_bags:kill_entity/easy"
    }
}