{
    "criteria": {
        "requirement": {
            "trigger": "minecraft:player_killed_entity",
            "conditions": {
                "entity": {
                    "type": [
                        "minecraft:elder_guardian",
                        "minecraft:ender_dragon",
                        "minecraft:wither",
                        "minecraft:warden",
                        "minecraft:piglin_brute"
                    ]
                }
            }
        }
    },
    "rewards": {
        "function": "loot_bags:kill_entity/easy"
    }
}