{
    "criteria": {
        "requirement": {
            "trigger": "minecraft:player_killed_entity",
            "conditions": {
                "entity": {
                    "type": [
                        "minecraft:enderman",
                        "minecraft:shulker",
                        "minecraft:iron_golem",
                        "minecraft:husk",
                        "minecraft:stray",
                        "minecraft:ravager",
                        "minecraft:witch",
                        "minecraft:guardian",
                        "minecraft:illusioner",
                        "minecraft:ghast",
                        "minecraft:blaze",
                        "minecraft:phantom",
                        "minecraft:vindicator",
                        "minecraft:pillager",
                        "minecraft:piglin",
                        "minecraft:piglin_brute"
                    ]
                }
            }
        }
    },
    "rewards": {
        "function": "loot_bags:kill_entity/easy"
    }
}