{
  "criteria": {
    "requirement": {
      "trigger": "minecraft:shot_crossbow",
      "conditions": {
        "player": {
          "slots": {
            "container.*": {
              "items": "minecraft:clock",
              "components": {
                "minecraft:custom_model_data": {
                  "strings": [
                    "encased_arrow"
                  ]
                }
              }
            }
          },
          "equipment": {
            "mainhand": {
              "items": "minecraft:crossbow",
              "components": {
                "minecraft:custom_model_data": {
                  "strings": [
                    "mechanical_crossbow"
                  ]
                }
              }
            }
          }
        }
      }
    }
  },
  "rewards": {
    "function": "ppgwe:item/mechanical_crossbow/instant_reload"
  }
}
