{
  "elements": [
    {
      "element": {
        "element_type": "minecraft:single_pool_element",
        "location": "minecraft:stronghold/mob/stronghold_library_spider",
        "processors": "minecraft:stronghold_generic_degradation",
        "projection": "rigid"
      },
      "weight": 2
    },
	{
      "element": {
        "element_type": "minecraft:single_pool_element",
        "location": "minecraft:stronghold/mob/stronghold_library_zillager",
        "processors": "minecraft:stronghold_generic_degradation",
        "projection": "rigid"
      },
      "weight": 1
    },
	{
      "element": {
        "element_type": "minecraft:single_pool_element",
        "location": "minecraft:stronghold/mob/stronghold_library_spider_infested",
        "processors": "minecraft:stronghold_generic_degradation",
        "projection": "rigid"
      },
      "weight": 2
    },
	{
      "element": {
        "element_type": "minecraft:single_pool_element",
        "location": "minecraft:stronghold/mob/stronghold_library_zillager_infested",
        "processors": "minecraft:stronghold_generic_degradation",
        "projection": "rigid"
      },
      "weight": 1
    },
	{
      "element": {
        "element_type": "minecraft:single_pool_element",
        "location": "minecraft:empty",
        "processors": "stronghold_generic_degradation",
        "projection": "rigid"
      },
      "weight": 40
    }
  ],
  "fallback": "minecraft:empty"
}