{
  "elements": [
    {
      "element": {
        "element_type": "minecraft:single_pool_element",
        "location": "minecraft:stronghold/mob/stronghold_generic_armor_skeleton",
        "processors": "minecraft:stronghold_generic_degradation",
        "projection": "rigid"
      },
      "weight": 1
    },
	{
      "element": {
        "element_type": "minecraft:single_pool_element",
        "location": "minecraft:stronghold/mob/stronghold_generic_full_armor_zombie",
        "processors": "minecraft:stronghold_generic_degradation",
        "projection": "rigid"
      },
      "weight": 1
    },
	{
      "element": {
        "element_type": "minecraft:single_pool_element",
        "location": "minecraft:stronghold/mob/stronghold_generic_armor_zombie",
        "processors": "minecraft:stronghold_generic_degradation",
        "projection": "rigid"
      },
      "weight": 1
    },
	{
      "element": {
        "element_type": "minecraft:single_pool_element",
        "location": "minecraft:stronghold/mob/stronghold_generic_armor_skeleton_infested",
        "processors": "minecraft:stronghold_generic_degradation",
        "projection": "rigid"
      },
      "weight": 1
    },
	{
      "element": {
        "element_type": "minecraft:single_pool_element",
        "location": "minecraft:stronghold/mob/stronghold_generic_full_armor_zombie_infested",
        "processors": "minecraft:stronghold_generic_degradation",
        "projection": "rigid"
      },
      "weight": 1
    },
	{
      "element": {
        "element_type": "minecraft:single_pool_element",
        "location": "minecraft:stronghold/mob/stronghold_generic_armor_zombie_infested",
        "processors": "minecraft:stronghold_generic_degradation",
        "projection": "rigid"
      },
      "weight": 1
    },
	{
      "element": {
        "element_type": "minecraft:single_pool_element",
        "location": "minecraft:empty",
        "processors": "stronghold_generic_degradation",
        "projection": "rigid"
      },
      "weight": 40
    }
  ],
  "fallback": "minecraft:empty"
}