{
  "elements": [
    {
      "element": {
        "element_type": "minecraft:single_pool_element",
        "location": "minecraft:stronghold/mob/stronghold_sewer_creeper",
        "processors": "minecraft:stronghold_generic_degradation",
        "projection": "rigid"
      },
      "weight": 1
    },
	{
      "element": {
        "element_type": "minecraft:single_pool_element",
        "location": "minecraft:stronghold/mob/stronghold_sewer_skeleton",
        "processors": "minecraft:stronghold_generic_degradation",
        "projection": "rigid"
      },
      "weight": 1
    },
	{
      "element": {
        "element_type": "minecraft:single_pool_element",
        "location": "minecraft:stronghold/mob/stronghold_sewer_drowned",
        "processors": "minecraft:stronghold_generic_degradation",
        "projection": "rigid"
      },
      "weight": 1
    },
	{
      "element": {
        "element_type": "minecraft:single_pool_element",
        "location": "minecraft:stronghold/mob/stronghold_sewer_trident_drowned",
        "processors": "minecraft:stronghold_generic_degradation",
        "projection": "rigid"
      },
      "weight": 1
    },
	{
      "element": {
        "element_type": "minecraft:single_pool_element",
        "location": "minecraft:stronghold/mob/stronghold_slime",
        "processors": "minecraft:stronghold_generic_degradation",
        "projection": "rigid"
      },
      "weight": 1
    },
	{
      "element": {
        "element_type": "minecraft:single_pool_element",
        "location": "minecraft:stronghold/mob/stronghold_sewer_skeleton_infested",
        "processors": "minecraft:stronghold_generic_degradation",
        "projection": "rigid"
      },
      "weight": 1
    },
	{
      "element": {
        "element_type": "minecraft:single_pool_element",
        "location": "minecraft:stronghold/mob/stronghold_sewer_drowned_infested",
        "processors": "minecraft:stronghold_generic_degradation",
        "projection": "rigid"
      },
      "weight": 1
    },
	{
      "element": {
        "element_type": "minecraft:single_pool_element",
        "location": "minecraft:stronghold/mob/stronghold_sewer_trident_drowned_infested",
        "processors": "minecraft:stronghold_generic_degradation",
        "projection": "rigid"
      },
      "weight": 1
    },
	{
      "element": {
        "element_type": "minecraft:single_pool_element",
        "location": "minecraft:stronghold/mob/stronghold_slime",
        "processors": "minecraft:stronghold_generic_degradation",
        "projection": "rigid"
      },
      "weight": 1
    },
	{
      "element": {
        "element_type": "minecraft:single_pool_element",
        "location": "minecraft:empty",
        "processors": "stronghold_generic_degradation",
        "projection": "rigid"
      },
      "weight": 48
    }
  ],
  "fallback": "minecraft:empty"
}