{
  "elements": [
    {
      "element": {
        "element_type": "minecraft:legacy_single_pool_element",
        "location": "ddd:dungeon/frozen/rooms/dungeon_room_frozen",
        "processors": "ddd:frosting_stone_bricks",
        "projection": "rigid"
      },
      "weight": 4
    },
    {
      "element": {
        "element_type": "minecraft:legacy_single_pool_element",
        "location": "ddd:dungeon/frozen/rooms/dungeon_room_frozen_2",
        "processors": "ddd:frosting_stone_bricks",
        "projection": "rigid"
      },
      "weight": 4
    },
    {
      "element": {
        "element_type": "minecraft:legacy_single_pool_element",
        "location": "ddd:dungeon/frozen/rooms/dungeon_room_frozen_3",
        "processors": "ddd:wall_protected_frozen",
        "projection": "rigid"
      },
      "weight": 4
    },
    {
      "element": {
        "element_type": "minecraft:legacy_single_pool_element",
        "location": "ddd:dungeon/frozen/rooms/dungeon_room_frozen_4",
        "processors": "ddd:frosting_stone_bricks",
        "projection": "rigid"
      },
      "weight": 4
    },
    {
      "element": {
        "element_type": "minecraft:legacy_single_pool_element",
        "location": "ddd:dungeon/frozen/rooms/dungeon_room_frozen_5",
        "processors": "ddd:frosting_stone_bricks",
        "projection": "rigid"
      },
      "weight": 4
    },
    {
      "element": {
        "element_type": "minecraft:legacy_single_pool_element",
        "location": "ddd:dungeon/frozen/rooms/dungeon_room_frozen_6",
        "processors": "ddd:frosting_stone_bricks",
        "projection": "rigid"
      },
      "weight": 4
    },
    {
      "element": {
        "element_type": "minecraft:legacy_single_pool_element",
        "location": "ddd:dungeon/frozen/rooms/dungeon_archery",
        "processors": "ddd:frosting_stone_bricks",
        "projection": "rigid"
      },
      "weight": 4
    },
    {
      "element": {
        "element_type": "minecraft:legacy_single_pool_element",
        "location": "ddd:dungeon/frozen/rooms/dungeon_barracks",
        "processors": "ddd:frosting_stone_bricks",
        "projection": "rigid"
      },
      "weight": 4
    },
    {
      "element": {
        "element_type": "minecraft:legacy_single_pool_element",
        "location": "ddd:dungeon/frozen/rooms/dungeon_library",
        "processors": "ddd:frosting_stone_bricks",
        "projection": "rigid"
      },
      "weight": 4
    },
    {
      "element": {
        "element_type": "minecraft:legacy_single_pool_element",
        "location": "ddd:dungeon/frozen/rooms/dungeon_kitchen_frozen",
        "processors": "ddd:frosting_stone_bricks",
        "projection": "rigid"
      },
      "weight": 4
    },
    {
      "element": {
        "element_type": "minecraft:legacy_single_pool_element",
        "location": "ddd:dungeon/frozen/rooms/dungeon_storage_frozen",
        "processors": "ddd:frosting_demolition_70",
        "projection": "rigid"
      },
      "weight": 4
    },
    {
      "element": {
        "element_type": "minecraft:legacy_single_pool_element",
        "location": "ddd:dungeon/frozen/rooms/dungeon_room_frozen_tomb",
        "processors": "ddd:aging_deepslate_bricks_activator",
        "projection": "rigid"
      },
      "weight": 6
    },
    {
      "element": {
        "element_type": "minecraft:legacy_single_pool_element",
        "location": "ddd:dungeon/frozen/rooms/dungeon_frozen_bath",
        "processors": "ddd:frosting_stone_bricks",
        "projection": "rigid"
      },
      "weight": 4
    },
    {
      "element": {
        "element_type": "minecraft:legacy_single_pool_element",
        "location": "ddd:dungeon/frozen/rooms/dungeon_room_frozen_farm",
        "processors": "ddd:stone_organic_degradation",
        "projection": "rigid"
      },
      "weight": 4
    },
    {
      "element": {
        "element_type": "minecraft:legacy_single_pool_element",
        "location": "ddd:dungeon/frozen/rooms/dungeon_room_frozen_prison",
        "processors": "ddd:frosting_demolition_70",
        "projection": "rigid"
      },
      "weight": 4
    },
    {
      "element": {
        "element_type": "minecraft:legacy_single_pool_element",
        "location": "ddd:dungeon/frozen/rooms/dungeon_room_frozen_medium_1",
        "processors": "ddd:frosting_stone_bricks",
        "projection": "rigid"
      },
      "weight": 1
    },
    {
      "element": {
        "element_type": "minecraft:legacy_single_pool_element",
        "location": "ddd:dungeon/frozen/rooms/dungeon_room_frozen_medium_2",
        "processors": "ddd:frosting_stone_bricks",
        "projection": "rigid"
      },
      "weight": 1
    },
    {
      "element": {
        "element_type": "minecraft:legacy_single_pool_element",
        "location": "ddd:dungeon/frozen/rooms/dungeon_room_frozen_medium_3",
        "processors": "ddd:frosting_stone_bricks",
        "projection": "rigid"
      },
      "weight": 1
    },
    {
      "element": {
        "element_type": "minecraft:legacy_single_pool_element",
        "location": "ddd:dungeon/frozen/rooms/dungeon_room_frozen_medium_4",
        "processors": "ddd:frosting_stone_bricks",
        "projection": "rigid"
      },
      "weight": 1
    },
    {
      "element": {
        "element_type": "minecraft:legacy_single_pool_element",
        "location": "ddd:dungeon/frozen/rooms/dungeon_room_frozen_medium_5",
        "processors": "ddd:frosting_stone_bricks",
        "projection": "rigid"
      },
      "weight": 1
    },
    {
      "element": {
        "element_type": "minecraft:legacy_single_pool_element",
        "location": "ddd:dungeon/frozen/rooms/dungeon_room_frozen_minimal_1",
        "processors": "ddd:frosting_stone_bricks",
        "projection": "rigid"
      },
      "weight": 1
    },
    {
      "element": {
        "element_type": "minecraft:legacy_single_pool_element",
        "location": "ddd:dungeon/frozen/rooms/dungeon_room_frozen_minimal_2",
        "processors": "ddd:frosting_stone_bricks",
        "projection": "rigid"
      },
      "weight": 1
    },
    {
      "element": {
        "element_type": "minecraft:legacy_single_pool_element",
        "location": "ddd:dungeon/frozen/rooms/dungeon_room_frozen_minimal_3",
        "processors": "ddd:frosting_stone_bricks",
        "projection": "rigid"
      },
      "weight": 1
    },
    {
      "element": {
        "element_type": "minecraft:legacy_single_pool_element",
        "location": "ddd:dungeon/frozen/rooms/dungeon_room_frozen_minimal_4",
        "processors": "ddd:frosting_stone_bricks",
        "projection": "rigid"
      },
      "weight": 1
    },
    {
      "element": {
        "element_type": "minecraft:legacy_single_pool_element",
        "location": "ddd:dungeon/frozen/rooms/dungeon_room_frozen_minimal_5",
        "processors": "ddd:frosting_stone_bricks",
        "projection": "rigid"
      },
      "weight": 1
    },
    {
      "element": {
        "element_type": "minecraft:legacy_single_pool_element",
        "location": "ddd:dungeon/frozen/rooms/dungeon_room_frozen_minimal_6",
        "processors": "ddd:frosting_stone_bricks",
        "projection": "rigid"
      },
      "weight": 1
    },
    {
      "element": {
        "element_type": "minecraft:legacy_single_pool_element",
        "location": "ddd:dungeon/frozen/rooms/dungeon_room_frozen_small_1",
        "processors": "ddd:frosting_stone_bricks",
        "projection": "rigid"
      },
      "weight": 1
    },
    {
      "element": {
        "element_type": "minecraft:legacy_single_pool_element",
        "location": "ddd:dungeon/frozen/rooms/dungeon_room_frozen_small_2",
        "processors": "ddd:frosting_stone_bricks",
        "projection": "rigid"
      },
      "weight": 1
    },
    {
      "element": {
        "element_type": "minecraft:legacy_single_pool_element",
        "location": "ddd:dungeon/frozen/rooms/dungeon_room_frozen_small_3",
        "processors": "ddd:frosting_stone_bricks",
        "projection": "rigid"
      },
      "weight": 1
    },
    {
      "element": {
        "element_type": "minecraft:legacy_single_pool_element",
        "location": "ddd:dungeon/frozen/rooms/dungeon_room_frozen_small_4",
        "processors": "ddd:frosting_stone_bricks",
        "projection": "rigid"
      },
      "weight": 1
    },
    {
      "element": {
        "element_type": "minecraft:legacy_single_pool_element",
        "location": "ddd:dungeon/frozen/rooms/dungeon_room_frozen_small_5",
        "processors": "ddd:frosting_stone_bricks",
        "projection": "rigid"
      },
      "weight": 1
    },
    {
      "element": {
        "element_type": "minecraft:legacy_single_pool_element",
        "location": "ddd:dungeon/frozen/rooms/dungeon_room_frozen_large_1",
        "processors": "ddd:frosting_stone_bricks",
        "projection": "rigid"
      },
      "weight": 4
    },
    {
      "element": {
        "element_type": "minecraft:legacy_single_pool_element",
        "location": "ddd:dungeon/frozen/rooms/dungeon_room_frozen_large_2",
        "processors": "ddd:frosting_stone_bricks",
        "projection": "rigid"
      },
      "weight": 4
    },
    {
      "element": {
        "element_type": "minecraft:legacy_single_pool_element",
        "location": "ddd:dungeon/frozen/rooms/dungeon_room_extra_1",
        "processors": "ddd:frosting_stone_bricks",
        "projection": "rigid"
      },
      "weight": 1
    },
    {
      "element": {
        "element_type": "minecraft:legacy_single_pool_element",
        "location": "ddd:dungeon/frozen/rooms/dungeon_room_extra_2",
        "processors": "ddd:frosting_stone_bricks",
        "projection": "rigid"
      },
      "weight": 4
    },
    {
      "element": {
        "element_type": "minecraft:legacy_single_pool_element",
        "location": "ddd:dungeon/frozen/rooms/dungeon_room_extra_3",
        "processors": "ddd:frosting_stone_bricks",
        "projection": "rigid"
      },
      "weight": 4
    },
    {
      "element": {
        "element_type": "minecraft:legacy_single_pool_element",
        "location": "ddd:dungeon/frozen/rooms/dungeon_room_extra_4",
        "processors": "ddd:frosting_stone_bricks",
        "projection": "rigid"
      },
      "weight": 1
    },
    {
      "element": {
        "element_type": "minecraft:legacy_single_pool_element",
        "location": "ddd:dungeon/frozen/rooms/dungeon_room_extra_5",
        "processors": "ddd:frosting_stone_bricks",
        "projection": "rigid"
      },
      "weight": 4
    },
    {
      "element": {
        "element_type": "minecraft:legacy_single_pool_element",
        "location": "ddd:dungeon/frozen/rooms/dungeon_room_extra_6",
        "processors": "ddd:frosting_stone_bricks",
        "projection": "rigid"
      },
      "weight": 4
    }
  ],
  "fallback": "ddd:dungeon/frozen/terminals/rooms"
}