{
    "type": "minecraft:command",
    "pools": [
        {
            "rolls": {
                "min": 2,
                "max": 4
            },
            "entries": [
                {
                    "type": "minecraft:item",
                    "name": "minecraft:bread",
                    "weight": 2,
                    "functions": [
                        {
                            "function": "minecraft:limit_count",
                            "limit": 32
                        }
                    ]
                },
                {
                    "type": "minecraft:item",
                    "name": "cooked_beef",
                    "weight": 2,
                    "functions": [
                        {
                            "function": "minecraft:limit_count",
                            "limit": 16
                        }
                    ]
                },
                {
                    "type": "minecraft:item",
                    "name": "minecraft:coal",
                    "weight": 2,
                    "functions": [
                        {
                            "function": "minecraft:limit_count",
                            "limit": 10,
                            "count": 10
                        }
                    ]
                },
                {
                    "type": "minecraft:item",
                    "name": "minecraft:oak_log",
                    "weight": 3,
                    "functions": [
                        {
                            "function": "minecraft:limit_count",
                            "limit": 10
                        }
                    ]
                },
                {
                    "type": "minecraft:item",
                    "name": "minecraft:iron_ingot",
                    "weight": 1,
                    "functions": [
                        {
                            "function": "minecraft:limit_count",
                            "limit": 5,
                            "conditions": []
                        }
                    ]
                }
            ]
        }
    ]
}