{
    "type": "minecraft:command",
    "pools": [
        {
            "rolls": {
                "min": 1,
                "max": 3
            },
            "entries": [
                {
                    "type": "minecraft:item",
                    "name": "minecraft:cooked_porkchop",
                    "weight": 2,
                    "functions": [
                        {
                            "function": "minecraft:limit_count",
                            "limit": 32
                        }
                    ]
                },
                {
                    "type": "minecraft:item",
                    "name": "coal",
                    "weight": 2,
                    "functions": [
                        {
                            "function": "minecraft:limit_count",
                            "limit": 16
                        }
                    ]
                },
                {
                    "type": "minecraft:item",
                    "name": "minecraft:iron_ingot",
                    "weight": 2,
                    "functions": [
                        {
                            "function": "minecraft:limit_count",
                            "limit": 10,
                            "count": 10
                        }
                    ]
                },
                {
                    "type": "minecraft:item",
                    "name": "minecraft:dark_oak_log",
                    "weight": 3,
                    "functions": [
                        {
                            "function": "minecraft:limit_count",
                            "limit": 32
                        }
                    ]
                },
                {
                    "type": "minecraft:item",
                    "name": "minecraft:diamond",
                    "weight": 1,
                    "functions": [
                        {
                            "function": "minecraft:limit_count",
                            "limit": 3,
                            "conditions": []
                        }
                    ]
                },
                {
                    "type": "minecraft:item",
                    "name": "gold_ingot",
                    "weight": 1,
                    "functions": [
                        {
                            "function": "minecraft:limit_count",
                            "limit": 6
                        }
                    ]
                }
            ]
        }
    ]
}