{
    "type": "minecraft:command",
    "pools": [
        {
            "rolls": {
                "min": 1,
                "max": 3
            },
            "entries": [
                {
                    "type": "minecraft:item",
                    "name": "minecraft:coal_block",
                    "weight": 2,
                    "functions": [
                        {
                            "function": "minecraft:limit_count",
                            "limit": 8
                        }
                    ]
                },
                {
                    "type": "minecraft:item",
                    "name": "minecraft:golden_apple",
                    "weight": 2,
                    "functions": [
                        {
                            "function": "minecraft:limit_count",
                            "limit": 3
                        }
                    ]
                },
                {
                    "type": "minecraft:item",
                    "name": "minecraft:ender_pearl",
                    "weight": 1,
                    "functions": [
                        {
                            "function": "minecraft:limit_count",
                            "limit": 10
                        }
                    ]
                },
                {
                    "type": "minecraft:item",
                    "name": "minecraft:diamond",
                    "weight": 3,
                    "functions": [
                        {
                            "function": "minecraft:limit_count",
                            "limit": 8
                        }
                    ]
                },
                {
                    "type": "minecraft:item",
                    "name": "minecraft:cooked_chicken",
                    "weight": 1,
                    "functions": [
                        {
                            "function": "minecraft:limit_count",
                            "limit": 64
                        }
                    ]
                },
                {
                    "type": "minecraft:item",
                    "name": "minecraft:iron_block",
                    "weight": 1,
                    "functions": [
                        {
                            "function": "minecraft:limit_count",
                            "limit": 3
                        }
                    ]
                }
            ]
        }
    ]
}