{
    "type": "minecraft:command",
    "pools": [
        {
            "rolls": {
                "min": 2,
                "max": 3
            },
            "entries": [
                {
                    "type": "minecraft:item",
                    "name": "minecraft:netherite_ingot",
                    "weight": 2,
                    "functions": [
                        {
                            "function": "minecraft:limit_count",
                            "limit": 4
                        }
                    ]
                },
                {
                    "type": "minecraft:item",
                    "name": "minecraft:diamond_block",
                    "weight": 1,
                    "functions": [
                        {
                            "function": "minecraft:limit_count",
                            "limit": 3
                        }
                    ]
                },
                {
                    "type": "minecraft:item",
                    "name": "minecraft:iron_block",
                    "weight": 2,
                    "functions": [
                        {
                            "function": "minecraft:limit_count",
                            "limit": 4
                        }
                    ]
                },
                {
                    "type": "minecraft:item",
                    "name": "minecraft:netherite_ingot",
                    "weight": 5,
                    "functions": [
                        {
                            "function": "minecraft:limit_count",
                            "limit": 5
                        }
                    ]
                },
                {
                    "type": "minecraft:item",
                    "name": "minecraft:golden_apple",
                    "weight": 3,
                    "functions": [
                        {
                            "function": "minecraft:limit_count",
                            "limit": 12
                        }
                    ]
                },
                {
                    "type": "minecraft:item",
                    "name": "minecraft:coal_block",
                    "weight": 3,
                    "functions": [
                        {
                            "function": "minecraft:limit_count",
                            "limit": 32
                        }
                    ]
                },
                {
                    "type": "minecraft:item",
                    "name": "minecraft:golden_carrot",
                    "weight": 2,
                    "functions": [
                        {
                            "function": "minecraft:limit_count",
                            "limit": 32
                        }
                    ]
                },
                {
                    "type": "minecraft:item",
                    "name": "gold_block",
                    "weight": 2,
                    "functions": [
                        {
                            "function": "minecraft:limit_count",
                            "limit": 5
                        }
                    ]
                }
            ]
        }
    ]
}