{
    "type": "minecraft:command",
    "pools": [
        {
            "rolls": {
                "min": 3,
                "max": 5
            },
            "entries": [
                {
                    "type": "minecraft:item",
                    "name": "minecraft:netherite_ingot",
                    "weight": 4,
                    "functions": [
                        {
                            "function": "minecraft:limit_count",
                            "limit": 10
                        }
                    ]
                },
                {
                    "type": "minecraft:item",
                    "name": "minecraft:enchanted_golden_apple",
                    "weight": 2,
                    "functions": [
                        {
                            "function": "minecraft:limit_count",
                            "limit": 1
                        }
                    ]
                },
                {
                    "type": "minecraft:item",
                    "name": "minecraft:totem_of_undying",
                    "weight": 3,
                    "functions": [
                        {
                            "function": "minecraft:limit_count",
                            "limit": 1
                        }
                    ]
                },
                {
                    "type": "minecraft:item",
                    "name": "minecraft:beacon",
                    "weight": 1,
                    "functions": [
                        {
                            "function": "minecraft:limit_count",
                            "limit": 1
                        }
                    ]
                },
                {
                    "type": "minecraft:item",
                    "name": "minecraft:shulker_shell",
                    "weight": 4,
                    "functions": [
                        {
                            "function": "minecraft:limit_count",
                            "limit": 2
                        }
                    ]
                },
                {
                    "type": "minecraft:item",
                    "name": "minecraft:ender_pearl",
                    "weight": 6,
                    "functions": [
                        {
                            "function": "minecraft:limit_count",
                            "limit": 4
                        }
                    ]
                },
                {
                    "type": "minecraft:item",
                    "name": "minecraft:diamond_block",
                    "weight": 2,
                    "functions": [
                        {
                            "function": "minecraft:limit_count",
                            "limit": 1
                        }
                    ]
                },
                {
                    "type": "minecraft:item",
                    "name": "minecraft:experience_bottle",
                    "weight": 5,
                    "functions": [
                        {
                            "function": "minecraft:limit_count",
                            "limit": 10
                        }
                    ]
                },
                {
                    "type": "minecraft:item",
                    "name": "minecraft:heart_of_the_sea",
                    "weight": 2,
                    "functions": [
                        {
                            "function": "minecraft:limit_count",
                            "limit": 1
                        }
                    ]
                },
                {
                    "type": "minecraft:item",
                    "name": "minecraft:golden_carrot",
                    "weight": 8,
                    "functions": [
                        {
                            "function": "minecraft:limit_count",
                            "limit": 5
                        }
                    ]
                }
            ]
        }
    ]
}