{
    "type": "minecraft:command",
    "pools": [
        {
            "rolls": {
                "min": 3,
                "max": 6
            },
            "entries": [
                {
                    "type": "minecraft:item",
                    "name": "minecraft:bread",
                    "weight": 6,
                    "functions": [
                        {
                            "function": "minecraft:limit_count",
                            "limit": 4
                        }
                    ]
                },
                {
                    "type": "minecraft:item",
                    "name": "minecraft:apple",
                    "weight": 5,
                    "functions": [
                        {
                            "function": "minecraft:limit_count",
                            "limit": 5
                        }
                    ]
                },
                {
                    "type": "minecraft:item",
                    "name": "minecraft:cooked_chicken",
                    "weight": 4,
                    "functions": [
                        {
                            "function": "minecraft:limit_count",
                            "limit": 3
                        }
                    ]
                },
                {
                    "type": "minecraft:item",
                    "name": "minecraft:golden_carrot",
                    "weight": 3,
                    "functions": [
                        {
                            "function": "minecraft:limit_count",
                            "limit": 2
                        }
                    ]
                },
                {
                    "type": "minecraft:item",
                    "name": "minecraft:beetroot_soup",
                    "weight": 4,
                    "functions": [
                        {
                            "function": "minecraft:limit_count",
                            "limit": 1
                        }
                    ]
                },
                {
                    "type": "minecraft:item",
                    "name": "minecraft:milk_bucket",
                    "weight": 2,
                    "functions": [
                        {
                            "function": "minecraft:limit_count",
                            "limit": 1
                        }
                    ]
                },
                {
                    "type": "minecraft:item",
                    "name": "minecraft:honey_bottle",
                    "weight": 3,
                    "functions": [
                        {
                            "function": "minecraft:limit_count",
                            "limit": 2
                        }
                    ]
                },
                {
                    "type": "minecraft:item",
                    "name": "minecraft:golden_apple",
                    "weight": 2,
                    "functions": [
                        {
                            "function": "minecraft:limit_count",
                            "limit": 5
                        }
                    ]
                },
                {
                    "type": "minecraft:item",
                    "name": "minecraft:carrot",
                    "weight": 5,
                    "functions": [
                        {
                            "function": "minecraft:limit_count",
                            "limit": 5
                        }
                    ]
                },
                {
                    "type": "minecraft:item",
                    "name": "minecraft:potion",
                    "weight": 4,
                    "functions": [
                        {
                            "function": "minecraft:set_potion",
                            "id": "minecraft:strong_healing"
                        }
                    ]
                }
            ]
        }
    ]
}