{
	"type": "minecraft:vegetation_patch",
	"config": {
		"surface": "floor",
		"depth": 1,
		"vertical_range": 5,
		"extra_bottom_block_chance": 0,
		"extra_edge_column_chance": 0.2,
		"vegetation_chance": 0.28,
		"xz_radius": {
			"type": "minecraft:uniform",
			
				"min_inclusive": 1,
				"max_inclusive": 2
			
		},
		"replaceable": "#cavernous:biomes/lush/tropical_caves/pool_replaceable",
		"ground_state": {
			"type": "minecraft:simple_state_provider",
			"state": {
				"Name": "minecraft:mud"
			}
		},
		"vegetation_feature": {
			"feature": {
				"type": "minecraft:block_column",
				"config": {
					"direction": "up",
					"allowed_placement": {
						"type": "minecraft:all_of",
						"predicates": [
							{
								"type": "minecraft:matching_blocks",
								"blocks": "minecraft:air"
							}
						]
					},
					"prioritize_tip": true,
					"layers": [
						{
							"height": {
								"type": "minecraft:biased_to_bottom",
								
									"min_inclusive": 2,
									"max_inclusive": 8
								
							},
							"provider": {
								"type": "minecraft:simple_state_provider",
								"state": {
									"Name": "minecraft:bamboo",
									"Properties": {
										"age": "1",
										"leaves": "none",
										"stage": "1"
									}
								}
							}
						},
						{
							"height": 1,
							"provider": {
								"type": "minecraft:simple_state_provider",
								"state": {
									"Name": "minecraft:bamboo",
									"Properties": {
										"age": "1",
										"leaves": "small",
										"stage": "1"
									}
								}
							}
						},
						{
							"height": {
								"type": "minecraft:uniform",
								
									"min_inclusive": 1,
									"max_inclusive": 2
								
							},
							"provider": {
								"type": "minecraft:simple_state_provider",
								"state": {
									"Name": "minecraft:bamboo",
									"Properties": {
										"age": "1",
										"leaves": "large",
										"stage": "1"
									}
								}
							}
						}
					]
				}
			},
			"placement": []
		}
	}
}
