{
	"type": "minecraft:random_boolean_selector",
	"config": {
		"feature_false": {
			"feature": {
				"type": "minecraft:random_boolean_selector",
				"config": {
					"feature_false": {
						"feature": {
							"type": "minecraft:block_column",
							"config": {
								"direction": "up",
								"allowed_placement": {
									"type": "minecraft:matching_blocks",
									"offset": [
										0,
										0,
										0
									],
									"blocks": [
										"minecraft:air",
										"minecraft:water"
									]
								},
								"prioritize_tip": true,
								"layers": [
									{
										"height": 1,
										"provider": {
											"type": "minecraft:simple_state_provider",
											"state": {
												"Name": "minecraft:big_dripleaf_stem",
												"Properties": {
													"facing": "north",
													"waterlogged": "true"
												}
											}
										}
									},
									{
										"height": {
											"type": "minecraft:biased_to_bottom",
											
												"min_inclusive": 0,
												"max_inclusive": 7
											
										},
										"provider": {
											"type": "minecraft:simple_state_provider",
											"state": {
												"Name": "minecraft:big_dripleaf_stem",
												"Properties": {
													"facing": "north",
													"waterlogged": "false"
												}
											}
										}
									},
									{
										"height": 1,
										"provider": {
											"type": "minecraft:simple_state_provider",
											"state": {
												"Name": "minecraft:big_dripleaf",
												"Properties": {
													"waterlogged": "false",
													"tilt": "none",
													"facing": "north"
												}
											}
										}
									}
								]
							}
						},
						"placement": []
					},
					"feature_true": {
						"feature": {
							"type": "minecraft:block_column",
							"config": {
								"direction": "up",
								"allowed_placement": {
									"type": "minecraft:matching_blocks",
									"offset": [
										0,
										0,
										0
									],
									"blocks": [
										"minecraft:air",
										"minecraft:water"
									]
								},
								"prioritize_tip": true,
								"layers": [
									{
										"height": 1,
										"provider": {
											"type": "minecraft:simple_state_provider",
											"state": {
												"Name": "minecraft:big_dripleaf_stem",
												"Properties": {
													"facing": "east",
													"waterlogged": "true"
												}
											}
										}
									},
									{
										"height": {
											"type": "minecraft:biased_to_bottom",
											
												"min_inclusive": 0,
												"max_inclusive": 7
											
										},
										"provider": {
											"type": "minecraft:simple_state_provider",
											"state": {
												"Name": "minecraft:big_dripleaf_stem",
												"Properties": {
													"facing": "east",
													"waterlogged": "false"
												}
											}
										}
									},
									{
										"height": 1,
										"provider": {
											"type": "minecraft:simple_state_provider",
											"state": {
												"Name": "minecraft:big_dripleaf",
												"Properties": {
													"waterlogged": "false",
													"tilt": "none",
													"facing": "east"
												}
											}
										}
									}
								]
							}
						},
						"placement": []
					}
				}
			},
			"placement": []
		},
		"feature_true": {
			"feature": {
				"type": "minecraft:random_boolean_selector",
				"config": {
					"feature_false": {
						"feature": {
							"type": "minecraft:block_column",
							"config": {
								"direction": "up",
								"allowed_placement": {
									"type": "minecraft:matching_blocks",
									"offset": [
										0,
										0,
										0
									],
									"blocks": [
										"minecraft:air",
										"minecraft:water"
									]
								},
								"prioritize_tip": true,
								"layers": [
									{
										"height": 1,
										"provider": {
											"type": "minecraft:simple_state_provider",
											"state": {
												"Name": "minecraft:big_dripleaf_stem",
												"Properties": {
													"facing": "south",
													"waterlogged": "true"
												}
											}
										}
									},
									{
										"height": {
											"type": "minecraft:biased_to_bottom",
											
												"min_inclusive": 0,
												"max_inclusive": 7
											
										},
										"provider": {
											"type": "minecraft:simple_state_provider",
											"state": {
												"Name": "minecraft:big_dripleaf_stem",
												"Properties": {
													"facing": "south",
													"waterlogged": "false"
												}
											}
										}
									},
									{
										"height": 1,
										"provider": {
											"type": "minecraft:simple_state_provider",
											"state": {
												"Name": "minecraft:big_dripleaf",
												"Properties": {
													"waterlogged": "false",
													"tilt": "none",
													"facing": "south"
												}
											}
										}
									}
								]
							}
						},
						"placement": []
					},
					"feature_true": {
						"feature": {
							"type": "minecraft:block_column",
							"config": {
								"direction": "up",
								"allowed_placement": {
									"type": "minecraft:matching_blocks",
									"offset": [
										0,
										0,
										0
									],
									"blocks": [
										"minecraft:air",
										"minecraft:water"
									]
								},
								"prioritize_tip": true,
								"layers": [
									{
										"height": 1,
										"provider": {
											"type": "minecraft:simple_state_provider",
											"state": {
												"Name": "minecraft:big_dripleaf_stem",
												"Properties": {
													"facing": "west",
													"waterlogged": "true"
												}
											}
										}
									},
									{
										"height": {
											"type": "minecraft:biased_to_bottom",
											
												"min_inclusive": 0,
												"max_inclusive": 7
											
										},
										"provider": {
											"type": "minecraft:simple_state_provider",
											"state": {
												"Name": "minecraft:big_dripleaf_stem",
												"Properties": {
													"facing": "west",
													"waterlogged": "false"
												}
											}
										}
									},
									{
										"height": 1,
										"provider": {
											"type": "minecraft:simple_state_provider",
											"state": {
												"Name": "minecraft:big_dripleaf",
												"Properties": {
													"waterlogged": "false",
													"tilt": "none",
													"facing": "west"
												}
											}
										}
									}
								]
							}
						},
						"placement": []
					}
				}
			},
			"placement": []
		}
	}
}
