{
	"type": "minecraft:vegetation_patch",
	"config": {
		"surface": "floor",
		"depth": 1,
		"vertical_range": 2,
		"extra_bottom_block_chance": 0,
		"extra_edge_column_chance": 0.5,
		"vegetation_chance": 0.001,
		"xz_radius": {
			"type": "minecraft:biased_to_bottom",
			
				"min_inclusive": 2,
				"max_inclusive": 3
			
		},
		"replaceable": "#cavernous:biomes/lush/tropical_caves/coarse_replaceable",
		"ground_state": {
			"type": "minecraft:simple_state_provider",
			"state": {
				"Name": "minecraft:coarse_dirt"
			}
		},
		"vegetation_feature": {
			"feature": {
				"type": "minecraft:no_op",
				"config": {}
			},
			"placement": []
		}
	}
}
