{
	"type": "minecraft:tree",
	"config": {
		"ignore_vines": false,
		"force_dirt": false,
		"minimum_size": {
			"type": "minecraft:two_layers_feature_size",
			"limit": 0,
			"lower_size": 0,
			"upper_size": 0
		},
		"dirt_provider": {
			"type": "minecraft:simple_state_provider",
			"state": {
				"Name": "minecraft:mud"
			}
		},
		"trunk_provider": {
			"type": "minecraft:simple_state_provider",
			"state": {
				"Name": "minecraft:stripped_mangrove_wood",
				"Properties": {
					"axis": "y"
				}
			}
		},
		"foliage_provider": {
			"type": "minecraft:simple_state_provider",
			"state": {
				"Name": "minecraft:acacia_leaves",
				"Properties": {
					"distance": "7",
					"persistent": "false",
					"waterlogged": "false"
				}
			}
		},
		"trunk_placer": {
			"type": "minecraft:upwards_branching_trunk_placer",
			"base_height": 4,
			"height_rand_a": 1,
			"height_rand_b": 5,
			"extra_branch_steps": {
				"type": "minecraft:uniform",
				
					"min_inclusive": 2,
					"max_inclusive": 5
				
			},
			"extra_branch_length": {
				"type": "minecraft:uniform",
				
					"min_inclusive": 2,
					"max_inclusive": 5
				
			},
			"place_branch_per_log_probability": 0.5,
			"can_grow_through": [
				"minecraft:air",
				"minecraft:azalea_leaves",
				"minecraft:acacia_leaves"
			]
		},
        "foliage_placer": {
			"type": "minecraft:cherry_foliage_placer",
			"corner_hole_chance": 0.5,
			"hanging_leaves_chance": 0.5,
			"hanging_leaves_extension_chance": 0.25,
			"height": 4,
			"offset": 1,
			"radius": 2,
			"wide_bottom_layer_hole_chance": 0.001
		},
		"decorators": [
			{
			"type": "minecraft:beehive",
				"probability": 0.03
			}
		]
	}
}
