{
    "name": "luistercorp:savanna_aliados",
    "fallback": "minecraft:empty",
    "elements": [
      {
        "weight": 1,
        "element": {
          "element_type": "minecraft:single_pool_element",
          "projection": "rigid",
          "location": "luistercorp:allies_cat_yellow",
        "processors": "minecraft:empty"
        }
      },
      {
        "weight": 1,
        "element": {
          "element_type": "minecraft:single_pool_element",
          "projection": "rigid",
          "location": "luistercorp:allies_village_leatherworker",
        "processors": "minecraft:empty"
        }
      },
      {
        "weight": 1,
        "element": {
          "element_type": "minecraft:single_pool_element",
          "projection": "rigid",
          "location": "luistercorp:allies_wandering_trader_v1",
        "processors": "minecraft:empty"
        }
      },
      {
        "weight": 1,
        "element": {
          "element_type": "minecraft:single_pool_element",
          "projection": "rigid",
          "location": "luistercorp:allies_wandering_trader_v2",
        "processors": "minecraft:empty"
        }
      }
    ]
  }
  