{
  "criteria": {
    "requirement": {
      "trigger": "minecraft:player_interacted_with_entity",
      "conditions": {
        "entity": [
          {
            "condition": "minecraft:entity_properties",
            "entity": "this",
            "predicate": {
              "type": "minecraft:interaction"
            }
          },
          {
            "condition": "minecraft:entity_scores",
            "entity": "this",
            "scores": {
              "mcs_nether.entity": {
                "min": 15
              }
            }
          }
        ]
      }
    }
  },
  "rewards": {
    "function": "mcs_nether:interaction/global"
  }
}