{
  "type": "minecraft:archaeology",
  "pools": [
    {
      "rolls": 1,
      "entries": [
        {
          "type": "minecraft:item",
          "weight": 5,
          "name": "minecraft:candle"
        },
        {
          "type": "minecraft:item",
          "weight": 5,
          "name": "minecraft:paper"
        },
        {
          "type": "minecraft:item",
          "weight": 3,
          "name": "minecraft:spider_eye"
        },
        {
          "type": "minecraft:item",
          "weight": 5,
          "name": "minecraft:brick"
        },
        {
          "type": "minecraft:item",
          "weight": 3,
          "name": "minecraft:lapis_lazuli"
        },
        {
          "type": "minecraft:item",
          "weight": 5,
          "name": "minecraft:yellow_dye"
        },
        {
          "type": "minecraft:item",
          "weight": 5,
          "name": "minecraft:string"
        },
        {
          "type": "minecraft:item",
          "weight": 1,
          "name": "minecraft:burn_pottery_sherd"
        },
        {
          "type": "minecraft:item",
          "weight": 1,
          "name": "minecraft:heart_pottery_sherd"
        },
        {
          "type": "minecraft:item",
          "weight": 5,
          "name": "minecraft:feather"
        },
        {
          "type": "minecraft:item",
          "weight": 1,
          "name": "minecraft:rabbit_foot"
        },
        {
          "type": "minecraft:item",
          "weight": 1,
          "name": "minecraft:dune_armor_trim_smithing_template"
        }
      ]
    }
  ],
  "random_sequence": "wabi_sabi_structures:archaeology/sphinx_hidey_hole/sphinx_hidey_hole_sandy_archaeology"
}
