{
  "type": "minecraft:archaeology",
  "pools": [
    {
      "rolls": 1,
      "entries": [
        {
          "type": "minecraft:item",
          "weight": 5,
          "name": "minecraft:white_candle"
        },
        {
          "type": "minecraft:item",
          "weight": 5,
          "name": "minecraft:sugar"
        },
        {
          "type": "minecraft:item",
          "weight": 3,
          "name": "minecraft:salmon"
        },
        {
          "type": "minecraft:item",
          "weight": 5,
          "name": "minecraft:brick"
        },
        {
          "type": "minecraft:item",
          "weight": 3,
          "name": "minecraft:amethyst_shard"
        },
        {
          "type": "minecraft:item",
          "weight": 5,
          "name": "minecraft:light_blue_dye"
        },
        {
          "type": "minecraft:item",
          "weight": 5,
          "name": "minecraft:string"
        },
        {
          "type": "minecraft:item",
          "weight": 1,
          "name": "minecraft:howl_pottery_sherd"
        },
        {
          "type": "minecraft:item",
          "weight": 1,
          "name": "minecraft:heartbreak_pottery_sherd"
        },
        {
          "type": "minecraft:item",
          "weight": 5,
          "name": "minecraft:rabbit_hide"
        },
        {
          "type": "minecraft:item",
          "weight": 1,
          "name": "minecraft:phantom_membrane"
        },
        {
          "type": "minecraft:item",
          "weight": 1,
          "name": "minecraft:dune_armor_trim_smithing_template"
        }
      ]
    }
  ],
  "random_sequence": "wabi_sabi_structures:archaeology/sphinx_hidey_hole/sphinx_hidey_hole_icy_archaeology"
}
