{
  "display": {
    "icon": {
      "id": "minecraft:horse_spawn_egg"
    },
    "title": "Rider Strider",
    "description": "Call upon a horse",
    "frame": "task",
    "show_toast": true,
    "announce_to_chat": true,
    "hidden": false
  },
  "parent": "mt:treasure_advancements/first_common_savanna_treasure",
  "criteria": {
    "requirement": {
      "trigger": "minecraft:consume_item",
      "conditions": {
        "item": {
          "predicates": {
  "minecraft:custom_data": "{spawn:\"mt.horse\"}"
      }        }
      }
    }
  }
}
