{
  "type": "minecraft:entity",
  "pools": [
    {
      "rolls": 1,
      "entries": [
        {
          "type": "minecraft:item",
          "name": "minecraft:totem_of_undying"
        }
      ],
      "conditions": [
        {
          "condition": "minecraft:random_chance",
          "chance": 0.15
        }
      ]
    },
    {
      "rolls": 1,
      "entries": [
        {
          "type": "minecraft:item",
          "name": "minecraft:command_block"
        }
      ],
      "functions": [
        {
          "function": "minecraft:set_components",
          "components": {
            "minecraft:custom_model_data": 435003,
            "minecraft:item_name": "[{'text':'Totem of Speed'}]",
            "minecraft:attribute_modifiers": {
              "modifiers": [
                {
                  "type": "minecraft:movement_speed",
                  "id": "231231231232",
                  "amount": 0.1,
                  "operation": "add_value",
                  "slot": "hand"
                }
              ],
              "show_in_tooltip": false
            },
            "minecraft:rarity": "uncommon",
            "minecraft:max_stack_size": 1
          }
        }
      ],
      "conditions": [
        {
          "condition": "minecraft:random_chance",
          "chance": 0.15
        }
      ]
    },
    {
      "rolls": 1,
      "entries": [
        {
          "type": "minecraft:item",
          "name": "minecraft:command_block"
        }
      ],
      "functions": [
        {
          "function": "minecraft:set_components",
          "components": {
            "minecraft:custom_model_data": 435004,
            "minecraft:item_name": "[{'text':'Totem of Health'}]",
            "minecraft:attribute_modifiers": {
              "modifiers": [
                {
                  "type": "minecraft:max_health",
                  "id": "123434434334",
                  "amount": 4,
                  "operation": "add_value",
                  "slot": "hand"
                }
              ],
              "show_in_tooltip": false
            },
            "minecraft:rarity": "uncommon",
            "minecraft:max_stack_size": 1
          }
        }
      ],
      "conditions": [
        {
          "condition": "minecraft:random_chance",
          "chance": 0.15
        }
      ]
    },
    {
      "rolls": 1,
      "bonus_rolls": 0,
      "entries": [
        {
          "type": "minecraft:item",
          "name": "minecraft:command_block"
        }
      ],
      "functions": [
        {
          "function": "minecraft:set_components",
          "components": {
            "minecraft:custom_model_data": 435005,
            "minecraft:item_name": "[{'text':'Totem of Defense'}]",
            "minecraft:attribute_modifiers": {
              "modifiers": [
                {
                  "type": "minecraft:armor_toughness",
                  "id": "342344556767",
                  "amount": 1,
                  "operation": "add_value",
                  "slot": "hand"
                },
                {
                  "type": "minecraft:armor",
                  "id": "234234234234",
                  "amount": 4,
                  "operation": "add_value",
                  "slot": "hand"
                }
              ],
              "show_in_tooltip": false
            },
            "minecraft:rarity": "uncommon",
            "minecraft:max_stack_size": 1
          }
        }
      ],
      "conditions": [
        {
          "condition": "minecraft:random_chance",
          "chance": 0.15
        }
      ]
    },
    {
      "rolls": 1,
      "bonus_rolls": 0,
      "entries": [
        {
          "type": "minecraft:item",
          "name": "minecraft:emerald",
          "functions": [
            {
              "function": "minecraft:set_count",
              "count": {
                "type": "minecraft:uniform",
                "min": 0,
                "max": 1
              },
              "add": false
            },
            {
              "function": "minecraft:enchanted_count_increase",
              "enchantment": "minecraft:fortune",
              "count": {
                "type": "minecraft:uniform",
                "min": 0,
                "max": 1
              }
            }
          ]
        }
      ],
      "conditions": [
        {
          "condition": "minecraft:killed_by_player"
        }
      ]
    }
  ],
  "random_sequence": "minecraft:entities/evoker"
}
