{
  "type": "minecraft:crafting_shaped",
  "category": "equipment",
  "pattern": [
    " X ",
    " # ",
    " X "
  ],
  "key": {
    "#": "minecraft:stick",
    "X": "minecraft:stone_sword"
  },
  "result": {
    "id": "minecraft:stone_sword",
    "count": 1,
    "components": {
      "minecraft:item_name": "{'text':'Stone Twinblade'}",
      "minecraft:attribute_modifiers": {
        "modifiers": [
          {
            "type": "minecraft:attack_damage",
            "id": "attack_damage.twinblade",
            "amount": 3,
            "operation": "add_value",
            "slot": "mainhand"
          },
          {
            "type": "minecraft:attack_speed",
            "id": "attack_speed",
            "amount": -3.2,
            "operation": "add_value",
            "slot": "mainhand"
          },
          {
            "type": "minecraft:attack_damage",
            "id": "attack_damage.spin_combo",
            "amount": 0,
            "operation": "add_value",
            "slot": "mainhand"
          },
          {
            "type": "minecraft:attack_speed",
            "id": "attack_speed.spin_combo_spin1",
            "amount": 0,
            "operation": "add_value",
            "slot": "mainhand"
          },
          {
            "type": "minecraft:attack_speed",
            "id": "attack_speed.spin_combo_spin2",
            "amount": 0,
            "operation": "add_value",
            "slot": "mainhand"
          },
          {
            "type": "minecraft:attack_speed",
            "id": "attack_speed.spin_combo_heavy",
            "amount": 0,
            "operation": "add_value",
            "slot": "mainhand"
          }
        ],
        "show_in_tooltip": false
      },
      "lore": [
        "{'text':' '}",
        "{'bold':true,'color':'white','italic':false,'text':'[SPIN COMBO]'}",
        "{'color':'gray','italic':false,'text':'Landing consecutive hits on good'}",
        "{'color':'gray','italic':false,'text':'timing increases attack speed until'}",
        "{'color':'gray','italic':false,'text':'a strong heavy attack can be used.'}",
        "{'text':' '}",
        "{'color':'gray','italic':false,'text':'When in Main Hand:'}",
        "{'color':'dark_green','italic':false,'text':' 4 Attack Damage'}",
        "{'color':'dark_green','italic':false,'text':' 0.8 Attack Speed'}"
      ],
      "minecraft:item_model": "ppg:we/twinblade/stone"
    }
  }
}
