{
  "condition": "minecraft:any_of",
  "terms": [
    {
      "condition": "minecraft:entity_properties",
      "entity": "this",
      "predicate": {
        "slots": {
          "weapon.offhand": {
            "items": "minecraft:shield",
            "predicates": {
              "minecraft:custom_data": "{mcs_blaze_knight_shield:1b}"
            }
          }
        }
      }
    },
    {
      "condition": "minecraft:entity_properties",
      "entity": "this",
      "predicate": {
        "slots": {
          "weapon.offhand": {
            "items": "minecraft:jigsaw",
            "predicates": {
              "minecraft:custom_data": "{mcs_fire_charged_upgrade_smithing_template:1b}"
            }
          }
        }
      }
    },
    {
      "condition": "minecraft:entity_properties",
      "entity": "this",
      "predicate": {
        "slots": {
          "weapon.offhand": {
            "items": "minecraft:wolf_spawn_egg",
            "predicates": {
              "minecraft:custom_data": "{mcs_nether.spawn_egg:1b}"
            }
          }
        }
      }
    }
  ]
}