{
    "name": "mingen:cobledstone_ruin",
    "fallback": "minecraft:empty",
    "elements": [
        {
            "weight": 5,
            "element": {
                "location": "mingen:cobblestone_ruin",
                "processors": "minecraft:empty",
                "projection": "rigid",
                "element_type": "minecraft:single_pool_element"
            }
        },
        {
            "weight": 1,
            "element": {
                "location": "mingen:big_cobblestone_ruin",
                "processors": "minecraft:empty",
                "projection": "rigid",
                "element_type": "minecraft:single_pool_element"
            }
        }
    ]
}