{
  "type": "minecraft:chest",
  "pools": [
    {
      "rolls": {
        "min": 4,
        "max": 8
      },
      "bonus_rolls": {
        "min": 0,
        "max": 2
      },
      "entries": [
        {
          "type": "minecraft:item",
          "name": "minecraft:string",
          "weight": 75,
          "functions": [
            {
              "function": "minecraft:set_count",
              "count": {
                "min": 1,
                "max": 3
              },
              "add": true
            }
          ]
        },
        {
          "type": "minecraft:item",
          "name": "minecraft:spider_eye",
          "weight": 25,
          "functions": [
            {
              "function": "minecraft:set_count",
              "count": {
                "min": 1,
                "max": 2
              }
            }
          ]
        },
        {
          "type": "minecraft:item",
          "name": "minecraft:fermented_spider_eye",
          "weight": 10
        },
        {
          "type": "minecraft:item",
          "name": "minecraft:cobweb",
          "weight": 45,
          "functions": [
            {
              "function": "minecraft:set_count",
              "count": {
                "min": 1,
                "max": 3
              }
            }
          ]
        },
        {
          "type": "minecraft:item",
          "name": "minecraft:golden_apple",
          "weight": 5
        },
        {
          "type": "minecraft:item",
          "name": "minecraft:enchanted_golden_apple",
          "weight": 1
        },
        {
          "type": "minecraft:item",
          "name": "minecraft:music_disc_mellohi",
          "weight": 5
        },
        {
          "type": "minecraft:item",
          "name": "minecraft:music_disc_stal",
          "weight": 5
        },
        {
          "type": "minecraft:item",
          "name": "minecraft:redstone",
          "weight": 40,
          "functions": [
            {
              "function": "minecraft:set_count",
              "count": {
                "min": 1,
                "max": 3
              }
            }
          ]
        },
        {
          "type": "minecraft:item",
          "name": "minecraft:emerald",
          "weight": 10
        },
        {
          "type": "minecraft:item",
          "name": "minecraft:iron_ingot",
          "weight": 30,
          "functions": [
            {
              "function": "minecraft:set_count",
              "count": {
                "min": 1,
                "max": 2
              }
            }
          ]
        },
        {
          "type": "minecraft:item",
          "name": "minecraft:iron_nugget",
          "weight": 35,
          "functions": [
            {
              "function": "minecraft:set_count",
              "count": {
                "min": 1,
                "max": 3
              }
            }
          ]
        }
      ]
    }
  ]
}
