{
  "type": "minecraft:chest",
  "pools": [
    {
      "rolls": {
        "min": 4,
        "max": 8
      },
      "bonus_rolls": {
        "min": 0,
        "max": 2
      },
      "entries": [
        {
          "type": "minecraft:item",
          "name": "minecraft:rotten_flesh",
          "weight": 75,
          "functions": [
            {
              "function": "minecraft:set_count",
              "count": {
                "min": 1,
                "max": 3
              },
              "add": true
            }
          ]
        },
        {
          "type": "minecraft:item",
          "name": "minecraft:iron_ingot",
          "weight": 20
        },
        {
          "type": "minecraft:item",
          "name": "minecraft:iron_nugget",
          "weight": 30,
          "functions": [
            {
              "function": "minecraft:set_count",
              "count": {
                "min": 1,
                "max": 3
              },
              "add": true
            }
          ]
        },
        {
          "type": "minecraft:item",
          "name": "minecraft:carrot",
          "weight": 25,
          "functions": [
            {
              "function": "minecraft:set_count",
              "count": {
                "min": 1,
                "max": 2
              }
            }
          ]
        },
        {
          "type": "minecraft:item",
          "name": "minecraft:potato",
          "weight": 20,
          "functions": [
            {
              "function": "minecraft:set_count",
              "count": {
                "min": 1,
                "max": 2
              }
            }
          ]
        },
        {
          "type": "minecraft:item",
          "name": "minecraft:poisonous_potato",
          "weight": 30,
          "functions": [
            {
              "function": "minecraft:set_count",
              "count": {
                "min": 1,
                "max": 2
              }
            }
          ]
        },
        {
          "type": "minecraft:item",
          "name": "minecraft:golden_carrot",
          "weight": 5
        },
        {
          "type": "minecraft:item",
          "name": "minecraft:emerald",
          "weight": 5
        },
        {
          "type": "minecraft:item",
          "name": "minecraft:golden_apple",
          "weight": 5
        },
        {
          "type": "minecraft:item",
          "name": "minecraft:enchanted_golden_apple",
          "weight": 1
        },
        {
          "type": "minecraft:item",
          "name": "minecraft:music_disc_cat",
          "weight": 5
        },
        {
          "type": "minecraft:item",
          "name": "minecraft:music_disc_chirp",
          "weight": 5
        },
        {
          "type": "minecraft:item",
          "name": "minecraft:redstone",
          "weight": 25,
          "functions": [
            {
              "function": "minecraft:set_count",
              "count": {
                "min": 1,
                "max": 3
              }
            }
          ]
        }
      ]
    }
  ]
}
