{
    "display": {
        "title": {
            "text": "Tougher than Stone"
        },
        "description": {
            "text": "Craft a Bedrock Essence"
        },
        "icon": {
            "id": "minecraft:bedrock"
        },
        "frame": "challenge",
        "show_toast": true,
        "announce_to_chat": true,
        "hidden": false,
        "background": "minecraft:textures/gui/advancements/backgrounds/stone.png"
    },
    "parent": "hcrplus:root",
    "criteria": {
        "Unlocked": {
            "trigger": "minecraft:recipe_unlocked",
            "conditions": {
                "recipe": "hcrplus:bedrock_essence"
            }
        }
    }
}