{
    "criteria": {
        "requirement": {
            "trigger": "minecraft:placed_block",
            "conditions": {
                "location": [
                    {
                        "condition": "minecraft:match_tool",
                        "predicate": {
                            "predicates": {
                                "minecraft:custom_data": "{betterfurnace:{custom_block:1b}}"
                            }
                        }
                    }
                ]
            }
        }
    },
    "rewards": {
        "function": "betterfurnace:blocks/place/detect/on_place"
    }
}