{
  "processors": [
    {
      "processor_type": "minecraft:rule",
      "rules": [
        {
          "location_predicate": {
            "predicate_type": "minecraft:always_true"
          },
          "input_predicate": {
            "predicate_type": "minecraft:random_block_match",
            "block": "minecraft:glow_lichen",
            "probability": 0.50
          },
          "output_state": {
            "Name": "minecraft:air"
          }
        }
      ]
    },
    {
      "processor_type": "minecraft:capped",
      "limit": {
        "type": "minecraft:constant",
        "value": 1
      },
      "delegate": {
        "processor_type": "minecraft:rule",
        "rules": [
          {
            "location_predicate": {
              "predicate_type": "minecraft:always_true"
            },
            "input_predicate": {
              "predicate_type": "minecraft:random_block_match",
              "block": "minecraft:pale_oak_wood",
              "probability": 1
            },
            "output_state": {
              "Name": "minecraft:creaking_heart",
              "Properties": {
                "axis": "y",
                "active": "true",
                "natural": "true"
              }
            }
          }
        ]
      }
    }
  ]
}
