{
  "processors": [
    {
      "processor_type": "minecraft:capped",
      "limit": {
        "type": "minecraft:constant",
        "value": 1
      },
      "delegate": {
        "processor_type": "minecraft:rule",
        "rules": [
          {
            "location_predicate": {
              "predicate_type": "minecraft:always_true"
            },
            "input_predicate": {
              "predicate_type": "minecraft:random_block_match",
              "block": "minecraft:pale_oak_wood",
              "probability": 1
            },
            "output_state": {
              "Name": "minecraft:creaking_heart",
              "Properties": {
                "axis": "y",
                "active": "true",
                "natural": "true"
              }
            }
          }
        ]
      }
    },
    {
      "processor_type": "minecraft:capped",
      "limit": {
        "type": "minecraft:uniform",
        "min_inclusive": 2,
        "max_inclusive": 4
      },
      "delegate": {
        "processor_type": "minecraft:rule",
        "rules": [
          {
            "location_predicate": {
              "predicate_type": "minecraft:always_true"
            },
            "input_predicate": {
              "predicate_type": "minecraft:random_block_match",
              "block": "minecraft:gravel",
              "probability": 1
            },
            "output_state": {
              "Name": "minecraft:suspicious_gravel",
              "Properties": {
                "dusted": "0"
              }
            },
            "block_entity_modifier": {
              "type": "minecraft:append_loot",
              "loot_table": "pale_formations:archaeology/the_garden/end_library_gravel"
            }
          }
        ]
      }
    }
  ]
}
