{
    "display": {
      "icon": {
        "id": "minecraft:golden_helmet"
      },
      "title": {
      "translate": "advancement.kattersstructures.pharaoh_title",
      "fallback": "Sands of Victory"
    },
    "description": {
      "translate": "advancement.kattersstructures.pharaoh_description",
      "fallback": "Defeat the pharaoh and bring an end to his reign of terror."
    },
      "frame": "challenge",
      "show_toast": true,
      "announce_to_chat": true,
      "hidden": true
    },
    "parent": "kattersstructures:dungeon/desert_dungeon",
    "criteria": {
      "requirement": {
        "trigger": "minecraft:player_killed_entity",
        "conditions": {
          "player": [
            {
              "condition": "minecraft:entity_properties",
              "entity": "this",
              "predicate": {}
            }
          ],
          "entity": {
            "type": "minecraft:husk",
            "nbt": "{CustomName:'{\"text\":\"Pharaoh\",\"color\":\"gold\"}'}"
          }
        }
      }
    }
  }
  