{
  "display": {
    "icon": {
      "id": "minecraft:chiseled_polished_blackstone",
      "count": 1
    },
    "title": {
      "translate": "advancement.luistercorp.dragon_fruit.conservatorio_piglin.title"
    },
    "description": {
      "translate": "advancement.luistercorp.dragon_fruit.conservatorio_piglin.description"
    },
    "frame": "challenge",
    "show_toast": true,
    "announce_to_chat": true,
    "hidden": false
  },
  "parent": "luistercorp:adventure/dragon_fruit",
  "criteria": {
    "conservatorio_piglin": {
      "trigger": "minecraft:location",
      "conditions": {
        "player": [
          {
            "condition": "minecraft:entity_properties",
            "entity": "this",
            "predicate": {
              "location": {
                "structures": "luistercorp:piglin_conservatory"
              }
            }
          }
        ]
      }
    }
  },
  "requirements": [
    [
      "conservatorio_piglin"
    ]
  ]
}