{
  "parent": "luistercorp:dragon_fruit/carro_ambulante",
  "display": {
    "icon": {
      "id": "minecraft:music_disc_11",
      "components": {
        "minecraft:custom_model_data": {
          "strings": [
            "gema_corrupta"
          ]
        }
      }
    },
    "title": {
      "translate": "advancement.luistercorp.gema_corrupta.title"
    },
    "description": {
      "translate": "advancement.luistercorp.gema_corrupta.description"
    },
    "frame": "challenge",
    "show_toast": true,
    "announce_to_chat": true,
    "hidden": false
  },
  "criteria": {
    "requirement": {
      "trigger": "minecraft:inventory_changed",
      "conditions": {
        "items": [
          {
            "items": "minecraft:music_disc_11",
            "components": {
              "minecraft:custom_model_data": {"strings": ["gema_corrupta"]}
            }
          }
        ]
      }
    }
  }
}