{
  "parent": "luistercorp:dragon_fruit/hongo_venenoso",
  "display": {
    "icon": {
      "id": "minecraft:golden_apple",
      "components": {
        "minecraft:custom_model_data": {
          "strings": [
            "golden_dragon_fruit"
          ]
        }
      }
    },
    "title": {
      "translate": "advancement.luistercorp.golden_dragon_fruit.title"
    },
    "description": {
      "translate": "advancement.luistercorp.golden_dragon_fruit.description"
    },
    "frame": "goal",
    "show_toast": true,
    "announce_to_chat": true,
    "hidden": false
  },
  "criteria": {
    "requirement": {
      "trigger": "minecraft:consume_item",
      "conditions": {
        "item": {
          "items": "minecraft:golden_apple",
          "components": {
            "minecraft:custom_model_data": {
              "strings": [
                "golden_dragon_fruit"
              ]
            }
          }
        }
      }
    }
  }
}