{
  "parent": "luistercorp:dragon_fruit/columna_hoglin",
  "display": {
    "icon": {
      "id": "minecraft:enchanted_golden_apple",
      "components": {
        "minecraft:custom_model_data": {
          "strings": [
            "manzana_obsidiana"
          ]
        }
      }
    },
    "title": {
      "translate": "advancement.luistercorp.manzana_obsidiana.title"
    },
    "description": {
      "translate": "advancement.luistercorp.manzana_obsidiana.description"
    },
    "frame": "challenge",
    "show_toast": true,
    "announce_to_chat": true,
    "hidden": false
  },
  "criteria": {
    "requirement": {
      "trigger": "minecraft:consume_item",
      "conditions": {
        "item": {
          "items": "minecraft:enchanted_golden_apple",
          "components": {
            "minecraft:custom_model_data": {
              "strings": [
                "manzana_obsidiana"
              ]
            }
          }
        }
      }
    }
  }
}