{
  "display": {
    "icon": {
      "id": "minecraft:crying_obsidian",
      "count": 1
    },
    "title": {
      "translate": "advancement.luistercorp.dragon_fruit.ruinas.title"
    },
    "description": {
      "translate": "advancement.luistercorp.dragon_fruit.ruinas.description"
    },
    "frame": "goal",
    "show_toast": true,
    "announce_to_chat": true,
    "hidden": false
  },
  "parent": "luistercorp:adventure/dragon_fruit",
  "criteria": {
    "carro_ambulante": {
      "trigger": "minecraft:location",
      "conditions": {
        "player": [
          {
            "condition": "minecraft:entity_properties",
            "entity": "this",
            "predicate": {
              "location": {
                "structures": "luistercorp:portal_ruins"
              }
            }
          }
        ]
      }
    }
  },
  "requirements": [
    [
      "carro_ambulante"
    ]
  ]
}