{
    "criteria": {
        "requirement": {
            "trigger": "minecraft:inventory_changed",
            "conditions": {
                "player": [
                    {
                        "condition": "minecraft:entity_properties",
                        "entity": "this",
                        "predicate": {
                            "type_specific": {
                                "type": "minecraft:player",
                                "gamemode": [
                                    "adventure",
                                    "survival"
                                ]
                            }
                        }
                    }
                ],
                "items": [
                    {
                        "items": "#minecraft:bundles",
                        "predicates": {
                            "minecraft:bundle_contents": {},
                            "minecraft:custom_data": {
                                "atlas_jj.atlas": true
                            }
                        }
                    }
                ]
            }
        }
    },
    "rewards": {
        "function": "atlas_jj:atlas/not_map/start"
    }
}