{
  "type": "minecraft:archaeology",
  "pools": [
    {
      "rolls": 1,
      "entries": [
        {
          "type": "minecraft:item",
          "name": "minecraft:stick",
          "weight": 1,
          "conditions": [
            {
              "condition": "minecraft:inverted",
              "term": {
                "condition": "minecraft:location_check",
                "predicate": {
                  "biomes": "minecraft:pale_garden"
                }
              }
            }
          ]
        },
        {
          "type": "minecraft:item",
          "name": "minecraft:bone_meal",
          "weight": 3,
          "conditions": [
            {
              "condition": "minecraft:weather_check",
              "thundering": false
            },
            {
              "condition": "minecraft:time_check",
              "value": {
                "min": -540,
                "max": 12541
              },
              "period": 24000
            },
            {
              "condition": "minecraft:location_check",
              "predicate": {
                "biomes": "minecraft:pale_garden"
              }
            }
          ]
        },
        {
          "type": "minecraft:item",
          "name": "minecraft:redstone",
          "weight": 3,
          "conditions": [
            {
              "condition": "minecraft:any_of",
              "terms": [
                {
                  "condition": "minecraft:time_check",
                  "value": {
                    "min": 12542,
                    "max": 23459
                  },
                  "period": 24000
                },
                {
                  "condition": "minecraft:weather_check",
                  "thundering": true
                }
              ]
            },
            {
              "condition": "minecraft:location_check",
              "predicate": {
                "biomes": "minecraft:pale_garden"
              }
            }
          ]
        },
        {
          "type": "minecraft:item",
          "name": "minecraft:rotten_flesh",
          "weight": 3,
          "conditions": [
            {
              "condition": "minecraft:weather_check",
              "thundering": false
            },
            {
              "condition": "minecraft:time_check",
              "value": {
                "min": -540,
                "max": 12541
              },
              "period": 24000
            },
            {
              "condition": "minecraft:location_check",
              "predicate": {
                "biomes": "minecraft:pale_garden"
              }
            }
          ]
        },
        {
          "type": "minecraft:item",
          "name": "minecraft:rotten_flesh",
          "weight": 1,
          "conditions": [
            {
              "condition": "minecraft:any_of",
              "terms": [
                {
                  "condition": "minecraft:time_check",
                  "value": {
                    "min": 12542,
                    "max": 23459
                  },
                  "period": 24000
                },
                {
                  "condition": "minecraft:weather_check",
                  "thundering": true
                }
              ]
            },
            {
              "condition": "minecraft:location_check",
              "predicate": {
                "biomes": "minecraft:pale_garden"
              }
            }
          ]
        },
        {
          "type": "minecraft:item",
          "name": "minecraft:bone",
          "weight": 3,
          "conditions": [
            {
              "condition": "minecraft:weather_check",
              "thundering": false
            },
            {
              "condition": "minecraft:time_check",
              "value": {
                "min": -540,
                "max": 12541
              },
              "period": 24000
            },
            {
              "condition": "minecraft:location_check",
              "predicate": {
                "biomes": "minecraft:pale_garden"
              }
            }
          ]
        },
        {
          "type": "minecraft:item",
          "name": "minecraft:bone",
          "weight": 2,
          "conditions": [
            {
              "condition": "minecraft:any_of",
              "terms": [
                {
                  "condition": "minecraft:time_check",
                  "value": {
                    "min": 12542,
                    "max": 23459
                  },
                  "period": 24000
                },
                {
                  "condition": "minecraft:weather_check",
                  "thundering": true
                }
              ]
            },
            {
              "condition": "minecraft:location_check",
              "predicate": {
                "biomes": "minecraft:pale_garden"
              }
            }
          ]
        },
        {
          "type": "minecraft:item",
          "name": "minecraft:redstone_torch",
          "weight": 3,
          "conditions": [
            {
              "condition": "minecraft:weather_check",
              "thundering": false
            },
            {
              "condition": "minecraft:time_check",
              "value": {
                "min": -540,
                "max": 12541
              },
              "period": 24000
            },
            {
              "condition": "minecraft:location_check",
              "predicate": {
                "biomes": "minecraft:pale_garden"
              }
            }
          ]
        },
        {
          "type": "minecraft:item",
          "name": "minecraft:beetroot",
          "weight": 3,
          "conditions": [
            {
              "condition": "minecraft:weather_check",
              "thundering": false
            },
            {
              "condition": "minecraft:time_check",
              "value": {
                "min": -540,
                "max": 12541
              },
              "period": 24000
            },
            {
              "condition": "minecraft:location_check",
              "predicate": {
                "biomes": "minecraft:pale_garden"
              }
            }
          ]
        },
        {
          "type": "minecraft:item",
          "name": "minecraft:beetroot",
          "weight": 1,
          "conditions": [
            {
              "condition": "minecraft:any_of",
              "terms": [
                {
                  "condition": "minecraft:time_check",
                  "value": {
                    "min": 12542,
                    "max": 23459
                  },
                  "period": 24000
                },
                {
                  "condition": "minecraft:weather_check",
                  "thundering": true
                }
              ]
            },
            {
              "condition": "minecraft:location_check",
              "predicate": {
                "biomes": "minecraft:pale_garden"
              }
            }
          ]
        },
        {
          "type": "minecraft:item",
          "name": "minecraft:beetroot_soup",
          "weight": 2,
          "conditions": [
            {
              "condition": "minecraft:any_of",
              "terms": [
                {
                  "condition": "minecraft:time_check",
                  "value": {
                    "min": 12542,
                    "max": 23459
                  },
                  "period": 24000
                },
                {
                  "condition": "minecraft:weather_check",
                  "thundering": true
                }
              ]
            },
            {
              "condition": "minecraft:location_check",
              "predicate": {
                "biomes": "minecraft:pale_garden"
              }
            }
          ]
        },
        {
          "type": "minecraft:item",
          "name": "minecraft:gunpowder",
          "weight": 3,
          "conditions": [
            {
              "condition": "minecraft:location_check",
              "predicate": {
                "biomes": "minecraft:pale_garden"
              }
            }
          ]
        },
        {
          "type": "minecraft:item",
          "name": "minecraft:stone_shovel",
          "weight": 2,
          "functions": [
            {
              "function": "minecraft:set_damage",
              "damage": {
                "type": "minecraft:uniform",
                "min": 0.3,
                "max": 1
              },
              "add": false
            }
          ],
          "conditions": [
            {
              "condition": "minecraft:weather_check",
              "thundering": false
            },
            {
              "condition": "minecraft:time_check",
              "value": {
                "min": -540,
                "max": 12541
              },
              "period": 24000
            },
            {
              "condition": "minecraft:location_check",
              "predicate": {
                "biomes": "minecraft:pale_garden"
              }
            }
          ]
        },
        {
          "type": "minecraft:item",
          "name": "minecraft:lantern",
          "weight": 2,
          "conditions": [
            {
              "condition": "minecraft:weather_check",
              "thundering": false
            },
            {
              "condition": "minecraft:time_check",
              "value": {
                "min": -540,
                "max": 12541
              },
              "period": 24000
            },
            {
              "condition": "minecraft:location_check",
              "predicate": {
                "biomes": "minecraft:pale_garden"
              }
            }
          ]
        },
        {
          "type": "minecraft:item",
          "name": "minecraft:lantern",
          "weight": 3,
          "conditions": [
            {
              "condition": "minecraft:any_of",
              "terms": [
                {
                  "condition": "minecraft:time_check",
                  "value": {
                    "min": 12542,
                    "max": 23459
                  },
                  "period": 24000
                },
                {
                  "condition": "minecraft:weather_check",
                  "thundering": true
                }
              ]
            },
            {
              "condition": "minecraft:location_check",
              "predicate": {
                "biomes": "minecraft:pale_garden"
              }
            }
          ]
        },
        {
          "type": "minecraft:item",
          "name": "minecraft:dead_bush",
          "weight": 2,
          "conditions": [
            {
              "condition": "minecraft:weather_check",
              "thundering": false
            },
            {
              "condition": "minecraft:time_check",
              "value": {
                "min": -540,
                "max": 12541
              },
              "period": 24000
            },
            {
              "condition": "minecraft:location_check",
              "predicate": {
                "biomes": "minecraft:pale_garden"
              }
            }
          ]
        },
        {
          "type": "minecraft:item",
          "name": "minecraft:light_gray_candle",
          "weight": 2,
          "conditions": [
            {
              "condition": "minecraft:location_check",
              "predicate": {
                "biomes": "minecraft:pale_garden"
              }
            }
          ]
        },
        {
          "type": "minecraft:item",
          "name": "minecraft:light_gray_banner",
          "weight": 2,
          "conditions": [
            {
              "condition": "minecraft:location_check",
              "predicate": {
                "biomes": "minecraft:pale_garden"
              }
            }
          ]
        },
        {
          "type": "minecraft:item",
          "name": "minecraft:gray_banner",
          "weight": 2,
          "conditions": [
            {
              "condition": "minecraft:location_check",
              "predicate": {
                "biomes": "minecraft:pale_garden"
              }
            }
          ]
        },
        {
          "type": "minecraft:item",
          "name": "minecraft:raw_iron",
          "weight": 2,
          "conditions": [
            {
              "condition": "minecraft:weather_check",
              "thundering": false
            },
            {
              "condition": "minecraft:time_check",
              "value": {
                "min": -540,
                "max": 12541
              },
              "period": 24000
            },
            {
              "condition": "minecraft:location_check",
              "predicate": {
                "biomes": "minecraft:pale_garden"
              }
            }
          ]
        },
        {
          "type": "minecraft:item",
          "name": "minecraft:raw_iron",
          "weight": 3,
          "conditions": [
            {
              "condition": "minecraft:any_of",
              "terms": [
                {
                  "condition": "minecraft:time_check",
                  "value": {
                    "min": 12542,
                    "max": 23459
                  },
                  "period": 24000
                },
                {
                  "condition": "minecraft:weather_check",
                  "thundering": true
                }
              ]
            },
            {
              "condition": "minecraft:location_check",
              "predicate": {
                "biomes": "minecraft:pale_garden"
              }
            }
          ]
        },
        {
          "type": "minecraft:item",
          "name": "minecraft:iron_ingot",
          "weight": 2,
          "conditions": [
            {
              "condition": "minecraft:any_of",
              "terms": [
                {
                  "condition": "minecraft:time_check",
                  "value": {
                    "min": 12542,
                    "max": 23459
                  },
                  "period": 24000
                },
                {
                  "condition": "minecraft:weather_check",
                  "thundering": true
                }
              ]
            },
            {
              "condition": "minecraft:location_check",
              "predicate": {
                "biomes": "minecraft:pale_garden"
              }
            }
          ]
        },
        {
          "type": "minecraft:item",
          "name": "minecraft:resin_clump",
          "weight": 2,
          "conditions": [
            {
              "condition": "minecraft:any_of",
              "terms": [
                {
                  "condition": "minecraft:time_check",
                  "value": {
                    "min": 12542,
                    "max": 23459
                  },
                  "period": 24000
                },
                {
                  "condition": "minecraft:weather_check",
                  "thundering": true
                }
              ]
            },
            {
              "condition": "minecraft:location_check",
              "predicate": {
                "biomes": "minecraft:pale_garden"
              }
            }
          ]
        },
        {
          "type": "minecraft:item",
          "name": "minecraft:iron_shovel",
          "weight": 2,
          "functions": [
            {
              "function": "minecraft:set_damage",
              "damage": {
                "type": "minecraft:uniform",
                "min": 0.05,
                "max": 0.5
              },
              "add": false
            }
          ],
          "conditions": [
            {
              "condition": "minecraft:weather_check",
              "thundering": false
            },
            {
              "condition": "minecraft:time_check",
              "value": {
                "min": -540,
                "max": 12541
              },
              "period": 24000
            },
            {
              "condition": "minecraft:location_check",
              "predicate": {
                "biomes": "minecraft:pale_garden"
              }
            }
          ]
        },
        {
          "type": "minecraft:loot_table",
          "value": "pale_formations:archaeology/generic/generic_iron_tools",
          "weight": 3,
          "functions": [
            {
              "function": "minecraft:set_damage",
              "damage": {
                "type": "minecraft:uniform",
                "min": 0.15,
                "max": 0.7
              },
              "add": false
            }
          ],
          "conditions": [
            {
              "condition": "minecraft:any_of",
              "terms": [
                {
                  "condition": "minecraft:time_check",
                  "value": {
                    "min": 12542,
                    "max": 23459
                  },
                  "period": 24000
                },
                {
                  "condition": "minecraft:weather_check",
                  "thundering": true
                }
              ]
            },
            {
              "condition": "minecraft:location_check",
              "predicate": {
                "biomes": "minecraft:pale_garden"
              }
            }
          ]
        },
        {
          "type": "minecraft:item",
          "name": "minecraft:field_masoned_banner_pattern",
          "weight": 2
        },
        {
          "type": "minecraft:item",
          "name": "minecraft:skeleton_skull",
          "weight": 1,
          "conditions": [
            {
              "condition": "minecraft:weather_check",
              "thundering": false
            },
            {
              "condition": "minecraft:time_check",
              "value": {
                "min": -540,
                "max": 12541
              },
              "period": 24000
            },
            {
              "condition": "minecraft:location_check",
              "predicate": {
                "biomes": "minecraft:pale_garden"
              }
            }
          ]
        },
        {
          "type": "minecraft:item",
          "name": "minecraft:skeleton_skull",
          "weight": 2,
          "conditions": [
            {
              "condition": "minecraft:any_of",
              "terms": [
                {
                  "condition": "minecraft:time_check",
                  "value": {
                    "min": 12542,
                    "max": 23459
                  },
                  "period": 24000
                },
                {
                  "condition": "minecraft:weather_check",
                  "thundering": true
                }
              ]
            },
            {
              "condition": "minecraft:location_check",
              "predicate": {
                "biomes": "minecraft:pale_garden"
              }
            }
          ]
        }
      ]
    }
  ],
  "random_sequence": "pale_formations:archaeology/ville/iterations"
}
