{
  "criteria": {
    "requirement": {
      "trigger": "minecraft:location",
      "conditions": {
        "player": [
          {
            "condition": "minecraft:inverted",
            "term": {
              "condition": "minecraft:entity_scores",
              "entity": "this",
              "scores": {
                "mmdp.deformation.teleportation": {
                  "max": -1
                }
              }
            }
          },
          {
            "condition": "minecraft:entity_properties",
            "entity": "this",
            "predicate": {
              "location": {
                "dimension": "mmdp:deformation",
                "block": {
                  "blocks": "minecraft:end_gateway"
                }
              }
            }
          }
        ]
      }
    }
  },
  "rewards": {
    "function": "mmdp.deformation:teleportation/from/gateways/start"
  }
}
