{
  "criteria": {
    "requirement": {
      "trigger": "minecraft:player_interacted_with_entity",
      "conditions": {
        "player": {
          "equipment": {
            "mainhand": {
              "items": "minecraft:structure_block",
              "predicates": {
                "minecraft:custom_data": "{mmdp:{deformation:{deformation_key:2b}}}"
              }
            }
          }
        },
        "item": {
          "items": "minecraft:structure_block",
          "predicates": {
            "minecraft:custom_data": "{mmdp:{deformation:{deformation_key:2b}}}"
          }
        },
        "entity": {
          "type": "minecraft:interaction",
          "nbt": "{Tags:[\"mmdp.deformation.keyhole\"]}"
        }
      }
    }
  },
  "rewards": {
    "function": "mmdp.deformation:indimension/keydoors/key_using"
  }
}
