{
  "criteria": {
    "requirement": {
      "trigger": "minecraft:item_used_on_block",
      "conditions": {
        "location": [
          {
            "condition": "minecraft:match_tool",
            "predicate": {
              "items": "minecraft:enderman_spawn_egg",
              "predicates": {
                "minecraft:custom_data": "{mmdp:{deformation:{transgression_armor_trim:2b}}}"
              }
            }
          }
        ]
      }
    }
  },
  "rewards": {
    "function": "mmdp.deformation:players/transgression_armor_trim_return"
  }
}
