{
  "type": "minecraft:fishing",
  "pools": [
    {
      "rolls": 1,
      "entries": [
        {
          "type": "minecraft:item",
          "name": "minecraft:brown_mushroom",
          "functions": [
            {
              "function": "minecraft:set_count",
              "count": {
                "min": 1,
                "max": 4
              }
            }
          ]
        },
        {
          "type": "minecraft:item",
          "name": "minecraft:red_mushroom",
          "functions": [
            {
              "function": "minecraft:set_count",
              "count": {
                "min": 1,
                "max": 4
              }
            }
          ]
        },
        {
          "type": "minecraft:item",
          "name": "minecraft:bowl",
          "functions": [
            {
              "function": "minecraft:set_count",
              "count": {
                "min": 1,
                "max": 4
              }
            }
          ]
        },
        {
          "type": "minecraft:item",
          "name": "minecraft:mushroom_stew",
          "functions": [
            {
              "function": "minecraft:set_count",
              "count": {
                "min": 1,
                "max": 4
              }
            }
          ]
        },
        {
          "type": "minecraft:item",
          "name": "minecraft:suspicious_stew",
          "functions": [
            {
              "function": "minecraft:set_stew_effect",
              "effects": [
                {
                  "type": "minecraft:absorption",
                  "duration": 500
                }
              ]
            }
          ]
        },
        {
          "type": "minecraft:item",
          "name": "minecraft:suspicious_stew",
          "functions": [
            {
              "function": "minecraft:set_stew_effect",
              "effects": [
                {
                  "type": "minecraft:darkness",
                  "duration": 500
                }
              ]
            }
          ]
        },
        {
          "type": "minecraft:item",
          "name": "minecraft:suspicious_stew",
          "functions": [
            {
              "function": "minecraft:set_stew_effect",
              "effects": [
                {
                  "type": "minecraft:haste",
                  "duration": 500
                }
              ]
            }
          ]
        },
        {
          "type": "minecraft:item",
          "name": "minecraft:suspicious_stew",
          "functions": [
            {
              "function": "minecraft:set_stew_effect",
              "effects": [
                {
                  "type": "minecraft:speed",
                  "duration": 500
                }
              ]
            }
          ]
        },
        {
          "type": "minecraft:item",
          "name": "minecraft:suspicious_stew",
          "functions": [
            {
              "function": "minecraft:set_stew_effect",
              "effects": [
                {
                  "type": "minecraft:wither",
                  "duration": 500
                }
              ]
            }
          ]
        }
      ]
    }
  ]
}
