{
  "type": "minecraft:chest",
  "pools": [
    {
      "rolls": {
        "type": "minecraft:uniform",
        "min": 1,
        "max": 3
      },
      "entries": [
        {
          "type": "minecraft:item",
          "weight": 2,
          "name": "minecraft:fire_charge",
          "functions": [
            {
              "function": "minecraft:set_count",
              "count": {
                "type": "minecraft:uniform",
                "min": 2,
                "max": 4
              },
              "add": false
            }
          ]
        },
        {
          "type": "minecraft:item",
          "weight": 1,
          "name": "minecraft:arrow",
          "functions": [
            {
              "function": "minecraft:set_count",
              "count": {
                "type": "minecraft:uniform",
                "min": 2,
                "max": 4
              },
              "add": false
            }
          ]
        }
      ]
    }
  ],
  "random_sequence": "unwrecked_ships:dispensers/fire_dispenser"
}
