{
    "type": "minecraft:crafting_shaped",
    "category": "misc",
    "pattern": [
      "WGW",
      "GLG",
      "WGW"
    ],
    "key": {
      "W": [
        "minecraft:warped_fungus"
      ],
      "G": [
        "minecraft:gold_ingot"
      ],
      "L": [
        "minecraft:lodestone"
      ]
    },
    "result": {
    "id": "minecraft:poisonous_potato",
    "components": {
      "minecraft:item_name": "\"Warped Infection Meter\"",
      "minecraft:custom_data": "{mcs_nether.item:1b,mcs_warped_infection_meter:1b}",
      "minecraft:item_model": "mcs_nether:item/warped_infection_meter",
      "!minecraft:consumable": {}
    }
  }
}