{
    "criteria": {
      "requirement": {
        "trigger": "minecraft:player_hurt_entity",
        "conditions": {
          "damage": {
            "type": {
              "is_explosion": false,
              "is_fire": false,
              "is_magic": false,
              "is_projectile": false,
              "is_lightning": false,
              "bypasses_armor": false,
              "bypasses_invulnerability": false,
              "bypasses_magic": false
            }
          }
        }
      }
    },
    "rewards": {
      "function": "wasd.sword:deal_damage"
    }
}