{
  "criteria": {
    "requirement": {
      "trigger": "minecraft:effects_changed",
      "conditions": {
        "player": [
          {
            "condition": "minecraft:any_of",
            "terms": [
              {
                "condition": "minecraft:entity_properties",
                "entity": "this",
                "predicate": {
                  "type": "minecraft:player",
                  "location": {
                    "dimension": "mmdp:deformation"
                  },
                  "effects": {
                    "minecraft:bad_omen": {}
                  }
                }
              },
              {
                "condition": "minecraft:entity_properties",
                "entity": "this",
                "predicate": {
                  "type": "minecraft:player",
                  "location": {
                    "dimension": "mmdp:deformation"
                  },
                  "effects": {
                    "minecraft:trial_omen": {}
                  }
                }
              }
            ]
          }
        ]
      }
    }
  },
  "rewards": {
    "function": "mmdp.deformation:indimension/anticheesing/omen_removal"
  }
}
