{
  "processors": [
    {
      "processor_type": "minecraft:rule",
      "rules": [
        {
          "input_predicate": {
            "block": "minecraft:raw_iron_block",
            "predicate_type": "minecraft:random_block_match",
            "probability": 0.3
          },
          "location_predicate": {
            "predicate_type": "minecraft:always_true"
          },
          "output_state": {
            "Name": "minecraft:cave_air"
          }
       	},
       	
        {  
          "input_predicate": {
            "block": "minecraft:raw_iron_block",
            "predicate_type": "minecraft:random_block_match",
            "probability": 0.3
          },
          "location_predicate": {
            "predicate_type": "minecraft:always_true"
          },
          "output_state": {
            "Name": "minecraft:raw_copper_block"
          }
        },
        {  
          "input_predicate": {
            "block": "minecraft:raw_iron_block",
            "predicate_type": "minecraft:random_block_match",
            "probability": 0.3
          },
          "location_predicate": {
            "predicate_type": "minecraft:always_true"
          },
          "output_state": {
            "Name": "minecraft:raw_gold_block"
          }
        }
      ]
    }
  ]
}