{
  "processors": [
    {
      "processor_type": "minecraft:rule",
      "rules": [       	
        {  
          "input_predicate": {
            "block": "minecraft:birch_planks",
            "predicate_type": "minecraft:random_block_match",
            "probability": 0.7
          },
          "location_predicate": {
            "predicate_type": "minecraft:always_true"
          },
          "output_state": {
            "Name": "minecraft:cave_air"
          }
        },
        
        {  
          "input_predicate": {
            "block": "minecraft:birch_planks",
            "predicate_type": "minecraft:random_block_match",
            "probability": 1
          },
          "location_predicate": {
            "predicate_type": "minecraft:always_true"
          },
          "output_state": {
            "Name": "minecraft:sandstone"
          }
        },

        {  
          "input_predicate": {
            "block": "minecraft:sandstone",
            "predicate_type": "minecraft:random_block_match",
            "probability": 0.2
          },
          "location_predicate": {
            "predicate_type": "minecraft:always_true"
          },
          "output_state": {
            "Name": "minecraft:cut_sandstone"
          }
        },
        
        {  
          "input_predicate": {
            "block": "minecraft:sandstone",
            "predicate_type": "minecraft:random_block_match",
            "probability": 0.2
          },
          "location_predicate": {
            "predicate_type": "minecraft:always_true"
          },
          "output_state": {
            "Name": "minecraft:smooth_sandstone"
          }
        },
              
        {  
          "input_predicate": {
            "block": "minecraft:sandstone",
            "predicate_type": "minecraft:random_block_match",
            "probability": 0.2
          },
          "location_predicate": {
            "predicate_type": "minecraft:always_true"
          },
          "output_state": {
            "Name": "minecraft:chiseled_sandstone"
          }
        },
        {  
          "input_predicate": {
            "block": "minecraft:smooth_sandstone_stairs",
            "predicate_type": "minecraft:random_block_match",
            "probability": 0.7
          },
          "location_predicate": {
            "predicate_type": "minecraft:always_true"
          },
          "output_state": {
            "Name": "minecraft:cave_air"
          }
        },
        {  
          "input_predicate": {
            "block": "minecraft:smooth_sandstone_slab",
            "predicate_type": "minecraft:random_block_match",
            "probability": 0.7
          },
          "location_predicate": {
            "predicate_type": "minecraft:always_true"
          },
          "output_state": {
            "Name": "minecraft:cave_air"
          }
        },
        {  
          "input_predicate": {
            "block": "minecraft:cobblestone_wall",
            "predicate_type": "minecraft:random_block_match",
            "probability": 0.7
          },
          "location_predicate": {
            "predicate_type": "minecraft:always_true"
          },
          "output_state": {
            "Name": "minecraft:cave_air"
          }
        },
        {  
          "input_predicate": {
            "block": "minecraft:cobblestone_wall",
            "predicate_type": "minecraft:random_block_match",
            "probability": 1
          },
          "location_predicate": {
            "predicate_type": "minecraft:always_true"
          },
          "output_state": {
            "Name": "minecraft:sandstone_wall"
          }
        },
        {  
          "input_predicate": {
            "block": "minecraft:cracked_deepslate_bricks",
            "predicate_type": "minecraft:random_block_match",
            "probability": 0.7
          },
          "location_predicate": {
            "predicate_type": "minecraft:always_true"
          },
          "output_state": {
            "Name": "minecraft:cave_air"
          }
        }
        
      ]
    }
  ]
}