{
  "processors": [
    {
      "processor_type": "minecraft:rule",
      "rules": [
     	            
        {
          "input_predicate": {
            "block": "minecraft:deepslate",
            "predicate_type": "minecraft:random_block_match",
            "probability": 0.2
          },
          "location_predicate": {
            "predicate_type": "minecraft:always_true"
          },
          "output_state": {
            "Name": "minecraft:cobbled_deepslate"
          }
       	},
       	
        {  
          "input_predicate": {
            "block": "minecraft:deepslate",
            "predicate_type": "minecraft:random_block_match",
            "probability": 0.1
          },
          "location_predicate": {
            "predicate_type": "minecraft:always_true"
          },
          "output_state": {
            "Name": "minecraft:tuff"
          }
        },
		{  
		  "input_predicate": {
		    "block": "minecraft:deepslate",
		    "predicate_type": "minecraft:random_block_match",
		    "probability": 0.1
		  },
		  "location_predicate": {
		    "predicate_type": "minecraft:always_true"
		  },
		  "output_state": {
		    "Name": "minecraft:white_wool"
		  }
		},
		{  
		  "input_predicate": {
		    "block": "minecraft:blue_concrete",
		    "predicate_type": "minecraft:random_block_match",
		    "probability": 1
		  },
		  "location_predicate": {
		    "predicate_type": "minecraft:always_true"
		  },
		  "output_state": {
		    "Name": "minecraft:cave_air"
		  }
		}
      ]
    }
  ]
}