{
    "name": "shipwreck", 
    "fallback": "minecraft:empty",
    "elements": [
        {
            "weight": 2,
            "element": {
                "element_type": "minecraft:single_pool_element",
                "location": "revamped_shipwrecks:shipwreck/jungle_spruce/orientation/rightsideup/sections/midsection/midsection_degraded_1",
                "projection": "rigid",
                "processors": "revamped_shipwrecks:remove_if_buried"
            }
        },
        {
            "weight": 2,
            "element": {
                "element_type": "minecraft:single_pool_element",
                "location": "revamped_shipwrecks:shipwreck/jungle_spruce/orientation/rightsideup/sections/midsection/midsection_degraded_2",
                "projection": "rigid",
                "processors": "revamped_shipwrecks:remove_if_buried"
            }
        },
        {
            "weight": 2,
            "element": {
                "element_type": "minecraft:single_pool_element",
                "location": "revamped_shipwrecks:shipwreck/jungle_spruce/orientation/rightsideup/sections/midsection/midsection_destroyed_1",
                "projection": "rigid",
                "processors": "revamped_shipwrecks:remove_if_buried"
            }
        },
        {
            "weight": 2,
            "element": {
                "element_type": "minecraft:single_pool_element",
                "location": "revamped_shipwrecks:shipwreck/jungle_spruce/orientation/rightsideup/sections/midsection/midsection_destroyed_5",
                "projection": "rigid",
                "processors": "revamped_shipwrecks:remove_if_buried"
            }
        },
        {
            "weight": 1,
            "element": {
                "element_type": "minecraft:single_pool_element",
                "location": "revamped_shipwrecks:shipwreck/jungle_spruce/orientation/rightsideup/sections/midsection/midsection_debris_1",
                "projection": "rigid",
                "processors": "revamped_shipwrecks:remove_if_buried"
            }
        }
    ]
}