{
    "name": "shipwreck", 
    "fallback": "minecraft:empty",
    "elements": [
        {
            "weight": 1,
            "element": {
                "element_type": "minecraft:single_pool_element",
                "location": "revamped_shipwrecks:shipwreck/jungle_spruce/orientation/downward/sections/midsection/midsection_destroyed_1",
                "projection": "rigid",
                "processors": "revamped_shipwrecks:remove_if_buried"
            }
        },
        {
            "weight": 1,
            "element": {
                "element_type": "minecraft:single_pool_element",
                "location": "revamped_shipwrecks:shipwreck/jungle_spruce/orientation/downward/sections/midsection/midsection_destroyed_3",
                "projection": "rigid",
                "processors": "revamped_shipwrecks:remove_if_buried"
            }
        },
		{
            "weight": 1,
            "element": {
                "element_type": "minecraft:single_pool_element",
                "location": "revamped_shipwrecks:shipwreck/jungle_spruce/orientation/downward/sections/front/front_sunk_1",
                "projection": "rigid",
                "processors": "revamped_shipwrecks:exclusively_above"
            }
        },
        {
            "weight": 1,
            "element": {
                "element_type": "minecraft:single_pool_element",
                "location": "revamped_shipwrecks:shipwreck/jungle_spruce/orientation/downward/sections/front/front_degraded_1",
                "projection": "rigid",
                "processors": "revamped_shipwrecks:exclusively_above"
            }
        },
        {
            "weight": 1,
            "element": {
                "element_type": "minecraft:single_pool_element",
                "location": "revamped_shipwrecks:shipwreck/jungle_spruce/orientation/downward/sections/front/front_destroyed_1",
                "projection": "rigid",
                "processors": "revamped_shipwrecks:exclusively_above"
            }
        },
        {
            "weight": 1,
            "element": {
                "element_type": "minecraft:single_pool_element",
                "location": "revamped_shipwrecks:shipwreck/jungle_spruce/orientation/downward/sections/front/front_destroyed_2",
                "projection": "rigid",
                "processors": "revamped_shipwrecks:exclusively_above"
            }
        }
    ]
}