{
  "type": "minecraft:entity",
  "pools": [
    {
      "rolls": 1,
      "bonus_rolls": 0,
      "entries": [
        {
          "type": "minecraft:item",
          "name": "minecraft:totem_of_undying"
        }
      ]
    },
    {
      "rolls": 2,
      "bonus_rolls": 0,
      "entries": [
        {
          "type": "minecraft:item",
          "name": "minecraft:diamond",
          "weight": 1,
          "functions": [
            {
              "function": "minecraft:set_count",
              "count": {
                "type": "minecraft:uniform",
                "min": 5,
                "max": 10
              },
              "add": false
            }
          ]
        },
        {
          "type": "minecraft:item",
          "name": "minecraft:emerald",
          "weight": 1,
          "functions": [
            {
              "function": "minecraft:set_count",
              "count": {
                "min": 10,
                "max": 20
              }
            }
          ]
        },
        {
          "type": "minecraft:item",
          "name": "minecraft:book",
          "weight": 1,
          "functions": [
            {
              "function": "minecraft:enchant_with_levels",
              "levels": 90,
              "options": "#minecraft:treasure"
            }
          ]
        }
      ],
      "conditions": [
        {
          "condition": "minecraft:killed_by_player"
        }
      ]
    },
    {
      "rolls": {
        "min": 1,
        "max": 1
      },
      "entries": [
        {
          "type": "minecraft:loot_table",
          "value": "kattersstructures:entity/raj_lightning_rod"
        }
      ]
    },
    {
      "rolls": 1,
      "entries": [
        {
          "type": "minecraft:item",
          "name": "minecraft:trial_key"
        }
      ],
      "functions": [
        {
          "function": "minecraft:set_components",
          "components": {
            "minecraft:max_stack_size": 16,
            "minecraft:rarity": "epic",
            "minecraft:damage_resistant": {
                "types": "#minecraft:is_fire"
            },
            "minecraft:custom_model_data": {
              "floats": [
                10001
              ]
            },
            "minecraft:lore": [
              "{\"fallback\":\"Key, dropped by a Boss.\",\"translate\":\"item.kattersstructures.boss_key_lore_1\"}",
              "{\"fallback\":\"Opens Great Treasure\",\"translate\":\"item.kattersstructures.boss_key_lore_2\"}"
            ],
            "minecraft:item_name": "{\"color\":\"gold\",\"fallback\":\"Boss Key\",\"translate\":\"item.kattersstructures.boss_key\"}",
            "minecraft:enchantment_glint_override": true
          }
        }
      ]
    }
  ]
}
