{
    "type": "minecraft:entity",
    "pools": [
      {
        "rolls": 3,
        "bonus_rolls": 2,
        "entries": [
          {
            "type": "minecraft:item",
            "name": "minecraft:prismarine_shard",
            "functions": [
              {
                "function": "minecraft:set_count",
                "count": {
                  "min": 5,
                  "max": 10
                }
              }
            ]
          },
          {
            "type": "minecraft:item",
            "name": "minecraft:prismarine_crystals",
            "functions": [
              {
                "function": "minecraft:set_count",
                "count": {
                  "min": 3,
                  "max": 7
                }
              }
            ]
          },
          {
            "type": "minecraft:item",
            "name": "minecraft:ink_sac",
            "functions": [
              {
                "function": "minecraft:set_count",
                "count": {
                  "min": 1,
                  "max": 6
                }
              }
            ]
          },
          {
            "type": "minecraft:item",
            "name": "minecraft:turtle_scute",
            "functions": [
              {
                "function": "minecraft:set_count",
                "count": {
                  "min": 1,
                  "max": 4
                }
              }
            ]
          }
        ]
      },
      {
        "rolls": 1,
        "entries": [
          {
            "type": "minecraft:item",
            "name": "minecraft:heart_of_the_sea",
            "quality": 2
          },
          {
            "type": "minecraft:item",
            "name": "minecraft:nautilus_shell",
            "functions": [
              {
                "function": "minecraft:set_count",
                "count": {
                  "min": 1,
                  "max": 3
                }
              }
            ]
          }
        ]
      },
      {
        "rolls": 1,
        "entries": [
          {
            "type": "minecraft:item",
            "name": "minecraft:trial_key"
          }
        ],
        "functions": [
          {
            "function": "minecraft:set_components",
            "components": {
              "minecraft:max_stack_size": 16,
              "minecraft:rarity": "epic",
              "minecraft:damage_resistant": {
                "types": "#minecraft:is_fire"
              },
              "minecraft:custom_model_data": {
                "floats": [
                  10001
                ]
              },
              "minecraft:lore": [
                "{\"fallback\":\"Key, dropped by a Boss.\",\"translate\":\"item.kattersstructures.boss_key_lore_1\"}",
                "{\"fallback\":\"Opens Great Treasure\",\"translate\":\"item.kattersstructures.boss_key_lore_2\"}"
              ],
              "minecraft:item_name": "{\"color\":\"gold\",\"fallback\":\"Boss Key\",\"translate\":\"item.kattersstructures.boss_key\"}",
              "minecraft:enchantment_glint_override": true
            }
          }
        ]
      }
    ]
  }
  