{
    "fallback": "minecraft:empty",
    "elements": [
        {
            "weight": 1,
            "element": {
                "projection": "rigid",
                "element_type": "minecraft:empty_pool_element"
            }
        },
        {
            "weight": 5,
            "element": {
                "location": "forsaken:wells/entities/bats",
                "processors": "minecraft:empty",
                "projection": "rigid",
                "element_type": "minecraft:single_pool_element"
            }
        }
    ]
}