{
  "processors": [
    {
      "processor_type": "minecraft:rule",
      "rules": [
        {
          "location_predicate": {
            "predicate_type": "minecraft:always_true"
          },
          "input_predicate": {
            "predicate_type": "minecraft:random_block_match",
            "block": "minecraft:dirt",
            "probability": 1.0
          },
          "output_state": {
            "Name": "minecraft:grass_block"
          }
        },
        {
          "location_predicate": {
            "predicate_type": "minecraft:always_true"
          },
          "input_predicate": {
            "predicate_type": "minecraft:random_block_match",
            "block": "minecraft:gravel",
            "probability": 0.85
          },
          "output_state": {
            "Name": "minecraft:grass_block"
          }
        },
        {
          "location_predicate": {
            "predicate_type": "minecraft:always_true"
          },
          "input_predicate": {
            "predicate_type": "minecraft:random_block_match",
            "block": "minecraft:gravel",
            "probability": 1.0
          },
          "output_state": {
            "Name": "minecraft:dirt_path"
          }
        },
        {
          "location_predicate": {
            "predicate_type": "minecraft:always_true"
          },
          "input_predicate": {
            "predicate_type": "minecraft:random_block_match",
            "block": "minecraft:dirt_path",
            "probability": 0.03
          },
          "output_state": {
            "Name": "minecraft:grass_block"
          }
        }
      ]
    }
  ]
}
