{
  "criteria": {
    "requirement": {
      "trigger": "minecraft:player_hurt_entity",
      "conditions": {
        "player": {
          "equipment": {
            "mainhand": {
              "items": "#minecraft:axes",
              "predicates": {
                "minecraft:attribute_modifiers": {
                  "modifiers": {
                    "contains": [
                      {
                        "id": "attack_damage.spear"
                      }
                    ]
                  }
                }
              }
            }
          }
        }
      }
    }
  },
  "rewards": {
    "function": "ppgwe:item/spear/critical_range_check"
  }
}
