{
  "values": [
    "minecraft:snowy_plains",
    "minecraft:ice_spikes",
    {
     "id": "terralith:snowy_badlands",
     "required": false
    },
    {
     "id": "terralith:cold_shrubland",
     "required": false
    },
    {
     "id": "terralith:gravel_desert",
     "required": false
    },
    {
     "id": "terralith:ice_marsh",
     "required": false
    },
    {
     "id": "biomesoplenty:muskeg",
     "required": false
    },
    {
     "id": "biomesoplenty:cold_desert",
     "required": false
    },
    {
     "id": "biomesoplenty:tundra",
     "required": false
    },
    {
     "id": "biomesoplenty:hot_shrubland",
     "required": false
    }
  ]
}