{
	"type": "minecraft:vegetation_patch",
	"config": {
		"surface": "floor",
		"depth": 1,
		"vertical_range": 4,
		"extra_bottom_block_chance": 0,
		"extra_edge_column_chance": 0,
		"vegetation_chance": 0.06,
		"xz_radius": {
			"type": "minecraft:uniform",
			
				"min_inclusive": 2,
				"max_inclusive": 3
			
		},
		"replaceable": "#cavernous:grass_block",
		"ground_state": {
			"type": "minecraft:weighted_state_provider",
			"entries": [
				{
					"weight": 2,
					"data": {
						"Name": "minecraft:cracked_stone_bricks"
					}
				},
				{
					"weight": 3,
					"data": {
						"Name": "minecraft:stone_bricks"
					}
				},
				{
					"weight": 2,
					"data": {
						"Name": "minecraft:grass_block",
						"Properties": {
							"snowy": "false"
						}
					}
				}
			]
		},
		"vegetation_feature": {
			"feature": {
				"type": "minecraft:simple_block",
				"config": {
					"to_place": {
						"type": "minecraft:weighted_state_provider",
						"entries": [
							{
								"weight": 1,
								"data": {
									"Name": "minecraft:cracked_stone_bricks"
								}
							},
							{
								"weight": 1,
								"data": {
									"Name": "minecraft:stone_brick_slab",
									"Properties": {
										"type": "bottom",
										"waterlogged": "false"
									}
								}
							}
						]
					}
				}
			},
			"placement": []
		}
	}
}
