{
  "display": {
    "icon": {
      "id": "minecraft:stone_pickaxe"
    },
    "title": "Not an Actual Drill",
    "description": "Find the Stone Driller",
    "frame": "challenge",
    "show_toast": true,
    "announce_to_chat": true,
    "hidden": false
  },
  "parent": "mt:treasure_advancements/first_legendary_dripstone_treasure",
  "criteria": {
    "obtainchest": {
      "trigger": "minecraft:inventory_changed",
      "conditions": {
        "items": [
          {
            "items": [
              "minecraft:stone_pickaxe"
            ],
            "predicates": {
  "minecraft:custom_data": "{tool:\"mt.stone_driller\"}"
      }          }
        ]
      }
    }
  }
}
