{
  "pools": [
    {
      "rolls": {
        "type": "minecraft:constant",
        "value": 1
      },
      "entries": [
        {
          "type": "minecraft:loot_table",
          "value": "pale_formations:bundles/fountain/orange_tulip_stuffing",
          "weight": 3
        },
        {
          "type": "minecraft:item",
          "name": "minecraft:music_disc_mellohi",
          "weight": 1
        }
      ]
    }
  ],
  "random_sequence": "pale_formations:bundles/fountain/orange_tulip_bundle"
}
