{
	"type": "minecraft:block_column",
	"config": {
		"direction": "down",
		"allowed_placement": {
			"type": "minecraft:matching_blocks",
			"blocks": "minecraft:air"
		},
		"prioritize_tip": true,
		"layers": [
			{
				"height": {
					"type": "minecraft:biased_to_bottom",
					
						"min_inclusive": 4,
						"max_inclusive": 10
					
				},
				"provider": {
					"type": "minecraft:simple_state_provider",
					"state": {
						"Name": "minecraft:weeping_vines_plant"
					}
				}
			},
			{
				"height": 1,
				"provider": {
					"type": "minecraft:simple_state_provider",
					"state": {
						"Name": "minecraft:weeping_vines",
						"Properties": {
							"age": "10"
						}
					}
				}
			}
		]
	}
}
