{
    "name": "shipwreck", 
    "fallback": "minecraft:empty",
    "elements": [
        {
            "weight": 12,
            "element": {
                "element_type": "minecraft:empty_pool_element"
            }
        },
        {
            "weight": 2,
            "element": {
                "element_type": "minecraft:single_pool_element",
                "location": "revamped_shipwrecks:shipwreck/jungle_spruce/alternatives/front_spacer_short_straight",
                "projection": "rigid",
                "processors": "minecraft:empty"
            }
        },
        {
            "weight": 2,
            "element": {
                "element_type": "minecraft:single_pool_element",
                "location": "revamped_shipwrecks:shipwreck/jungle_spruce/alternatives/front_spacer_long_straight",
                "projection": "rigid",
                "processors": "minecraft:empty"
            }
        },
        {
            "weight": 2,
            "element": {
                "element_type": "minecraft:single_pool_element",
                "location": "revamped_shipwrecks:shipwreck/jungle_spruce/alternatives/front_spacer_diagonal",
                "projection": "rigid",
                "processors": "minecraft:empty"
            }
        },
        {
            "weight": 6,
            "element": {
                "element_type": "minecraft:single_pool_element",
                "location": "revamped_shipwrecks:shipwreck/jungle_spruce/alternatives/front_spacer_flipped",
                "projection": "rigid",
                "processors": "minecraft:empty"
            }
        }
    ]
}