{
  "type": "minecraft:jigsaw",
  "biomes": "pale_garden",
  "max_distance_from_center": 60,
  "project_start_to_heightmap": "WORLD_SURFACE",
  "size": 7,
  "spawn_overrides": {
    "monster": {
      "bounding_box": "full",
      "spawns": [
        {
          "type": "minecraft:pillager",
          "maxCount": 4,
          "minCount": 3,
          "weight": 1
        }
      ]
    }
  },
  "start_height": {
    "absolute": 0
  },
  "start_pool": "luistercorp:pale_pillager_outpost/base_plates",
  "step": "surface_structures",
  "terrain_adaptation": "beard_thin",
  "use_expansion_hack": true
}