{
  "pools": [
    {
      "rolls": {
        "type": "minecraft:constant",
        "value": 1
      },
      "entries": [
        {
          "type": "minecraft:item",
          "name": "minecraft:golden_sword",
          "weight": 1
        },
        {
          "type": "minecraft:item",
          "name": "minecraft:golden_pickaxe",
          "weight": 1
        },
        {
          "type": "minecraft:item",
          "name": "minecraft:golden_axe",
          "weight": 1
        },
        {
          "type": "minecraft:item",
          "name": "minecraft:golden_shovel",
          "weight": 1
        }
      ]
    }
  ],
  "random_sequence": "pale_formations:archaeology/generic/generic_golden_tools"
}
