{
  "pools": [
    {
      "rolls": {
        "type": "minecraft:constant",
        "value": 1
      },
      "entries": [
        {
          "type": "minecraft:item",
          "name": "minecraft:chainmail_helmet",
          "weight": 1
        },
        {
          "type": "minecraft:item",
          "name": "minecraft:chainmail_chestplate",
          "weight": 1
        },
        {
          "type": "minecraft:item",
          "name": "minecraft:chainmail_leggings",
          "weight": 1
        },
        {
          "type": "minecraft:item",
          "name": "minecraft:chainmail_boots",
          "weight": 1
        }
      ]
    }
  ],
  "random_sequence": "pale_formations:archaeology/generic/generic_chainmail_armor"
}
