{
  "pools": [
    {
      "rolls": {
        "type": "minecraft:constant",
        "value": 1
      },
      "entries": [
        {
          "type": "minecraft:item",
          "name": "minecraft:wooden_sword",
          "weight": 1
        },
        {
          "type": "minecraft:item",
          "name": "minecraft:wooden_pickaxe",
          "weight": 1
        },
        {
          "type": "minecraft:item",
          "name": "minecraft:wooden_axe",
          "weight": 1
        },
        {
          "type": "minecraft:item",
          "name": "minecraft:wooden_shovel",
          "weight": 1
        }
      ]
    }
  ],
  "random_sequence": "pale_formations:archaeology/generic/generic_wooden_tools"
}
