{
  "pools": [
    {
      "rolls": {
        "type": "minecraft:constant",
        "value": 1
      },
      "entries": [
        {
          "type": "minecraft:loot_table",
          "value": "pale_formations:bundles/trail/trail_tales/spice_sachet",
          "weight": 1
        },
        {
          "type": "minecraft:loot_table",
          "value": "pale_formations:bundles/trail/trail_tales/bouquet",
          "weight": 1
        },
        {
          "type": "minecraft:loot_table",
          "value": "pale_formations:bundles/trail/trail_tales/firework_pouch",
          "weight": 1
        },
        {
          "type": "minecraft:loot_table",
          "value": "pale_formations:bundles/trail/trail_tales/quiver",
          "weight": 2
        },
        {
          "type": "minecraft:loot_table",
          "value": "pale_formations:bundles/trail/trail_tales/poachers_sack",
          "weight": 2
        },
        {
          "type": "minecraft:loot_table",
          "value": "pale_formations:bundles/trail/trail_tales/cartographers_pack",
          "weight": 2
        },
        {
          "type": "minecraft:loot_table",
          "value": "pale_formations:bundles/trail/trail_tales/construction_materials",
          "weight": 2
        },
        {
          "type": "minecraft:loot_table",
          "value": "pale_formations:bundles/trail/trail_tales/goodie_basket",
          "weight": 3
        },
        {
          "type": "minecraft:loot_table",
          "value": "pale_formations:bundles/trail/trail_tales/collectors_bundle",
          "weight": 6,
          "conditions": [
            {
              "condition": "minecraft:weather_check",
              "thundering": false
            },
            {
              "condition": "minecraft:time_check",
              "value": {
                "min": -540,
                "max": 12541
              },
              "period": 24000
            }
          ]
        },
        {
          "type": "minecraft:loot_table",
          "value": "pale_formations:bundles/trail/trail_tales/collectors_bundle",
          "weight": 3,
          "conditions": [
            {
              "condition": "minecraft:any_of",
              "terms": [
                {
                  "condition": "minecraft:time_check",
                  "value": {
                    "min": 12542,
                    "max": 23459
                  },
                  "period": 24000
                },
                {
                  "condition": "minecraft:weather_check",
                  "thundering": true
                }
              ]
            }
          ]
        }
      ]
    },
    {
      "rolls": {
        "type": "minecraft:uniform",
        "min": 0,
        "max": 1
      },
      "entries": [
        {
          "type": "minecraft:item",
          "name": "minecraft:rotten_flesh",
          "weight": 4,
          "functions": [
            {
              "function": "minecraft:set_count",
              "count": {
                "type": "minecraft:uniform",
                "min": 1,
                "max": 2
              },
              "add": false
            }
          ]
        },
        {
          "type": "minecraft:item",
          "name": "minecraft:bowl",
          "weight": 3,
          "functions": [
            {
              "function": "minecraft:set_count",
              "count": {
                "type": "minecraft:uniform",
                "min": 1,
                "max": 3
              },
              "add": false
            }
          ]
        },
        {
          "type": "minecraft:item",
          "name": "minecraft:bread",
          "weight": 2,
          "functions": [
            {
              "function": "minecraft:set_count",
              "count": {
                "type": "minecraft:uniform",
                "min": 1,
                "max": 2
              },
              "add": false
            }
          ],
          "conditions": [
            {
              "condition": "minecraft:weather_check",
              "thundering": false
            },
            {
              "condition": "minecraft:time_check",
              "value": {
                "min": -540,
                "max": 12541
              },
              "period": 24000
            }
          ]
        },
        {
          "type": "minecraft:item",
          "name": "minecraft:bread",
          "weight": 3,
          "functions": [
            {
              "function": "minecraft:set_count",
              "count": {
                "type": "minecraft:uniform",
                "min": 1,
                "max": 3
              },
              "add": false
            }
          ],
          "conditions": [
            {
              "condition": "minecraft:any_of",
              "terms": [
                {
                  "condition": "minecraft:time_check",
                  "value": {
                    "min": 12542,
                    "max": 23459
                  },
                  "period": 24000
                },
                {
                  "condition": "minecraft:weather_check",
                  "thundering": true
                }
              ]
            }
          ]
        },
        {
          "type": "minecraft:item",
          "name": "minecraft:potato",
          "weight": 2,
          "functions": [
            {
              "function": "minecraft:set_count",
              "count": {
                "type": "minecraft:uniform",
                "min": 2,
                "max": 4
              },
              "add": false
            }
          ],
          "conditions": [
            {
              "condition": "minecraft:weather_check",
              "thundering": false
            },
            {
              "condition": "minecraft:time_check",
              "value": {
                "min": -540,
                "max": 12541
              },
              "period": 24000
            }
          ]
        },
        {
          "type": "minecraft:item",
          "name": "minecraft:baked_potato",
          "weight": 1,
          "functions": [
            {
              "function": "minecraft:set_count",
              "count": {
                "type": "minecraft:uniform",
                "min": 1,
                "max": 3
              },
              "add": false
            }
          ],
          "conditions": [
            {
              "condition": "minecraft:any_of",
              "terms": [
                {
                  "condition": "minecraft:time_check",
                  "value": {
                    "min": 12542,
                    "max": 23459
                  },
                  "period": 24000
                },
                {
                  "condition": "minecraft:weather_check",
                  "thundering": true
                }
              ]
            }
          ]
        },
        {
          "type": "minecraft:item",
          "name": "minecraft:glass_bottle",
          "weight": 1,
          "conditions": [
            {
              "condition": "minecraft:weather_check",
              "thundering": false
            },
            {
              "condition": "minecraft:time_check",
              "value": {
                "min": -540,
                "max": 12541
              },
              "period": 24000
            }
          ]
        },
        {
          "type": "minecraft:item",
          "name": "minecraft:beetroot",
          "weight": 1,
          "functions": [
            {
              "function": "minecraft:set_count",
              "count": {
                "type": "minecraft:uniform",
                "min": 3,
                "max": 6
              },
              "add": false
            }
          ],
          "conditions": [
            {
              "condition": "minecraft:weather_check",
              "thundering": false
            },
            {
              "condition": "minecraft:time_check",
              "value": {
                "min": -540,
                "max": 12541
              },
              "period": 24000
            }
          ]
        },
        {
          "type": "minecraft:item",
          "name": "minecraft:beetroot",
          "weight": 1,
          "functions": [
            {
              "function": "minecraft:set_count",
              "count": {
                "type": "minecraft:uniform",
                "min": 6,
                "max": 12
              },
              "add": false
            }
          ],
          "conditions": [
            {
              "condition": "minecraft:any_of",
              "terms": [
                {
                  "condition": "minecraft:time_check",
                  "value": {
                    "min": 12542,
                    "max": 23459
                  },
                  "period": 24000
                },
                {
                  "condition": "minecraft:weather_check",
                  "thundering": true
                }
              ]
            }
          ]
        }
      ]
    },
    {
      "rolls": {
        "type": "minecraft:uniform",
        "min": 0,
        "max": 3
      },
      "entries": [
        {
          "type": "minecraft:item",
          "name": "minecraft:flint",
          "weight": 5,
          "functions": [
            {
              "function": "minecraft:set_count",
              "count": {
                "type": "minecraft:uniform",
                "min": 1,
                "max": 2
              },
              "add": false
            }
          ]
        },
        {
          "type": "minecraft:item",
          "name": "minecraft:stick",
          "weight": 5,
          "functions": [
            {
              "function": "minecraft:set_count",
              "count": {
                "type": "minecraft:uniform",
                "min": 1,
                "max": 3
              },
              "add": false
            }
          ]
        },
        {
          "type": "minecraft:item",
          "name": "minecraft:clay_ball",
          "weight": 4,
          "functions": [
            {
              "function": "minecraft:set_count",
              "count": {
                "type": "minecraft:uniform",
                "min": 1,
                "max": 2
              },
              "add": false
            }
          ]
        },
        {
          "type": "minecraft:item",
          "name": "minecraft:bone_meal",
          "weight": 4,
          "functions": [
            {
              "function": "minecraft:set_count",
              "count": {
                "type": "minecraft:uniform",
                "min": 1,
                "max": 2
              },
              "add": false
            }
          ],
          "conditions": [
            {
              "condition": "minecraft:weather_check",
              "thundering": false
            },
            {
              "condition": "minecraft:time_check",
              "value": {
                "min": -540,
                "max": 12541
              },
              "period": 24000
            }
          ]
        },
        {
          "type": "minecraft:item",
          "name": "minecraft:string",
          "weight": 4
        },
        {
          "type": "minecraft:item",
          "name": "minecraft:bone",
          "weight": 4,
          "conditions": [
            {
              "condition": "minecraft:weather_check",
              "thundering": false
            },
            {
              "condition": "minecraft:time_check",
              "value": {
                "min": -540,
                "max": 12541
              },
              "period": 24000
            }
          ]
        },
        {
          "type": "minecraft:item",
          "name": "minecraft:bone",
          "weight": 4,
          "functions": [
            {
              "function": "minecraft:set_count",
              "count": {
                "type": "minecraft:uniform",
                "min": 1,
                "max": 3
              },
              "add": false
            }
          ],
          "conditions": [
            {
              "condition": "minecraft:any_of",
              "terms": [
                {
                  "condition": "minecraft:time_check",
                  "value": {
                    "min": 12542,
                    "max": 23459
                  },
                  "period": 24000
                },
                {
                  "condition": "minecraft:weather_check",
                  "thundering": true
                }
              ]
            }
          ]
        },
        {
          "type": "minecraft:item",
          "name": "minecraft:arrow",
          "weight": 4,
          "functions": [
            {
              "function": "minecraft:set_count",
              "count": {
                "type": "minecraft:uniform",
                "min": 1,
                "max": 2
              },
              "add": false
            }
          ],
          "conditions": [
            {
              "condition": "minecraft:weather_check",
              "thundering": false
            },
            {
              "condition": "minecraft:time_check",
              "value": {
                "min": -540,
                "max": 12541
              },
              "period": 24000
            }
          ]
        },
        {
          "type": "minecraft:item",
          "name": "minecraft:arrow",
          "weight": 6,
          "functions": [
            {
              "function": "minecraft:set_count",
              "count": {
                "type": "minecraft:uniform",
                "min": 1,
                "max": 3
              },
              "add": false
            }
          ],
          "conditions": [
            {
              "condition": "minecraft:any_of",
              "terms": [
                {
                  "condition": "minecraft:time_check",
                  "value": {
                    "min": 12542,
                    "max": 23459
                  },
                  "period": 24000
                },
                {
                  "condition": "minecraft:weather_check",
                  "thundering": true
                }
              ]
            }
          ]
        },
        {
          "type": "minecraft:item",
          "name": "minecraft:iron_nugget",
          "weight": 4,
          "functions": [
            {
              "function": "minecraft:set_count",
              "count": {
                "type": "minecraft:uniform",
                "min": 1,
                "max": 9
              },
              "add": false
            }
          ],
          "conditions": [
            {
              "condition": "minecraft:weather_check",
              "thundering": false
            },
            {
              "condition": "minecraft:time_check",
              "value": {
                "min": -540,
                "max": 12541
              },
              "period": 24000
            }
          ]
        },
        {
          "type": "minecraft:item",
          "name": "minecraft:iron_nugget",
          "weight": 6,
          "functions": [
            {
              "function": "minecraft:set_count",
              "count": {
                "type": "minecraft:uniform",
                "min": 5,
                "max": 14
              },
              "add": false
            }
          ],
          "conditions": [
            {
              "condition": "minecraft:any_of",
              "terms": [
                {
                  "condition": "minecraft:time_check",
                  "value": {
                    "min": 12542,
                    "max": 23459
                  },
                  "period": 24000
                },
                {
                  "condition": "minecraft:weather_check",
                  "thundering": true
                }
              ]
            }
          ]
        },
        {
          "type": "minecraft:item",
          "name": "minecraft:charcoal",
          "weight": 4,
          "conditions": [
            {
              "condition": "minecraft:weather_check",
              "thundering": false
            },
            {
              "condition": "minecraft:time_check",
              "value": {
                "min": -540,
                "max": 12541
              },
              "period": 24000
            }
          ]
        },
        {
          "type": "minecraft:item",
          "name": "minecraft:charcoal",
          "weight": 6,
          "functions": [
            {
              "function": "minecraft:set_count",
              "count": {
                "type": "minecraft:uniform",
                "min": 1,
                "max": 2
              },
              "add": false
            }
          ],
          "conditions": [
            {
              "condition": "minecraft:any_of",
              "terms": [
                {
                  "condition": "minecraft:time_check",
                  "value": {
                    "min": 12542,
                    "max": 23459
                  },
                  "period": 24000
                },
                {
                  "condition": "minecraft:weather_check",
                  "thundering": true
                }
              ]
            }
          ]
        },
        {
          "type": "minecraft:item",
          "name": "minecraft:gunpowder",
          "weight": 3
        },
        {
          "type": "minecraft:item",
          "name": "minecraft:paper",
          "weight": 3,
          "functions": [
            {
              "function": "minecraft:set_count",
              "count": {
                "type": "minecraft:uniform",
                "min": 2,
                "max": 4
              },
              "add": false
            }
          ]
        },
        {
          "type": "minecraft:item",
          "name": "minecraft:book",
          "weight": 3,
          "conditions": [
            {
              "condition": "minecraft:any_of",
              "terms": [
                {
                  "condition": "minecraft:time_check",
                  "value": {
                    "min": 12542,
                    "max": 23459
                  },
                  "period": 24000
                },
                {
                  "condition": "minecraft:weather_check",
                  "thundering": true
                }
              ]
            }
          ]
        },
        {
          "type": "minecraft:item",
          "name": "minecraft:feather",
          "weight": 3,
          "functions": [
            {
              "function": "minecraft:set_count",
              "count": {
                "type": "minecraft:uniform",
                "min": 1,
                "max": 3
              },
              "add": false
            }
          ]
        },
        {
          "type": "minecraft:item",
          "name": "minecraft:gold_nugget",
          "weight": 3,
          "functions": [
            {
              "function": "minecraft:set_count",
              "count": {
                "type": "minecraft:uniform",
                "min": 1,
                "max": 6
              },
              "add": false
            }
          ],
          "conditions": [
            {
              "condition": "minecraft:any_of",
              "terms": [
                {
                  "condition": "minecraft:time_check",
                  "value": {
                    "min": 12542,
                    "max": 23459
                  },
                  "period": 24000
                },
                {
                  "condition": "minecraft:weather_check",
                  "thundering": true
                }
              ]
            }
          ]
        },
        {
          "type": "minecraft:item",
          "name": "minecraft:chain",
          "weight": 2
        },
        {
          "type": "minecraft:item",
          "name": "minecraft:pale_oak_planks",
          "weight": 2,
          "functions": [
            {
              "function": "minecraft:set_count",
              "count": {
                "type": "minecraft:uniform",
                "min": 2,
                "max": 4
              },
              "add": false
            }
          ]
        },
        {
          "type": "minecraft:item",
          "name": "minecraft:pale_oak_log",
          "weight": 1,
          "functions": [
            {
              "function": "minecraft:set_count",
              "count": {
                "type": "minecraft:uniform",
                "min": 1,
                "max": 3
              },
              "add": false
            }
          ]
        },
        {
          "type": "minecraft:item",
          "name": "minecraft:light_gray_dye",
          "weight": 1,
          "conditions": [
            {
              "condition": "minecraft:weather_check",
              "thundering": false
            },
            {
              "condition": "minecraft:time_check",
              "value": {
                "min": -540,
                "max": 12541
              },
              "period": 24000
            }
          ]
        },
        {
          "type": "minecraft:item",
          "name": "minecraft:gray_dye",
          "weight": 1,
          "conditions": [
            {
              "condition": "minecraft:any_of",
              "terms": [
                {
                  "condition": "minecraft:time_check",
                  "value": {
                    "min": 12542,
                    "max": 23459
                  },
                  "period": 24000
                },
                {
                  "condition": "minecraft:weather_check",
                  "thundering": true
                }
              ]
            }
          ]
        },
        {
          "type": "minecraft:item",
          "name": "minecraft:raw_iron",
          "weight": 1,
          "conditions": [
            {
              "condition": "minecraft:weather_check",
              "thundering": false
            },
            {
              "condition": "minecraft:time_check",
              "value": {
                "min": -540,
                "max": 12541
              },
              "period": 24000
            }
          ]
        },
        {
          "type": "minecraft:item",
          "name": "minecraft:raw_iron",
          "weight": 2,
          "conditions": [
            {
              "condition": "minecraft:any_of",
              "terms": [
                {
                  "condition": "minecraft:time_check",
                  "value": {
                    "min": 12542,
                    "max": 23459
                  },
                  "period": 24000
                },
                {
                  "condition": "minecraft:weather_check",
                  "thundering": true
                }
              ]
            }
          ]
        },
        {
          "type": "minecraft:item",
          "name": "minecraft:emerald",
          "weight": 1,
          "conditions": [
            {
              "condition": "minecraft:any_of",
              "terms": [
                {
                  "condition": "minecraft:time_check",
                  "value": {
                    "min": 12542,
                    "max": 23459
                  },
                  "period": 24000
                },
                {
                  "condition": "minecraft:weather_check",
                  "thundering": true
                }
              ]
            }
          ]
        }
      ]
    },
    {
      "rolls": {
        "type": "minecraft:constant",
        "value": 1
      },
      "entries": [
        {
          "type": "minecraft:item",
          "name": "minecraft:torch",
          "weight": 3,
          "functions": [
            {
              "function": "minecraft:set_count",
              "count": {
                "type": "minecraft:uniform",
                "min": 1,
                "max": 4
              },
              "add": false
            }
          ]
        },
        {
          "type": "minecraft:item",
          "name": "minecraft:lantern",
          "weight": 1,
          "conditions": [
            {
              "condition": "minecraft:any_of",
              "terms": [
                {
                  "condition": "minecraft:time_check",
                  "value": {
                    "min": 12542,
                    "max": 23459
                  },
                  "period": 24000
                },
                {
                  "condition": "minecraft:weather_check",
                  "thundering": true
                }
              ]
            }
          ]
        },
        {
          "type": "minecraft:empty",
          "weight": 6,
          "conditions": [
            {
              "condition": "minecraft:weather_check",
              "thundering": false
            },
            {
              "condition": "minecraft:time_check",
              "value": {
                "min": -540,
                "max": 12541
              },
              "period": 24000
            }
          ]
        }
      ]
    },
    {
      "rolls": {
        "type": "minecraft:constant",
        "value": 1
      },
      "entries": [
        {
          "type": "minecraft:loot_table",
          "value": "pale_formations:bundles/generic/generic_gravel_filling"
        }
      ]
    },
    {
      "rolls": {
        "type": "minecraft:constant",
        "value": 1
      },
      "entries": [
        {
          "type": "minecraft:item",
          "name": "minecraft:yellow_bundle",
          "weight": 1,
          "functions": [
            {
              "function": "minecraft:set_contents",
              "component": "minecraft:bundle_contents",
              "entries": [
                {
                  "type": "minecraft:loot_table",
                  "value": "pale_formations:bundles/trail/trail_tales/coin_pouch"
                }
              ]
            }
          ]
        },
        {
          "type": "minecraft:empty",
          "weight": 4
        }
      ]
    }
  ],
  "random_sequence": "pale_formations:bundles/trail/trail_bundle"
}
