{
  "processors": [
    {
      "processor_type": "minecraft:rule",
      "rules": [
        {
          "input_predicate": {
            "block": "minecraft:polished_blackstone_bricks",
            "predicate_type": "minecraft:random_block_match",
            "probability": 0.3
          },
          "location_predicate": {
            "predicate_type": "minecraft:always_true"
          },
          "output_state": {
            "Name": "minecraft:cracked_polished_blackstone_bricks"
          }
        },
		    {
          "input_predicate": {
            "block": "minecraft:decorated_pot",
            "predicate_type": "minecraft:random_block_match",
            "probability": 0.6
          },
          "location_predicate": {
            "predicate_type": "minecraft:always_true"
          },
          "output_state": {
            "Name": "minecraft:air"
          }
        },
				{
          "input_predicate": {
            "block": "minecraft:magma_block",
            "predicate_type": "minecraft:random_block_match",
            "probability": 0.6
          },
          "location_predicate": {
            "predicate_type": "minecraft:always_true"
          },
          "output_state": {
            "Name": "minecraft:blackstone"
          }
        },
				{
          "input_predicate": {
            "block": "minecraft:magma_block",
            "predicate_type": "minecraft:random_block_match",
            "probability": 0.3
          },
          "location_predicate": {
            "predicate_type": "minecraft:always_true"
          },
          "output_state": {
            "Name": "minecraft:basalt"
          }
        },
				{
          "input_predicate": {
            "block": "minecraft:magma_block",
            "predicate_type": "minecraft:random_block_match",
            "probability": 0.2
          },
          "location_predicate": {
            "predicate_type": "minecraft:always_true"
          },
          "output_state": {
            "Name": "minecraft:lava"
          }
        },
				{
          "input_predicate": {
            "block": "minecraft:polished_blackstone_bricks",
            "predicate_type": "minecraft:random_block_match",
            "probability": 0.1
          },
          "location_predicate": {
            "predicate_type": "minecraft:always_true"
          },
          "output_state": {
            "Name": "minecraft:blackstone"
          }
        },
        {
          "input_predicate": {
            "block": "minecraft:blackstone",
            "predicate_type": "minecraft:random_block_match",
            "probability": 1.0E-4
          },
          "location_predicate": {
            "predicate_type": "minecraft:always_true"
          },
          "output_state": {
            "Name": "minecraft:air"
          }
        },
        {
          "input_predicate": {
            "block": "minecraft:gilded_blackstone",
            "predicate_type": "minecraft:random_block_match",
            "probability": 0.5
          },
          "location_predicate": {
            "predicate_type": "minecraft:always_true"
          },
          "output_state": {
            "Name": "minecraft:blackstone"
          }
        },
        {
          "input_predicate": {
            "block": "minecraft:blackstone",
            "predicate_type": "minecraft:random_block_match",
            "probability": 0.01
          },
          "location_predicate": {
            "predicate_type": "minecraft:always_true"
          },
          "output_state": {
            "Name": "minecraft:gilded_blackstone"
          }
        },
				{
          "input_predicate": {
            "block": "minecraft:blackstone",
            "predicate_type": "minecraft:random_block_match",
            "probability": 0.03
          },
          "location_predicate": {
            "predicate_type": "minecraft:always_true"
          },
          "output_state": {
            "Name": "minecraft:polished_blackstone_bricks"
          }
        },
				{
          "input_predicate": {
            "block": "minecraft:blackstone",
            "predicate_type": "minecraft:random_block_match",
            "probability": 0.03
          },
          "location_predicate": {
            "predicate_type": "minecraft:always_true"
          },
          "output_state": {
            "Name": "minecraft:cracked_polished_blackstone_bricks"
          }
        },
				{
          "input_predicate": {
            "block": "minecraft:blackstone",
            "predicate_type": "minecraft:random_block_match",
            "probability": 0.1
          },
          "location_predicate": {
            "predicate_type": "minecraft:always_true"
          },
          "output_state": {
            "Name": "minecraft:basalt"
          }
        },
				{
          "input_predicate": {
            "block": "minecraft:polished_blackstone",
            "predicate_type": "minecraft:random_block_match",
            "probability": 0.3
          },
          "location_predicate": {
            "predicate_type": "minecraft:always_true"
          },
          "output_state": {
            "Name": "minecraft:blackstone"
          }
        },
				{
          "input_predicate": {
            "block": "minecraft:polished_blackstone_slab",
            "predicate_type": "minecraft:random_block_match",
            "probability": 0.3
          },
          "location_predicate": {
            "predicate_type": "minecraft:always_true"
          },
          "output_state": {
            "Name": "minecraft:blackstone_slab"
          }
        },
				{
          "input_predicate": {
            "block": "minecraft:nether_gold_ore",
            "predicate_type": "minecraft:random_block_match",
            "probability": 0.01
          },
          "location_predicate": {
            "predicate_type": "minecraft:always_true"
          },
          "output_state": {
            "Name": "minecraft:ancient_debris"
          }
        },
				{
          "input_predicate": {
            "block": "minecraft:nether_gold_ore",
            "predicate_type": "minecraft:random_block_match",
            "probability": 0.01
          },
          "location_predicate": {
            "predicate_type": "minecraft:always_true"
          },
          "output_state": {
            "Name": "minecraft:iron_block"
          }
        },
				{
          "input_predicate": {
            "block": "minecraft:nether_gold_ore",
            "predicate_type": "minecraft:random_block_match",
            "probability": 0.01
          },
          "location_predicate": {
            "predicate_type": "minecraft:always_true"
          },
          "output_state": {
            "Name": "minecraft:gold_block"
          }
        },
				{
          "input_predicate": {
            "block": "minecraft:nether_gold_ore",
            "predicate_type": "minecraft:random_block_match",
            "probability": 0.05
          },
          "location_predicate": {
            "predicate_type": "minecraft:always_true"
          },
          "output_state": {
            "Name": "minecraft:raw_gold_block"
          }
        },
				{
          "input_predicate": {
            "block": "minecraft:nether_gold_ore",
            "predicate_type": "minecraft:random_block_match",
            "probability": 0.2
          },
          "location_predicate": {
            "predicate_type": "minecraft:always_true"
          },
          "output_state": {
            "Name": "minecraft:gilded_blackstone"
          }
        },
				{
          "input_predicate": {
            "block": "minecraft:nether_gold_ore",
            "predicate_type": "minecraft:random_block_match",
            "probability": 0.3
          },
          "location_predicate": {
            "predicate_type": "minecraft:always_true"
          },
          "output_state": {
            "Name": "minecraft:nether_quartz_ore"
          }
        },
        {
          "block_entity_modifier": {
            "type": "minecraft:append_loot",
            "loot_table": "nova_structures:chests/piglin_donjon/donjon_generic"
          },
          "input_predicate": {
            "block_state": {
              "Name": "minecraft:chest",
              "Properties": {
                "facing": "east"
              }
            },
            "predicate_type": "minecraft:random_blockstate_match",
            "probability": 0.5
          },
          "location_predicate": {
            "predicate_type": "minecraft:always_true"
          },
          "output_state": {
            "Name": "minecraft:chest",
            "Properties": {
              "facing": "east"
            }
          }
        },
        {
          "block_entity_modifier": {
            "type": "minecraft:append_loot",
            "loot_table": "nova_structures:chests/piglin_donjon/donjon_generic"
          },
          "input_predicate": {
            "block_state": {
              "Name": "minecraft:chest",
              "Properties": {
                "facing": "north"
              }
            },
            "predicate_type": "minecraft:random_blockstate_match",
            "probability": 0.5
          },
          "location_predicate": {
            "predicate_type": "minecraft:always_true"
          },
          "output_state": {
            "Name": "minecraft:chest",
            "Properties": {
              "facing": "north"
            }
          }
        },
        {
          "block_entity_modifier": {
            "type": "minecraft:append_loot",
            "loot_table": "nova_structures:chests/piglin_donjon/donjon_generic"
          },
          "input_predicate": {
            "block_state": {
              "Name": "minecraft:chest",
              "Properties": {
                "facing": "west"
              }
            },
            "predicate_type": "minecraft:random_blockstate_match",
            "probability": 0.5
          },
          "location_predicate": {
            "predicate_type": "minecraft:always_true"
          },
          "output_state": {
            "Name": "minecraft:chest",
            "Properties": {
              "facing": "west"
            }
          }
        },
        {
          "block_entity_modifier": {
            "type": "minecraft:append_loot",
            "loot_table": "nova_structures:chests/piglin_donjon/donjon_generic"
          },
          "input_predicate": {
            "block_state": {
              "Name": "minecraft:chest",
              "Properties": {
                "facing": "south"
              }
            },
            "predicate_type": "minecraft:random_blockstate_match",
            "probability": 0.5
          },
          "location_predicate": {
            "predicate_type": "minecraft:always_true"
          },
          "output_state": {
            "Name": "minecraft:chest",
            "Properties": {
              "facing": "south"
            }
          }
        },
        {
          "block_entity_modifier": {
            "type": "minecraft:append_loot",
            "loot_table": "nova_structures:keys/piglin_donjon_key"
          },
          "input_predicate": {
            "block_state": {
              "Name": "minecraft:decorated_pot"
            },
            "predicate_type": "minecraft:random_blockstate_match",
            "probability": 0.05
          },
          "location_predicate": {
            "predicate_type": "minecraft:always_true"
          },
          "output_state": {
            "Name": "minecraft:decorated_pot"
          }
        }
      ]
    }
  ]
}