{
	"type": "minecraft:vegetation_patch",
	"config": {
		"surface": "floor",
		"depth": 1,
		"vertical_range": 5,
		"extra_bottom_block_chance": 0,
		"extra_edge_column_chance": 0.5,
		"vegetation_chance": 0.05,
		"xz_radius": {
			"type": "minecraft:uniform",
			
				"min_inclusive": 1,
				"max_inclusive": 3
			
		},
		"replaceable": "#minecraft:moss_replaceable",
		"ground_state": {
			"type": "minecraft:simple_state_provider",
			"state": {
				"Name": "minecraft:mud"
			}
		},
		"vegetation_feature": {
			"feature": "cavernous:biomes/lush/glowshroom/ground_vegetation",
			"placement": []
		}
	}
}
