{
    "name": "kattersstructures:sky_dungeo/maze_2x2",
    "fallback": "minecraft:empty",
    "elements": [{
        "weight": 1,
        "element": {
            "location": "kattersstructures:sky_dungeo/maze/decor/2x2/sky_dungeo_maze_decor_2x2_01",
            "processors": "minecraft:empty",
            "projection": "rigid",
            "element_type": "minecraft:single_pool_element"
        }
    },{
        "weight": 1,
        "element": {
            "location": "kattersstructures:sky_dungeo/maze/decor/2x2/sky_dungeo_maze_decor_2x2_02",
            "processors": "minecraft:empty",
            "projection": "rigid",
            "element_type": "minecraft:single_pool_element"
        }
    },{
        "weight": 1,
        "element": {
            "location": "kattersstructures:sky_dungeo/maze/decor/2x2/sky_dungeo_maze_decor_2x2_03",
            "processors": "minecraft:empty",
            "projection": "rigid",
            "element_type": "minecraft:single_pool_element"
        }
    },{
        "weight": 1,
        "element": {
            "location": "kattersstructures:sky_dungeo/maze/decor/2x2/sky_dungeo_maze_decor_2x2_04",
            "processors": "minecraft:empty",
            "projection": "rigid",
            "element_type": "minecraft:single_pool_element"
        }
    }
]
}