{
  "display": {
    "icon": {
      "id": "minecraft:redstone",
      "components": {
        "minecraft:custom_model_data": 6548001
      }
    },
    "title": {
      "translate": "rrc.h-nigh.advancement.blood_pact.title",
      "fallback": "The Strongest Pact",
      "color": "dark_red",
      "bold": true,
      "italic": true,
      "underlined": false,
      "strikethrough": false,
      "obfuscated": false
    },
    "description": {
      "translate": "rrc.h-nigh.advancement.blood_pact.description",
      "fallback": "Participate in a Blood Ritual activation.",
      "bold": false,
      "italic": true,
      "underlined": false,
      "strikethrough": false,
      "obfuscated": false
    },
    "frame": "task",
    "show_toast": true,
    "announce_to_chat": true,
    "hidden": true
  },
  "parent": "rrc:h-nigh",
  "criteria": {
    "Coward": {
      "trigger": "minecraft:impossible"
    }
  }
}
