{
  "display": {
    "icon": {
      "id": "minecraft:leather_helmet",
      "components": {
        "minecraft:custom_model_data": 6548001
      }
    },
    "title": {
      "translate": "rrc.h-nigh.advancement.holy_night.title",
      "fallback": "Oh Holy Night...",
      "color": "dark_green",
      "bold": true,
      "italic": true,
      "underlined": false,
      "strikethrough": false,
      "obfuscated": false
    },
    "description": {
      "translate": "rrc.h-nigh.advancement.holy_night.description",
      "fallback": "Go through a Festive Moon",
      "bold": false,
      "italic": true,
      "underlined": false,
      "strikethrough": false,
      "obfuscated": false
    },
    "frame": "challenge",
    "show_toast": true,
    "announce_to_chat": true,
    "hidden": true
  },
  "parent": "h-nigh:anti-christ",
  "criteria": {
    "Long Night": {
      "trigger": "minecraft:impossible"
    }
  },
  "rewards": {
    "experience": 1000
  }
}
