{
    "display": {
      "icon": {
        "id": "minecraft:leather_helmet",
        "components": {
          "minecraft:custom_model_data": 6548001
        }
      },
      "title": {
        "translate": "rrc.h-nigh.advancement.the_rapture.title",
        "fallback": "The holiest of nights... Again and again...",
        "color": "red",
        "bold": true,
        "italic": true,
        "underlined": false,
        "strikethrough": false,
        "obfuscated": false
      },
      "description": {
        "translate": "rrc.h-nigh.advancement.the_rapture.description",
        "fallback": "Go through 33 Festive Moons",
        "bold": false,
        "italic": true,
        "underlined": false,
        "strikethrough": false,
        "obfuscated": false
      },
      "frame": "challenge",
      "show_toast": true,
      "announce_to_chat": true,
      "hidden": true
    },
    "parent": "h-nigh:many_nights",
    "criteria": {
      "Long Night": {
        "trigger": "minecraft:impossible"
      }
    },
    "rewards": {
      "experience": 5000
    }
  }
  