{
  "type": "minecraft:jigsaw",
  "biomes": [
    "old_growth_pine_taiga",
    "old_growth_spruce_taiga",
    "minecraft:stony_peaks",
    "minecraft:stony_shore"
  ],
  "step": "surface_structures",
  "spawn_overrides": {
    "monster": {
      "bounding_box": "full",
      "spawns": [
        {
          "type": "minecraft:witch",
          "weight": 100,
          "minCount": 1,
          "maxCount": 2
        },
        {
          "type": "minecraft:bogged",
          "weight": 70,
          "minCount": 1,
          "maxCount": 2
        }
      ]
    },
    "creature": {
      "bounding_box": "full",
      "spawns": [
        {
          "type": "minecraft:wolf",
          "weight": 50,
          "minCount": 2,
          "maxCount": 3
        },
        {
          "type": "minecraft:fox",
          "weight": 50,
          "minCount": 2,
          "maxCount": 3
        }
      ]
    }
  },
  "terrain_adaptation": "beard_box",
  "start_pool": "luistercorp:mega_taiga/normal_well",
  "size": 1,
  "start_height": {
    "absolute": 0
  },
  "project_start_to_heightmap": "WORLD_SURFACE_WG",
  "max_distance_from_center": 20,
  "use_expansion_hack": false,
  "liquid_settings": "ignore_waterlogging"
}