{
  "type": "minecraft:jigsaw",
  "biomes": "#is_overworld",
  "step": "surface_structures",
  "spawn_overrides": {
    "creature": {
      "bounding_box": "full",
      "spawns": [
        {
          "type": "minecraft:bee",
          "weight": 100,
          "minCount": 1,
          "maxCount": 1
        }
      ]
    }
  },
  "terrain_adaptation": "beard_box",
  "start_pool": "luistercorp:overworld/common_puddle_well",
  "size": 1,
  "start_height": {
    "absolute": 0
  },
  "project_start_to_heightmap": "WORLD_SURFACE",
  "max_distance_from_center": 10,
  "use_expansion_hack": false,
  "liquid_settings": "ignore_waterlogging"
}