{
  "type": "minecraft:jigsaw",
  "biomes": [
    "minecraft:flower_forest",
    "minecraft:warm_ocean"
  ],
  "step": "surface_structures",
  "spawn_overrides": {
    "creature": {
      "bounding_box": "full",
      "spawns": [
        {
          "type": "minecraft:allay",
          "weight": 100,
          "minCount": 2,
          "maxCount": 4
        }
      ]
    },
    "monster": {
      "bounding_box": "full",
      "spawns": [
        {
          "type": "minecraft:wither_skeleton",
          "weight": 100,
          "minCount": 3,
          "maxCount": 5
        }
      ]
    }
  },
  "terrain_adaptation": "beard_box",
  "start_pool": "luistercorp:overworld/great_sword_fountain",
  "size": 1,
  "start_height": {
    "absolute": 0
  },
  "project_start_to_heightmap": "WORLD_SURFACE",
  "max_distance_from_center": 20,
  "use_expansion_hack": false,
  "liquid_settings": "ignore_waterlogging"
}