{
  "type": "minecraft:jigsaw",
  "biomes": [
    "minecraft:bamboo_jungle",
    "minecraft:cherry_grove",
    "minecraft:grove",
    "minecraft:windswept_savanna",
    "minecraft:old_growth_pine_taiga",
    "minecraft:old_growth_spruce_taiga",
    "minecraft:windswept_forest",
    "minecraft:windswept_hills",
    "minecraft:sparse_jungle",
    "minecraft:swamp",
    "minecraft:dark_forest",
    "minecraft:sunflower_plains"
  ],
  "step": "surface_structures",
  "spawn_overrides": {
    "monster": {
      "bounding_box": "full",
      "spawns": [
        {
          "type": "minecraft:breeze",
          "weight": 75,
          "minCount": 2,
          "maxCount": 4
        }
      ]
    },
    "creature": {
      "bounding_box": "full",
      "spawns": [
        {
          "type": "minecraft:wolf",
          "weight": 100,
          "minCount": 1,
          "maxCount": 2
        }
      ]
    }
  },
  "terrain_adaptation": "beard_box",
  "start_pool": "luistercorp:overworld/lava_dome",
  "size": 1,
  "start_height": {
    "absolute": 0
  },
  "project_start_to_heightmap": "WORLD_SURFACE",
  "max_distance_from_center": 20,
  "use_expansion_hack": false,
  "liquid_settings": "ignore_waterlogging"
}