{
  "type": "minecraft:jigsaw",
  "biomes": [
    "minecraft:eroded_badlands",
    "minecraft:wooded_badlands",
    "minecraft:bamboo_jungle",
    "minecraft:cherry_grove",
    "minecraft:ice_spikes",
    "minecraft:grove",
    "minecraft:jagged_peaks",
    "minecraft:frozen_peaks",
    "minecraft:mushroom_fields",
    "minecraft:windswept_savanna",
    "minecraft:old_growth_pine_taiga",
    "minecraft:old_growth_spruce_taiga",
    "minecraft:windswept_forest",
    "minecraft:windswept_hills",
    "minecraft:sparse_jungle",
    "minecraft:swamp",
    "minecraft:dark_forest",
    "minecraft:dripstone_caves",
    "minecraft:pale_garden",
    "minecraft:sunflower_plains"
  ],
  "step": "surface_structures",
  "spawn_overrides": {
    "creature": {
      "bounding_box": "full",
      "spawns": [
        {
          "type": "minecraft:allay",
          "weight": 100,
          "minCount": 1,
          "maxCount": 1
        }
      ]
    }
  },
  "terrain_adaptation": "beard_box",
  "start_pool": "luistercorp:overworld/legendary_puddle_well",
  "size": 1,
  "start_height": {
    "absolute": 0
  },
  "project_start_to_heightmap": "WORLD_SURFACE",
  "max_distance_from_center": 20,
  "use_expansion_hack": false,
  "liquid_settings": "ignore_waterlogging"
}
