{
  "type": "minecraft:jigsaw",
  "biomes": [
    "minecraft:bamboo_jungle",
    "minecraft:birch_forest",
    "minecraft:cherry_grove",
    "minecraft:savanna_plateau",
    "minecraft:savanna",
    "minecraft:windswept_savanna",
    "minecraft:windswept_forest",
    "minecraft:windswept_hills",
    "minecraft:jungle",
    "minecraft:sparse_jungle",
    "minecraft:swamp",
    "minecraft:mangrove_swamp",
    "minecraft:dark_forest",
    "minecraft:pale_garden",
    "minecraft:plains",
    "minecraft:sunflower_plains",
    "minecraft:forest",
    "minecraft:flower_forest",
    "minecraft:meadow"
  ],
  "step": "surface_structures",
  "spawn_overrides": {
    "creature": {
      "bounding_box": "full",
      "spawns": [
        {
          "type": "minecraft:pillager",
          "weight": 75,
          "minCount": 2,
          "maxCount": 3
        }
      ]
    }
  },
  "terrain_adaptation": "beard_box",
  "start_pool": "luistercorp:overworld/wine_well",
  "size": 1,
  "start_height": {
    "absolute": 0
  },
  "project_start_to_heightmap": "WORLD_SURFACE",
  "max_distance_from_center": 20,
  "use_expansion_hack": false,
  "liquid_settings": "ignore_waterlogging"
}