{
    "pools": [
        {
            "rolls": 1,
            "entries": [
                {
                    "type": "minecraft:item",
                    "name": "minecraft:stone_sword",
                    "functions": [
                        {
                            "function": "minecraft:set_components",
                            "components": {
                                "minecraft:item_name": "{\"fallback\":\"Amethyst Sword\",\"translate\":\"wasd.sword.amethyst\", \"italic\":false}",
                                "minecraft:lore": [
                                    "{\"fallback\":\"Makes Amethyst grow below the mob.\",\"translate\": \"wasd.sword.amethyst.lore\", \"italic\":false, \"color\":blue}"
                                ],
                                "minecraft:item_model": "wasd:swords/amethyst",
                                "minecraft:max_damage": 250,
                                "repairable":{"items":"amethyst_shard"},
                                "minecraft:enchantment_glint_override": false,
                                "minecraft:custom_data": {
                                    "wasd_sword": 1,
                                    "wasd.sword_type": 84
                                },
                                "minecraft:attribute_modifiers": {
                                    "modifiers": [
                                        {
                                            "type": "minecraft:attack_damage",
                                            "id": "6370001",
                                            "amount": 4,
                                            "operation": "add_value",
                                            "slot": "mainhand"
                                        },
                                        {
                                            "type": "minecraft:attack_speed",
                                            "id": "6370001",
                                            "amount": -2.4,
                                            "operation": "add_value",
                                            "slot": "mainhand"
                                        }
                                    ]
                                }
                            }
                        }
                    ]
                }
            ]
        }
    ]
}