{
    "pools": [
        {
            "rolls": 1,
            "entries": [
                {
                    "type": "minecraft:item",
                    "name": "minecraft:stone_sword",
                    "functions": [
                        {
                            "function": "minecraft:set_components",
                            "components": {
                                "minecraft:item_name": "{\"fallback\":\"Blaze Rod Sword\",\"translate\":\"wasd.sword.blaze_rod\", \"italic\":false}",
                                "minecraft:lore": [
                                    "{\"fallback\":\"Comes enchanted with Fire Aspect III.\",\"translate\": \"wasd.sword.blaze_rod.lore\", \"italic\":false, \"color\":blue}"
                                ],
                                "minecraft:item_model": "wasd:swords/blaze_rod",
                                "minecraft:max_damage": 250,
                                "repairable": {"items": "blaze_rod"},
                                "enchantments": {
                                    "minecraft:fire_aspect": 3
                                },
                                "minecraft:custom_data": {
                                    "wasd_sword": 1,
                                    "wasd.sword_type": 78
                                },
                                "minecraft:attribute_modifiers": {
                                    "modifiers": [
                                        {
                                            "type": "minecraft:attack_damage",
                                            "id": "6370001",
                                            "amount": 6,
                                            "operation": "add_value",
                                            "slot": "mainhand"
                                        },
                                        {
                                            "type": "minecraft:attack_speed",
                                            "id": "6370001",
                                            "amount": -2.4,
                                            "operation": "add_value",
                                            "slot": "mainhand"
                                        }
                                    ]
                                }
                            }
                        }
                    ]
                }
            ]
        }
    ]
}