{
    "pools": [
        {
            "rolls": 1,
            "entries": [
                {
                    "type": "minecraft:item",
                    "name": "minecraft:stone_sword",
                    "functions": [
                        {
                            "function": "minecraft:set_components",
                            "components": {
                                "minecraft:item_name": "{\"fallback\":\"Copper Sword\",\"translate\":\"wasd.sword.copper\", \"italic\":false}",
                                "minecraft:lore": [
                                    "{\"fallback\":\"Slowly gets more oxidized,\",\"translate\": \"wasd.sword.copper.lore\", \"italic\":false, \"color\":blue}",
                                    "{\"fallback\":\"causing more poison damage.\",\"translate\": \"wasd.sword.copper.lore2\", \"italic\":false, \"color\":blue}"
                                ],
                                "minecraft:item_model": "wasd:swords/copper1",
                                "minecraft:custom_model_data": {"floats":[6370001]},
                                "minecraft:max_damage": 250,
                                "repairable": {"items": "copper_ingot"},
                                "minecraft:custom_data": {
                                    "wasd_sword": 1,
                                    "wasd.sword_type": 80,
                                    "wasd.sword_copper": 1
                                },
                                "minecraft:attribute_modifiers": {
                                    "modifiers": [
                                        {
                                            "type": "minecraft:attack_damage",
                                            "id": "6370001",
                                            "amount": 4,
                                            "operation": "add_value",
                                            "slot": "mainhand"
                                        },
                                        {
                                            "type": "minecraft:attack_speed",
                                            "id": "6370001",
                                            "amount": -2.4,
                                            "operation": "add_value",
                                            "slot": "mainhand"
                                        }
                                    ]
                                }
                            }
                        }
                    ]
                }
            ]
        }
    ]
}