{
    "pools": [
        {
            "rolls": 1,
            "entries": [
                {
                    "type": "minecraft:item",
                    "name": "minecraft:stone_sword",
                    "functions": [
                        {
                            "function": "minecraft:set_components",
                            "components": {
                                "minecraft:item_name": "{\"fallback\":\"Soul Sand Sword\",\"translate\":\"wasd.sword.soul_sand\", \"italic\":false}",
                                "minecraft:lore": [
                                    "{\"fallback\":\"Deals Massive Damage.\",\"translate\": \"wasd.sword.soul_sand.lore\", \"italic\":false, \"color\":blue}",
                                    "{\"fallback\":\"Can hit either the target or user.\",\"translate\": \"wasd.sword.soul_sand.lore2\", \"italic\":false, \"color\":blue}"
                                ],
                                "minecraft:item_model": "wasd:swords/soul_sand",
                                "minecraft:max_damage": 250,
                                "repairable": {"items": "soul_sand"},
                                "minecraft:enchantment_glint_override": true,
                                "minecraft:custom_data": {
                                    "wasd_sword": 1,
                                    "wasd.sword_type": 13
                                },
                                "minecraft:attribute_modifiers": {
                                    "modifiers": [
                                        {
                                            "type": "minecraft:attack_damage",
                                            "id": "6370001",
                                            "amount": 13,
                                            "operation": "add_value",
                                            "slot": "mainhand"
                                        },
                                        {
                                            "type": "minecraft:attack_speed",
                                            "id": "6370001",
                                            "amount": -2.4,
                                            "operation": "add_value",
                                            "slot": "mainhand"
                                        }
                                    ]
                                }
                            }
                        }
                    ]
                }
            ]
        }
    ]
}