{
    "pools": [
        {
            "rolls": 1,
            "entries": [
                {
                    "type": "minecraft:item",
                    "name": "minecraft:stone_sword",
                    "functions": [
                        {
                            "function": "minecraft:set_components",
                            "components": {
                                "minecraft:item_name": "{\"fallback\":\"Totem of Undying Sword\",\"translate\":\"wasd.sword.totem_of_undying\", \"italic\":false}",
                                "minecraft:lore": [
                                    "{\"fallback\":\"Can Save you from Death.\",\"translate\": \"wasd.sword.totem_of_undying.lore\", \"italic\":false, \"color\":blue}"
                                ],
                                "minecraft:item_model": "wasd:swords/totem",
                                "repairable": {"items": "totem_of_undying"},
                                "death_protection": {"death_effects":[{"type":"minecraft:clear_all_effects"},{"type":"minecraft:apply_effects","effects":[{"id":"minecraft:regeneration","amplifier":1,"duration":900},{"id":"minecraft:fire_resistance","amplifier":0,"duration":800},{"id":"minecraft:absorption","amplifier":1,"duration":100}]},{"type":"minecraft:play_sound","sound":"item.totem.use"}]},
                                "minecraft:custom_data": {
                                    "wasd_sword": 1,
                                    "wasd.sword_type": 48
                                },
                                "minecraft:attribute_modifiers": {
                                    "modifiers": [
                                        {
                                            "type": "minecraft:attack_damage",
                                            "id": "6370001",
                                            "amount": 7,
                                            "operation": "add_value",
                                            "slot": "mainhand"
                                        },
                                        {
                                            "type": "minecraft:attack_speed",
                                            "id": "6370001",
                                            "amount": -2.4,
                                            "operation": "add_value",
                                            "slot": "mainhand"
                                        }
                                    ]
                                }
                            }
                        }
                    ]
                }
            ]
        }
    ]
}