{
    "name": "shipwreck", 
    "fallback": "minecraft:empty",
    "elements": [
        {
            "weight": 2,
            "element": {
                "element_type": "minecraft:single_pool_element",
                "location": "revamped_shipwrecks:shipwreck/dark_oak_jungle/positioners/sea_rightsideup_positioner",
                "projection": "rigid",
                "processors": "minecraft:empty"
            }
        },
        {
            "weight": 2,
            "element": {
                "element_type": "minecraft:single_pool_element",
                "location": "revamped_shipwrecks:shipwreck/dark_oak_jungle/positioners/sea_upsidedown_positioner",
                "projection": "rigid",
                "processors": "minecraft:empty"
            }
        },
        {
            "weight": 1,
            "element": {
                "element_type": "minecraft:single_pool_element",
                "location": "revamped_shipwrecks:shipwreck/dark_oak_jungle/positioners/sea_onleftside_positioner",
                "projection": "rigid",
                "processors": "minecraft:empty"
            }
        },
        {
            "weight": 1,
            "element": {
                "element_type": "minecraft:single_pool_element",
                "location": "revamped_shipwrecks:shipwreck/dark_oak_jungle/positioners/sea_onrightside_positioner",
                "projection": "rigid",
                "processors": "minecraft:empty"
            }
        },
        {
            "weight": 1,
            "element": {
                "element_type": "minecraft:single_pool_element",
                "location": "revamped_shipwrecks:shipwreck/dark_oak_jungle/positioners/sea_upward_positioner",
                "projection": "rigid",
                "processors": "minecraft:empty"
            }
        },
        {
            "weight": 1,
            "element": {
                "element_type": "minecraft:single_pool_element",
                "location": "revamped_shipwrecks:shipwreck/dark_oak_jungle/positioners/sea_downward_positioner",
                "projection": "rigid",
                "processors": "minecraft:empty"
            }
        },        
		{
            "weight": 2,
            "element": {
                "element_type": "minecraft:single_pool_element",
                "location": "revamped_shipwrecks:shipwreck/dark_oak_spruce/positioners/sea_rightsideup_positioner",
                "projection": "rigid",
                "processors": "minecraft:empty"
            }
        },
        {
            "weight": 2,
            "element": {
                "element_type": "minecraft:single_pool_element",
                "location": "revamped_shipwrecks:shipwreck/dark_oak_spruce/positioners/sea_upsidedown_positioner",
                "projection": "rigid",
                "processors": "minecraft:empty"
            }
        },
        {
            "weight": 1,
            "element": {
                "element_type": "minecraft:single_pool_element",
                "location": "revamped_shipwrecks:shipwreck/dark_oak_spruce/positioners/sea_onleftside_positioner",
                "projection": "rigid",
                "processors": "minecraft:empty"
            }
        },
        {
            "weight": 1,
            "element": {
                "element_type": "minecraft:single_pool_element",
                "location": "revamped_shipwrecks:shipwreck/dark_oak_spruce/positioners/sea_onrightside_positioner",
                "projection": "rigid",
                "processors": "minecraft:empty"
            }
        },
        {
            "weight": 1,
            "element": {
                "element_type": "minecraft:single_pool_element",
                "location": "revamped_shipwrecks:shipwreck/dark_oak_spruce/positioners/sea_upward_positioner",
                "projection": "rigid",
                "processors": "minecraft:empty"
            }
        },
        {
            "weight": 1,
            "element": {
                "element_type": "minecraft:single_pool_element",
                "location": "revamped_shipwrecks:shipwreck/dark_oak_spruce/positioners/sea_downward_positioner",
                "projection": "rigid",
                "processors": "minecraft:empty"
            }
        },
        {
            "weight": 2,
            "element": {
                "element_type": "minecraft:single_pool_element",
                "location": "revamped_shipwrecks:shipwreck/jungle_spruce/positioners/sea_rightsideup_positioner",
                "projection": "rigid",
                "processors": "minecraft:empty"
            }
        },
        {
            "weight": 2,
            "element": {
                "element_type": "minecraft:single_pool_element",
                "location": "revamped_shipwrecks:shipwreck/jungle_spruce/positioners/sea_upsidedown_positioner",
                "projection": "rigid",
                "processors": "minecraft:empty"
            }
        },
        {
            "weight": 1,
            "element": {
                "element_type": "minecraft:single_pool_element",
                "location": "revamped_shipwrecks:shipwreck/jungle_spruce/positioners/sea_onleftside_positioner",
                "projection": "rigid",
                "processors": "minecraft:empty"
            }
        },
        {
            "weight": 1,
            "element": {
                "element_type": "minecraft:single_pool_element",
                "location": "revamped_shipwrecks:shipwreck/jungle_spruce/positioners/sea_onrightside_positioner",
                "projection": "rigid",
                "processors": "minecraft:empty"
            }
        },
        {
            "weight": 1,
            "element": {
                "element_type": "minecraft:single_pool_element",
                "location": "revamped_shipwrecks:shipwreck/jungle_spruce/positioners/sea_upward_positioner",
                "projection": "rigid",
                "processors": "minecraft:empty"
            }
        },
        {
            "weight": 1,
            "element": {
                "element_type": "minecraft:single_pool_element",
                "location": "revamped_shipwrecks:shipwreck/jungle_spruce/positioners/sea_downward_positioner",
                "projection": "rigid",
                "processors": "minecraft:empty"
            }
        },
        {
            "weight": 2,
            "element": {
                "element_type": "minecraft:single_pool_element",
                "location": "revamped_shipwrecks:shipwreck/oak_birch/positioners/sea_rightsideup_positioner",
                "projection": "rigid",
                "processors": "minecraft:empty"
            }
        },
        {
            "weight": 2,
            "element": {
                "element_type": "minecraft:single_pool_element",
                "location": "revamped_shipwrecks:shipwreck/oak_birch/positioners/sea_upsidedown_positioner",
                "projection": "rigid",
                "processors": "minecraft:empty"
            }
        },
        {
            "weight": 1,
            "element": {
                "element_type": "minecraft:single_pool_element",
                "location": "revamped_shipwrecks:shipwreck/oak_birch/positioners/sea_onleftside_positioner",
                "projection": "rigid",
                "processors": "minecraft:empty"
            }
        },
        {
            "weight": 1,
            "element": {
                "element_type": "minecraft:single_pool_element",
                "location": "revamped_shipwrecks:shipwreck/oak_birch/positioners/sea_onrightside_positioner",
                "projection": "rigid",
                "processors": "minecraft:empty"
            }
        },
        {
            "weight": 1,
            "element": {
                "element_type": "minecraft:single_pool_element",
                "location": "revamped_shipwrecks:shipwreck/oak_birch/positioners/sea_upward_positioner",
                "projection": "rigid",
                "processors": "minecraft:empty"
            }
        },
        {
            "weight": 1,
            "element": {
                "element_type": "minecraft:single_pool_element",
                "location": "revamped_shipwrecks:shipwreck/oak_birch/positioners/sea_downward_positioner",
                "projection": "rigid",
                "processors": "minecraft:empty"
            }
        },
        {
            "weight": 2,
            "element": {
                "element_type": "minecraft:single_pool_element",
                "location": "revamped_shipwrecks:shipwreck/oak_spruce/positioners/sea_rightsideup_positioner",
                "projection": "rigid",
                "processors": "minecraft:empty"
            }
        },
        {
            "weight": 2,
            "element": {
                "element_type": "minecraft:single_pool_element",
                "location": "revamped_shipwrecks:shipwreck/oak_spruce/positioners/sea_upsidedown_positioner",
                "projection": "rigid",
                "processors": "minecraft:empty"
            }
        },
        {
            "weight": 1,
            "element": {
                "element_type": "minecraft:single_pool_element",
                "location": "revamped_shipwrecks:shipwreck/oak_spruce/positioners/sea_onleftside_positioner",
                "projection": "rigid",
                "processors": "minecraft:empty"
            }
        },
        {
            "weight": 1,
            "element": {
                "element_type": "minecraft:single_pool_element",
                "location": "revamped_shipwrecks:shipwreck/oak_spruce/positioners/sea_onrightside_positioner",
                "projection": "rigid",
                "processors": "minecraft:empty"
            }
        },
        {
            "weight": 1,
            "element": {
                "element_type": "minecraft:single_pool_element",
                "location": "revamped_shipwrecks:shipwreck/oak_spruce/positioners/sea_upward_positioner",
                "projection": "rigid",
                "processors": "minecraft:empty"
            }
        },
        {
            "weight": 1,
            "element": {
                "element_type": "minecraft:single_pool_element",
                "location": "revamped_shipwrecks:shipwreck/oak_spruce/positioners/sea_downward_positioner",
                "projection": "rigid",
                "processors": "minecraft:empty"
            }
        },
        {
            "weight": 2,
            "element": {
                "element_type": "minecraft:single_pool_element",
                "location": "revamped_shipwrecks:shipwreck/spruce_dark_oak/positioners/sea_rightsideup_positioner",
                "projection": "rigid",
                "processors": "minecraft:empty"
            }
        },
        {
            "weight": 2,
            "element": {
                "element_type": "minecraft:single_pool_element",
                "location": "revamped_shipwrecks:shipwreck/spruce_dark_oak/positioners/sea_upsidedown_positioner",
                "projection": "rigid",
                "processors": "minecraft:empty"
            }
        },
        {
            "weight": 1,
            "element": {
                "element_type": "minecraft:single_pool_element",
                "location": "revamped_shipwrecks:shipwreck/spruce_dark_oak/positioners/sea_onleftside_positioner",
                "projection": "rigid",
                "processors": "minecraft:empty"
            }
        },
        {
            "weight": 1,
            "element": {
                "element_type": "minecraft:single_pool_element",
                "location": "revamped_shipwrecks:shipwreck/spruce_dark_oak/positioners/sea_onrightside_positioner",
                "projection": "rigid",
                "processors": "minecraft:empty"
            }
        },
        {
            "weight": 1,
            "element": {
                "element_type": "minecraft:single_pool_element",
                "location": "revamped_shipwrecks:shipwreck/spruce_dark_oak/positioners/sea_upward_positioner",
                "projection": "rigid",
                "processors": "minecraft:empty"
            }
        },
        {
            "weight": 1,
            "element": {
                "element_type": "minecraft:single_pool_element",
                "location": "revamped_shipwrecks:shipwreck/spruce_dark_oak/positioners/sea_downward_positioner",
                "projection": "rigid",
                "processors": "minecraft:empty"
            }
        },
        {
            "weight": 2,
            "element": {
                "element_type": "minecraft:single_pool_element",
                "location": "revamped_shipwrecks:shipwreck/spruce_jungle/positioners/sea_rightsideup_positioner",
                "projection": "rigid",
                "processors": "minecraft:empty"
            }
        },
        {
            "weight": 2,
            "element": {
                "element_type": "minecraft:single_pool_element",
                "location": "revamped_shipwrecks:shipwreck/spruce_jungle/positioners/sea_upsidedown_positioner",
                "projection": "rigid",
                "processors": "minecraft:empty"
            }
        },
        {
            "weight": 1,
            "element": {
                "element_type": "minecraft:single_pool_element",
                "location": "revamped_shipwrecks:shipwreck/spruce_jungle/positioners/sea_onleftside_positioner",
                "projection": "rigid",
                "processors": "minecraft:empty"
            }
        },
        {
            "weight": 1,
            "element": {
                "element_type": "minecraft:single_pool_element",
                "location": "revamped_shipwrecks:shipwreck/spruce_jungle/positioners/sea_onrightside_positioner",
                "projection": "rigid",
                "processors": "minecraft:empty"
            }
        },
        {
            "weight": 1,
            "element": {
                "element_type": "minecraft:single_pool_element",
                "location": "revamped_shipwrecks:shipwreck/spruce_jungle/positioners/sea_upward_positioner",
                "projection": "rigid",
                "processors": "minecraft:empty"
            }
        },
        {
            "weight": 1,
            "element": {
                "element_type": "minecraft:single_pool_element",
                "location": "revamped_shipwrecks:shipwreck/spruce_jungle/positioners/sea_downward_positioner",
                "projection": "rigid",
                "processors": "minecraft:empty"
            }
        },
        {
            "weight": 2,
            "element": {
                "element_type": "minecraft:single_pool_element",
                "location": "revamped_shipwrecks:shipwreck/spruce_oak/positioners/sea_rightsideup_positioner",
                "projection": "rigid",
                "processors": "minecraft:empty"
            }
        },
        {
            "weight": 2,
            "element": {
                "element_type": "minecraft:single_pool_element",
                "location": "revamped_shipwrecks:shipwreck/spruce_oak/positioners/sea_upsidedown_positioner",
                "projection": "rigid",
                "processors": "minecraft:empty"
            }
        },
        {
            "weight": 1,
            "element": {
                "element_type": "minecraft:single_pool_element",
                "location": "revamped_shipwrecks:shipwreck/spruce_oak/positioners/sea_onleftside_positioner",
                "projection": "rigid",
                "processors": "minecraft:empty"
            }
        },
        {
            "weight": 1,
            "element": {
                "element_type": "minecraft:single_pool_element",
                "location": "revamped_shipwrecks:shipwreck/spruce_oak/positioners/sea_onrightside_positioner",
                "projection": "rigid",
                "processors": "minecraft:empty"
            }
        },
        {
            "weight": 1,
            "element": {
                "element_type": "minecraft:single_pool_element",
                "location": "revamped_shipwrecks:shipwreck/spruce_oak/positioners/sea_upward_positioner",
                "projection": "rigid",
                "processors": "minecraft:empty"
            }
        },
        {
            "weight": 1,
            "element": {
                "element_type": "minecraft:single_pool_element",
                "location": "revamped_shipwrecks:shipwreck/spruce_oak/positioners/sea_downward_positioner",
                "projection": "rigid",
                "processors": "minecraft:empty"
            }
        }
    ]
}