{
	"display": {
		"icon": {
			"id": "minecraft:minecart"
		},
		"title": {"translate":"All Aboard!"},
		"description": {"color":"green","translate":"Craft and board a Minecart for railway journeys"},
		"announce_to_chat": true
	},
	"parent": "blazeandcave:redstone/root",
	"rewards": {
		"function": "bacap_rewards:redstone/all_aboard"
	},		
	"criteria": {
		"minecart": {
			"trigger": "minecraft:started_riding",
			"conditions": {
				"player": [
					{
						"condition": "minecraft:entity_properties",
						"predicate": {
							"vehicle": {
								"type": "minecraft:minecart"
							}
						},
						"entity": "this"
					}
				]
			}
		}
	}
}