{
	"display": {
		"icon": {
			"id": "minecraft:light_weighted_pressure_plate"
		},
		"title": {"translate":"Bling Plate"},
		"description": {"color":"green","translate":"Dine in style! (No, not really)"},
		"announce_to_chat": true
	},
	"parent": "blazeandcave:redstone/metal_plate",
	"rewards": {
		"function": "bacap_rewards:redstone/bling_plate"
	},
	"criteria": {
		"light_weighted_pressure_plate": {
			"trigger": "minecraft:inventory_changed",
			"conditions": {
				"items": [
					{
						"items": [
							"minecraft:light_weighted_pressure_plate"
						]
					}
				]
			}
		}
	}
}