{
	"display": {
		"icon": {
			"id": "minecraft:calibrated_sculk_sensor"
		},
		"title": {"translate":"Calibration Sensation"},
		"description": {"color":"green","translate":"Craft a Calibrated Sculk Sensor using Amethyst Shards"},
		"announce_to_chat": true,
		"frame": "task"
	},
	"parent": "blazeandcave:redstone/vibe_check",
	"rewards": {
		"function": "bacap_rewards:redstone/calibration_sensation"
	},		
	"criteria": {
		"calibrated_sculk_sensor": {
			"trigger": "minecraft:inventory_changed",
			"conditions": {
				"items": [
					{
						"items": [
							"minecraft:calibrated_sculk_sensor"
						]
					}
				]
			}
		}
	}
}