{
	"display": {
		"icon": {
			"id": "minecraft:oak_button"
		},
		"title": {"translate":"Click!"},
		"description": {"color":"green","translate":"Place and push a button"},
		"announce_to_chat": true
	},
	"parent": "blazeandcave:redstone/root",
	"rewards": {
		"function": "bacap_rewards:redstone/click"
	},
	"criteria": {
		"oak_button": {
			"trigger": "minecraft:default_block_use",
			"conditions": {
				"location": [
					{
						"condition": "minecraft:location_check",
						"predicate": {
							"block": {
								"blocks": "#minecraft:buttons"
							}
						}
					}
				]
			}
		}
	}
}