{
	"display": {
		"icon": {
			"id": "minecraft:comparator"
		},
		"title": {"translate":"Comparing Comparator"},
		"description": {"color":"green","translate":"Craft a redstone comparator"},
		"announce_to_chat": true
	},
	"parent": "blazeandcave:redstone/quirky_quartz",
	"rewards": {
		"function": "bacap_rewards:redstone/comparing_comparator"
	},	
	"criteria": {
		"comparator": {
			"trigger": "minecraft:inventory_changed",
			"conditions": {
				"items": [
					{
						"items": [
							"minecraft:comparator"
						]
					}
				]
			}
		}
	}
}