{
	"display": {
		"icon": {
			"id": "minecraft:dispenser"
		},
		"title": {"translate":"Dispense With This"},
		"description": {"color":"green","translate":"Construct a dispenser"},
		"announce_to_chat": true
	},
	"parent": "blazeandcave:redstone/space_dropper",
	"rewards": {
		"function": "bacap_rewards:redstone/dispense_with_this"
	},			
	"criteria": {
		"dispenser": {
			"trigger": "minecraft:inventory_changed",
			"conditions": {
				"items": [
					{
						"items": [
							"minecraft:dispenser"
						]
					}
				]
			}
		}
	}
}