{
	"display": {
		"icon": {
			"id": "minecraft:powered_rail"
		},
		"title": {"translate":"Electric Rails"},
		"description": {"color":"green","translate":"Making furnace minecarts completely useless"},
		"announce_to_chat": true
	},
	"parent": "blazeandcave:redstone/fuel_engine",
	"rewards": {
		"function": "bacap_rewards:redstone/electric_rails"
	},		
	"criteria": {
		"powered_rail": {
			"trigger": "minecraft:inventory_changed",
			"conditions": {
				"items": [
					{
						"items": [
							"minecraft:powered_rail"
						]
					}
				]
			}
		}
	}
}