{
	"display": {
		"icon": {
			"id": "minecraft:lever"
		},
		"title": {"translate":"Leveraging Synergy"},
		"description": {"color":"green","translate":"Flick a lever"},
		"announce_to_chat": true
	},
	"parent": "blazeandcave:redstone/click",
	"rewards": {
		"function": "bacap_rewards:redstone/leveraging_synergy"
	},
	"criteria": {
		"lever": {
			"trigger": "minecraft:default_block_use",
			"conditions": {
				"location": [
					{
						"condition": "minecraft:location_check",
						"predicate": {
							"block": {
								"blocks": [
									"minecraft:lever"
								]
							}
						}
					}
				]
			}
		}
	}
}