{
	"display": {
		"icon": {
			"id": "minecraft:heavy_weighted_pressure_plate"
		},
		"title": {"translate":"Metal Plate"},
		"description": {"color":"green","translate":"Dinner time!"},
		"announce_to_chat": true
	},
	"parent": "blazeandcave:redstone/pressure_detector",
	"rewards": {
		"function": "bacap_rewards:redstone/metal_plate"
	},
	"criteria": {
		"heavy_weighted_pressure_plate": {
			"trigger": "minecraft:inventory_changed",
			"conditions": {
				"items": [
					{
						"items": [
							"minecraft:heavy_weighted_pressure_plate"
						]
					}
				]
			}
		}
	}
}