{
	"display": {
		"icon": {
			"id": "minecraft:tnt_minecart"
		},
		"title": {"translate":"Mobile Explosion"},
		"description": {"color":"green","translate":"Put TNT in a minecart"},
		"announce_to_chat": true
	},
	"parent": "blazeandcave:redstone/moving_moving_storage",
	"rewards": {
		"function": "bacap_rewards:redstone/mobile_explosion"
	},			
	"criteria": {
		"tnt_minecart": {
			"trigger": "minecraft:inventory_changed",
			"conditions": {
				"items": [
					{
						"items": [
							"minecraft:tnt_minecart"
						]
					}
				]
			}
		}
	}
}