{
	"display": {
		"icon": {
			"id": "minecraft:sculk_catalyst"
		},
		"title": {"translate":"Monstrous Sacrifices"},
		"description": {"color":"dark_purple","translate":"Kill every hostile monster near a Sculk Catalyst"},
		"announce_to_chat": true,
		"frame": "challenge"
	},
	"parent": "blazeandcave:redstone/cataclyst",
	"rewards": {
		"function": "bacap_rewards:redstone/monstrous_sacrifices"
	},	
	"criteria": {
	"minecraft:cave_spider": {
	  "trigger": "minecraft:kill_mob_near_sculk_catalyst",
	  "conditions": {
		"entity": {
		  "type": "minecraft:cave_spider"
		}
	  }
	},
	"minecraft:spider": {
	  "trigger": "minecraft:kill_mob_near_sculk_catalyst",
	  "conditions": {
		"entity": {
		  "type": "minecraft:spider"
		}
	  }
	},
	"minecraft:zombified_piglin": {
	  "trigger": "minecraft:kill_mob_near_sculk_catalyst",
	  "conditions": {
		"entity": {
		  "type": "minecraft:zombified_piglin"
		}
	  }
	},
	"minecraft:enderman": {
	  "trigger": "minecraft:kill_mob_near_sculk_catalyst",
	  "conditions": {
		"entity": {
		  "type": "minecraft:enderman"
		}
	  }
	},
	"minecraft:blaze": {
	  "trigger": "minecraft:kill_mob_near_sculk_catalyst",
	  "conditions": {
		"entity": {
		  "type": "minecraft:blaze"
		}
	  }
	},
	"minecraft:creeper": {
	  "trigger": "minecraft:kill_mob_near_sculk_catalyst",
	  "conditions": {
		"entity": {
		  "type": "minecraft:creeper"
		}
	  }
	},
	"minecraft:evoker": {
	  "trigger": "minecraft:kill_mob_near_sculk_catalyst",
	  "conditions": {
		"entity": {
		  "type": "minecraft:evoker"
		}
	  }
	},
	"minecraft:ghast": {
	  "trigger": "minecraft:kill_mob_near_sculk_catalyst",
	  "conditions": {
		"entity": {
		  "type": "minecraft:ghast"
		}
	  }
	},
	"minecraft:guardian": {
	  "trigger": "minecraft:kill_mob_near_sculk_catalyst",
	  "conditions": {
		"entity": {
		  "type": "minecraft:guardian"
		}
	  }
	},
	"minecraft:husk": {
	  "trigger": "minecraft:kill_mob_near_sculk_catalyst",
	  "conditions": {
		"entity": {
		  "type": "minecraft:husk"
		}
	  }
	},
	"minecraft:magma_cube": {
	  "trigger": "minecraft:kill_mob_near_sculk_catalyst",
	  "conditions": {
		"entity": {
		  "type": "minecraft:magma_cube"
		}
	  }
	},
	"minecraft:shulker": {
	  "trigger": "minecraft:kill_mob_near_sculk_catalyst",
	  "conditions": {
		"entity": {
		  "type": "minecraft:shulker"
		}
	  }
	},
	"minecraft:silverfish": {
	  "trigger": "minecraft:kill_mob_near_sculk_catalyst",
	  "conditions": {
		"entity": {
		  "type": "minecraft:silverfish"
		}
	  }
	},
	"minecraft:skeleton": {
	  "trigger": "minecraft:kill_mob_near_sculk_catalyst",
	  "conditions": {
		"entity": {
		  "type": "minecraft:skeleton"
		}
	  }
	},
	"minecraft:slime": {
	  "trigger": "minecraft:kill_mob_near_sculk_catalyst",
	  "conditions": {
		"entity": {
		  "type": "minecraft:slime"
		}
	  }
	},
	"minecraft:stray": {
	  "trigger": "minecraft:kill_mob_near_sculk_catalyst",
	  "conditions": {
		"entity": {
		  "type": "minecraft:stray"
		}
	  }
	},
	"minecraft:vindicator": {
	  "trigger": "minecraft:kill_mob_near_sculk_catalyst",
	  "conditions": {
		"entity": {
		  "type": "minecraft:vindicator"
		}
	  }
	},
	"minecraft:witch": {
	  "trigger": "minecraft:kill_mob_near_sculk_catalyst",
	  "conditions": {
		"entity": {
		  "type": "minecraft:witch"
		}
	  }
	},
	"minecraft:wither_skeleton": {
	  "trigger": "minecraft:kill_mob_near_sculk_catalyst",
	  "conditions": {
		"entity": {
		  "type": "minecraft:wither_skeleton"
		}
	  }
	},
	"minecraft:zombie": {
	  "trigger": "minecraft:kill_mob_near_sculk_catalyst",
	  "conditions": {
		"entity": {
		  "type": "minecraft:zombie"
		}
	  }
	},
	"minecraft:zombie_villager": {
	  "trigger": "minecraft:kill_mob_near_sculk_catalyst",
	  "conditions": {
		"entity": {
		  "type": "minecraft:zombie_villager"
		}
	  }
	},
	"minecraft:phantom": {
	  "trigger": "minecraft:kill_mob_near_sculk_catalyst",
	  "conditions": {
		"entity": {
		  "type": "minecraft:phantom"
		}
	  }
	},
	"minecraft:drowned": {
	  "trigger": "minecraft:kill_mob_near_sculk_catalyst",
	  "conditions": {
		"entity": {
		  "type": "minecraft:drowned"
		}
	  }
	},
	"minecraft:pillager": {
	  "trigger": "minecraft:kill_mob_near_sculk_catalyst",
	  "conditions": {
		"entity": {
		  "type": "minecraft:pillager"
		}
	  }
	},
	"minecraft:ravager": {
	  "trigger": "minecraft:kill_mob_near_sculk_catalyst",
	  "conditions": {
		"entity": {
		  "type": "minecraft:ravager"
		}
	  }
	},
	"minecraft:endermite": {
	  "trigger": "minecraft:kill_mob_near_sculk_catalyst",
	  "conditions": {
		"entity": {
		  "type": "minecraft:endermite"
		}
	  }
	},
	"minecraft:vex": {
	  "trigger": "minecraft:kill_mob_near_sculk_catalyst",
	  "conditions": {
		"entity": {
		  "type": "minecraft:vex"
		}
	  }
	},
	"minecraft:piglin": {
	  "trigger": "minecraft:kill_mob_near_sculk_catalyst",
	  "conditions": {
		"entity": {
		  "type": "minecraft:piglin"
		}
	  }
	},
	"minecraft:hoglin": {
	  "trigger": "minecraft:kill_mob_near_sculk_catalyst",
	  "conditions": {
		"entity": {
		  "type": "minecraft:hoglin"
		}
	  }
	},
	"minecraft:zoglin": {
	  "trigger": "minecraft:kill_mob_near_sculk_catalyst",
	  "conditions": {
		"entity": {
		  "type": "minecraft:zoglin"
		}
	  }
	},
	"minecraft:wither": {
	  "trigger": "minecraft:kill_mob_near_sculk_catalyst",
	  "conditions": {
		"entity": {
		  "type": "minecraft:wither"
		}
	  }
	},
	"minecraft:piglin_brute": {
	  "trigger": "minecraft:kill_mob_near_sculk_catalyst",
	  "conditions": {
		"entity": {
		  "type": "minecraft:piglin_brute"
		}
	  }
	},
	"minecraft:warden": {
	  "trigger": "minecraft:kill_mob_near_sculk_catalyst",
	  "conditions": {
		"entity": {
		  "type": "minecraft:warden"
		}
	  }
	},
	"minecraft:breeze": {
	  "trigger": "minecraft:kill_mob_near_sculk_catalyst",
	  "conditions": {
		"entity": {
		  "type": "minecraft:breeze"
		}
	  }
	},
	"minecraft:bogged": {
	  "trigger": "minecraft:kill_mob_near_sculk_catalyst",
	  "conditions": {
		"entity": {
		  "type": "minecraft:bogged"
		}
	  }
	}
  }
}