{
	"display": {
		"icon": {
			"id": "minecraft:hopper_minecart"
		},
		"title": {"translate":"Moving Moving Storage"},
		"description": {"color":"green","translate":"Put a hopper in a minecart"},
		"announce_to_chat": true
	},
	"parent": "blazeandcave:redstone/moving_storage",
	"rewards": {
		"function": "bacap_rewards:redstone/moving_moving_storage"
	},			
	"criteria": {
		"hopper_minecart": {
			"trigger": "minecraft:inventory_changed",
			"conditions": {
				"items": [
					{
						"items": [
							"minecraft:hopper_minecart"
						]
					}
				]
			}
		}
	}
}