{
	"display": {
		"icon": {
			"id": "minecraft:piston"
		},
		"title": {"translate":"Moving Parts"},
		"description": {"color":"green","translate":"Craft a piston so you can push things"},
		"announce_to_chat": true
	},
	"parent": "blazeandcave:redstone/repeating_repeater",
	"rewards": {
		"function": "bacap_rewards:redstone/moving_parts"
	},
	"criteria": {
		"piston": {
			"trigger": "minecraft:inventory_changed",
			"conditions": {
				"items": [
					{
						"items": [
							"minecraft:piston"
						]
					}
				]
			}
		}
	}
}