{
	"display": {
		"icon": {
			"id": "minecraft:chest_minecart"
		},
		"title": {"translate":"Moving Storage"},
		"description": {"color":"green","translate":"Put a chest in a minecart"},
		"announce_to_chat": true
	},
	"parent": "blazeandcave:redstone/fuel_engine",
	"rewards": {
		"function": "bacap_rewards:redstone/moving_storage"
	},			
	"criteria": {
		"chest_minecart": {
			"trigger": "minecraft:inventory_changed",
			"conditions": {
				"items": [
					{
						"items": [
							"minecraft:chest_minecart"
						]
					}
				]
			}
		}
	}
}