{
	"display": {
		"icon": {
			"id": "minecraft:note_block"
		},
		"title": {"translate":"Mozart"},
		"description": {"color":"green","translate":"Craft a note block"},
		"announce_to_chat": true
	},
	"parent": "blazeandcave:redstone/root",
	"rewards": {
		"function": "bacap_rewards:redstone/mozart"
	},
	"criteria": {
		"noteblock": {
			"trigger": "minecraft:inventory_changed",
			"conditions": {
				"items": [
					{
						"items": [
							"minecraft:note_block"
						]
					}
				]
			}
		}
	}
}