{
	"display": {
		"icon": {
			"id": "minecraft:observer"
		},
		"title": {"translate":"Observer Buddy"},
		"description": {"color":"green","translate":"Craft an observer"},
		"announce_to_chat": true
	},
	"parent": "blazeandcave:redstone/solar_power",
	"rewards": {
		"function": "bacap_rewards:redstone/observer_buddy"
	},	
	"criteria": {
		"observer": {
			"trigger": "minecraft:inventory_changed",
			"conditions": {
				"items": [
					{
						"items": [
							"minecraft:observer"
						]
					}
				]
			}
		}
	}
}