{
	"display": {
		"icon": {
			"id": "minecraft:redstone_torch"
		},
		"title": {"translate":"Powerful Light"},
		"description": {"color":"green","translate":"Craft and place a redstone torch"},
		"announce_to_chat": true
	},
	"parent": "blazeandcave:redstone/root",
	"rewards": {
		"function": "bacap_rewards:redstone/powerful_light"
	},
	"criteria": {
		"redstone_torch": {
			"trigger": "minecraft:placed_block",
			"conditions": {
				"location": [
					{
						"condition": "minecraft:location_check",
						"predicate": {
							"block": {
								"blocks": [
									"minecraft:redstone_torch",
									"minecraft:redstone_wall_torch"
								]
							}
						}
					}
				]
			}
		}
	}
}