{
	"display": {
		"icon": {
			"id": "minecraft:detector_rail"
		},
		"title": {"translate":"Pressure Detector"},
		"description": {"color":"green","translate":"Use a pressure plate to craft a detector rail"},
		"announce_to_chat": true
	},
	"parent": "blazeandcave:redstone/under_pressure",
	"rewards": {
		"function": "bacap_rewards:redstone/pressure_detector"
	},
	"criteria": {
		"detector_rail": {
			"trigger": "minecraft:inventory_changed",
			"conditions": {
				"items": [
					{
						"items": [
							"minecraft:detector_rail"
						]
					}
				]
			}
		}
	}
}