{
	"display": {
		"icon": {
			"id": "minecraft:quartz"
		},
		"title": {"translate":"Quirky Quartz"},
		"description": {"color":"green","translate":"Mine Nether Quartz from the Nether"},
		"announce_to_chat": true
	},
	"parent": "blazeandcave:redstone/repeating_repeater",
	"rewards": {
		"function": "bacap_rewards:redstone/quirky_quartz"
	},	
	"criteria": {
		"quartz": {
			"trigger": "minecraft:inventory_changed",
			"conditions": {
				"items": [
					{
						"items": [
							"minecraft:quartz"
						]
					}
				]
			}
		}
	}
}