{
	"display": {
		"icon": {
			"id": "minecraft:repeater"
		},
		"title": {"translate":"Repeating Repeater"},
		"description": {"color":"green","translate":"Craft a redstone repeater for delaying signals"},
		"announce_to_chat": true
	},
	"parent": "blazeandcave:redstone/powerful_light",
	"rewards": {
		"function": "bacap_rewards:redstone/repeating_repeater"
	},
	"criteria": {
		"repeater": {
			"trigger": "minecraft:inventory_changed",
			"conditions": {
				"items": [
					{
						"items": [
							"minecraft:repeater"
						]
					}
				]
			}
		}
	}
}