{
	"display": {
		"icon": {
			"id": "minecraft:redstone"
		},
		"title": {"translate":"Redstone"},
		"description": {"color":"#CCCCCC","translate":"Cracking contraptions"},
		"background": "minecraft:textures/block/piston_side.png",
		"show_toast": false,
		"announce_to_chat": false
	},
	"rewards": {
		"function": "bacap_rewards:redstone/root"
	},
	"criteria": {
		"redstone": {
			"trigger": "minecraft:inventory_changed",
			"conditions": {
				"items": [
					{
						"items": [
							"minecraft:redstone"
						]
					}
				]
			}
		}
	}
}