{
	"display": {
		"icon": {
			"id": "minecraft:cyan_shulker_box"
		},
		"title": {"translate":"Sculker Box"},
		"description": {"color":"dark_purple","translate":"Hold a Shulker Box that is completely filled with Sculk"},
		"announce_to_chat": true,
		"frame": "challenge"
	},
	"parent": "blazeandcave:redstone/the_incredible_sculk",
	"rewards": {
		"function": "bacap_rewards:redstone/sculker_box"
	},		
	"criteria": {
		"sculker_box": {
			"trigger": "minecraft:inventory_changed",
			"conditions": {
				"items": [
					{
						"items": "#minecraft:shulker_boxes",
						"components": {
							"minecraft:container": [
								{"slot":0,"item":{"id":"minecraft:sculk","count":64}},
								{"slot":1,"item":{"id":"minecraft:sculk","count":64}},
								{"slot":2,"item":{"id":"minecraft:sculk","count":64}},
								{"slot":3,"item":{"id":"minecraft:sculk","count":64}},
								{"slot":4,"item":{"id":"minecraft:sculk","count":64}},
								{"slot":5,"item":{"id":"minecraft:sculk","count":64}},
								{"slot":6,"item":{"id":"minecraft:sculk","count":64}},
								{"slot":7,"item":{"id":"minecraft:sculk","count":64}},
								{"slot":8,"item":{"id":"minecraft:sculk","count":64}},
								{"slot":9,"item":{"id":"minecraft:sculk","count":64}},
								{"slot":10,"item":{"id":"minecraft:sculk","count":64}},
								{"slot":11,"item":{"id":"minecraft:sculk","count":64}},
								{"slot":12,"item":{"id":"minecraft:sculk","count":64}},
								{"slot":13,"item":{"id":"minecraft:sculk","count":64}},
								{"slot":14,"item":{"id":"minecraft:sculk","count":64}},
								{"slot":15,"item":{"id":"minecraft:sculk","count":64}},
								{"slot":16,"item":{"id":"minecraft:sculk","count":64}},
								{"slot":17,"item":{"id":"minecraft:sculk","count":64}},
								{"slot":18,"item":{"id":"minecraft:sculk","count":64}},
								{"slot":19,"item":{"id":"minecraft:sculk","count":64}},
								{"slot":20,"item":{"id":"minecraft:sculk","count":64}},
								{"slot":21,"item":{"id":"minecraft:sculk","count":64}},
								{"slot":22,"item":{"id":"minecraft:sculk","count":64}},
								{"slot":23,"item":{"id":"minecraft:sculk","count":64}},
								{"slot":24,"item":{"id":"minecraft:sculk","count":64}},
								{"slot":25,"item":{"id":"minecraft:sculk","count":64}},
								{"slot":26,"item":{"id":"minecraft:sculk","count":64}}
							]
						}
					}
				]
			}
		}
	}
}