{
	"display": {
		"icon": {
			"id": "minecraft:daylight_detector"
		},
		"title": {"translate":"Solar Power"},
		"description": {"color":"green","translate":"Craft a daylight sensor"},
		"announce_to_chat": true
	},
	"parent": "blazeandcave:redstone/quirky_quartz",
	"rewards": {
		"function": "bacap_rewards:redstone/solar_power"
	},	
	"criteria": {
		"daylight_detector": {
			"trigger": "minecraft:inventory_changed",
			"conditions": {
				"items": [
					{
						"items": [
							"minecraft:daylight_detector"
						]
					}
				]
			}
		}
	}
}