{
	"display": {
		"icon": {
			"id": "minecraft:dropper"
		},
		"title": {"translate":"Space Dropper"},
		"description": {"color":"green","translate":"Craft a dropper for item transportation"},
		"announce_to_chat": true
	},
	"parent": "blazeandcave:redstone/space_hopper",
	"rewards": {
		"function": "bacap_rewards:redstone/space_dropper"
	},
	"criteria": {
		"dropper": {
			"trigger": "minecraft:inventory_changed",
			"conditions": {
				"items": [
					{
						"items": [
							"minecraft:dropper"
						]
					}
				]
			}
		}
	}
}