{
	"display": {
		"icon": {
			"id": "minecraft:sticky_piston"
		},
		"title": {"translate":"Sticky Parts"},
		"description": {"color":"green","translate":"Craft a sticky piston so you can pull things"},
		"announce_to_chat": true
	},
	"parent": "blazeandcave:redstone/moving_parts",
	"rewards": {
		"function": "bacap_rewards:redstone/sticky_parts"
	},
	"criteria": {
		"sticky_piston": {
			"trigger": "minecraft:inventory_changed",
			"conditions": {
				"items": [
					{
						"items": [
							"minecraft:sticky_piston"
						]
					}
				]
			}
		}
	}
}