{
	"display": {
		"icon": {
			"id": "minecraft:trident"
		},
		"title": {"translate":"Target Practise"},
		"description": {"color":"#75E1FF","translate":"Hit a Target with all types of projectiles"},
		"announce_to_chat": true,
		"frame": "goal"
	},
	"parent": "blazeandcave:redstone/target_acquired",
	"rewards": {
		"function": "bacap_rewards:redstone/target_practise"
	},	
	"criteria": {
		"arrow": {
			"trigger": "minecraft:target_hit",
			"conditions": {
				"projectile": {
					"type": "minecraft:arrow"
				}
			}
		},
		"trident": {
			"trigger": "minecraft:target_hit",
			"conditions": {
				"projectile": {
					"type": "minecraft:trident"
				}
			}
		},
		"egg": {
			"trigger": "minecraft:target_hit",
			"conditions": {
				"projectile": {
					"type": "minecraft:egg"
				}
			}
		},
		"snowball": {
			"trigger": "minecraft:target_hit",
			"conditions": {
				"projectile": {
					"type": "minecraft:snowball"
				}
			}
		},
		"potion": {
			"trigger": "minecraft:target_hit",
			"conditions": {
				"projectile": {
					"type": "minecraft:potion"
				}
			}
		},
		"firework_rocket": {
			"trigger": "minecraft:target_hit",
			"conditions": {
				"projectile": {
					"type": "minecraft:firework_rocket"
				}
			}
		},
		"experience_bottle": {
			"trigger": "minecraft:target_hit",
			"conditions": {
				"projectile": {
					"type": "minecraft:experience_bottle"
				}
			}
		},
		"ender_pearl": {
			"trigger": "minecraft:target_hit",
			"conditions": {
				"projectile": {
					"type": "minecraft:ender_pearl"
				}
			}
		},
		"fishing_bobber": {
			"trigger": "minecraft:target_hit",
			"conditions": {
				"projectile": {
					"type": "minecraft:fishing_bobber"
				}
			}
		},
		"wind_charge": {
			"trigger": "minecraft:target_hit",
			"conditions": {
				"projectile": {
					"type": "minecraft:wind_charge"
				}
			}
		}
	}
}