{
	"display": {
		"icon": {
			"id": "minecraft:target"
		},
		"title": {"translate":"Target Acquired"},
		"description": {"color":"green","translate":"Put up a Target for archery practise"},
		"announce_to_chat": true
	},
	"parent": "blazeandcave:redstone/dispense_with_this",
	"rewards": {
		"function": "bacap_rewards:redstone/target_acquired"
	},			
	"criteria": {
		"target": {
			"trigger": "minecraft:placed_block",
			"conditions": {
				"location": [
					{
						"condition": "minecraft:location_check",
						"predicate": {
							"block": {
								"blocks": [
									"minecraft:target"
								]
							}
						}
					}
				]
			}
		}
	}
}