{
	"display": {
		"icon": {
			"id": "minecraft:sculk_vein"
		},
		"title": {"translate":"The Incredible Sculk"},
		"description": {"color":"#75E1FF","translate":"Collect a stack of all sculk-related blocks"},
		"announce_to_chat": true,
		"frame": "goal"
	},
	"parent": "blazeandcave:redstone/the_block_of_eternal_screaming",
	"rewards": {
		"function": "bacap_rewards:redstone/the_incredible_sculk"
	},		
	"criteria": {
		"sculk": {
			"trigger": "minecraft:inventory_changed",
			"conditions": {
				"items": [
					{
						"items": [
							"minecraft:sculk"
						],
						"count": 64
					}
				]
			}
		},
		"sculk_vein": {
			"trigger": "minecraft:inventory_changed",
			"conditions": {
				"items": [
					{
						"items": [
							"minecraft:sculk_vein"
						],
						"count": 64
					}
				]
			}
		},
		"sculk_sensor": {
			"trigger": "minecraft:inventory_changed",
			"conditions": {
				"items": [
					{
						"items": [
							"minecraft:sculk_sensor"
						],
						"count": 64
					}
				]
			}
		},
		"sculk_catalyst": {
			"trigger": "minecraft:inventory_changed",
			"conditions": {
				"items": [
					{
						"items": [
							"minecraft:sculk_catalyst"
						],
						"count": 64
					}
				]
			}
		},
		"sculk_shrieker": {
			"trigger": "minecraft:inventory_changed",
			"conditions": {
				"items": [
					{
						"items": [
							"minecraft:sculk_shrieker"
						],
						"count": 64
					}
				]
			}
		},
		"calibrated_sculk_sensor": {
			"trigger": "minecraft:inventory_changed",
			"conditions": {
				"items": [
					{
						"items": [
							"minecraft:calibrated_sculk_sensor"
						],
						"count": 64
					}
				]
			}
		}
	}
}