{
	"display": {
		"icon": {
			"id": "minecraft:stone_pressure_plate"
		},
		"title": {"translate":"Under Pressure"},
		"description": {"color":"green","translate":"Step on a pressure plate"},
		"announce_to_chat": true
	},
	"parent": "blazeandcave:redstone/leveraging_synergy",
	"rewards": {
		"function": "bacap_rewards:redstone/under_pressure"
	},
	"criteria": {
		"oak_pressure_plate": {
			"trigger": "minecraft:enter_block",
			"conditions": {
				"block": "minecraft:oak_pressure_plate",
				"state": {
					"powered": "true"
				}
			}
		},
		"spruce_pressure_plate": {
			"trigger": "minecraft:enter_block",
			"conditions": {
				"block": "minecraft:spruce_pressure_plate",
				"state": {
					"powered": "true"
				}
			}
		},
		"birch_pressure_plate": {
			"trigger": "minecraft:enter_block",
			"conditions": {
				"block": "minecraft:birch_pressure_plate",
				"state": {
					"powered": "true"
				}
			}
		},
		"jungle_pressure_plate": {
			"trigger": "minecraft:enter_block",
			"conditions": {
				"block": "minecraft:jungle_pressure_plate",
				"state": {
					"powered": "true"
				}
			}
		},
		"acacia_pressure_plate": {
			"trigger": "minecraft:enter_block",
			"conditions": {
				"block": "minecraft:acacia_pressure_plate",
				"state": {
					"powered": "true"
				}
			}
		},
		"dark_oak_pressure_plate": {
			"trigger": "minecraft:enter_block",
			"conditions": {
				"block": "minecraft:dark_oak_pressure_plate",
				"state": {
					"powered": "true"
				}
			}
		},		
		"stone_pressure_plate": {
			"trigger": "minecraft:enter_block",
			"conditions": {
				"block": "minecraft:stone_pressure_plate",
				"state": {
					"powered": "true"
				}
			}
		},		
		"light_weighted_pressure_plate": {
			"trigger": "minecraft:enter_block",
			"conditions": {
				"block": "minecraft:light_weighted_pressure_plate"
			}
		},		
		"heavy_weighted_pressure_plate": {
			"trigger": "minecraft:enter_block",
			"conditions": {
				"block": "minecraft:heavy_weighted_pressure_plate"
			}
		},
		"crimson_pressure_plate": {
			"trigger": "minecraft:enter_block",
			"conditions": {
				"block": "minecraft:crimson_pressure_plate",
				"state": {
					"powered": "true"
				}
			}
		},
		"warped_pressure_plate": {
			"trigger": "minecraft:enter_block",
			"conditions": {
				"block": "minecraft:warped_pressure_plate",
				"state": {
					"powered": "true"
				}
			}
		},
		"polished_blackstone_pressure_plate": {
			"trigger": "minecraft:enter_block",
			"conditions": {
				"block": "minecraft:polished_blackstone_pressure_plate",
				"state": {
					"powered": "true"
				}
			}
		},
		"mangrove_pressure_plate": {
			"trigger": "minecraft:enter_block",
			"conditions": {
				"block": "minecraft:mangrove_pressure_plate",
				"state": {
					"powered": "true"
				}
			}
		},
		"cherry_pressure_plate": {
			"trigger": "minecraft:enter_block",
			"conditions": {
				"block": "minecraft:cherry_pressure_plate",
				"state": {
					"powered": "true"
				}
			}
		},
		"bamboo_pressure_plate": {
			"trigger": "minecraft:enter_block",
			"conditions": {
				"block": "minecraft:bamboo_pressure_plate",
				"state": {
					"powered": "true"
				}
			}
		},
		"pale_oak_pressure_plate": {
			"trigger": "minecraft:enter_block",
			"conditions": {
				"block": "minecraft:pale_oak_pressure_plate",
				"state": {
					"powered": "true"
				}
			}
		}
	},
	"requirements": [
		[
		"oak_pressure_plate",
		"spruce_pressure_plate",
		"birch_pressure_plate",
		"jungle_pressure_plate",
		"acacia_pressure_plate",
		"dark_oak_pressure_plate",
		"crimson_pressure_plate",
		"warped_pressure_plate",
		"stone_pressure_plate",
		"light_weighted_pressure_plate",
		"heavy_weighted_pressure_plate",
		"polished_blackstone_pressure_plate",
		"mangrove_pressure_plate",
		"cherry_pressure_plate",
		"bamboo_pressure_plate",
		"pale_oak_pressure_plate"
		]
	]
}