{
  "loot_tables_to_eject": [
    {
      "data": "nova_structures:spawners/trident_trial_monument/drowned",
      "weight": 6
    },
    {
      "data": "nova_structures:keys/trident_trial_key",
      "weight": 1
    }
  ],
  "simultaneous_mobs": 3,
  "total_mobs": 3,
  "simultaneous_mobs_added_per_player": 0.5,
  "total_mobs_added_per_player": 1,
  "ticks_between_spawn": 4,
  "spawn_potentials": [
    {
      "data": {
        "entity": {
          "id": "minecraft:drowned",
          "Tags": [
            "trial_normal"
          ]
        },
        "equipment": {
          "loot_table": "nova_structures:equipment/normal_mobs/drowned",
          "slot_drop_chances": {
            "body": 0.085,
            "chest": 0.085,
            "feet": 0.085,
            "head": 0.085,
            "legs": 0.085,
            "mainhand": 0.085,
            "offhand": 0.085
          }
        }
      },
      "weight": 1
    }
  ]
}