{
  "loot_tables_to_eject": [
    {
      "data": "nova_structures:spawners/trident_trial_monument/drowned_ominous",
      "weight": 6
    },
    {
      "data": "nova_structures:keys/trident_trial_key",
      "weight": 2
    }
  ],
  "simultaneous_mobs": 3,
  "total_mobs": 3,
  "simultaneous_mobs_added_per_player": 0.5,
  "total_mobs_added_per_player": 1,
  "items_to_drop_when_ominous": "nova_structures:spawner_projectile/trident_trial_monument/projectile_trident_trial_monument",
  "ticks_between_spawn": 4,
  "spawn_potentials": [
    {
      "data": {
        "equipment": {
          "slot_drop_chances": 0,
          "loot_table": "nova_structures:equipment/trident_trial_monument/normal"
        },
        "entity": {
          "id": "minecraft:drowned",
          "Tags": [
            "trial_ominous"
          ]
        }
      },
      "weight": 1
    }
  ]
}