{
  "pools": [
    {
      "rolls": {
        "type": "minecraft:binomial",
        "n": {
          "type": "minecraft:storage",
          "storage": "mt:settings",
          "path": "progression"
        },
        "p": {
          "type": "minecraft:score",
          "target": "this",
          "score": "mt.total",
          "scale": 0.000001
        }
      },
      "bonus_rolls": {
        "min": 1,
        "max": 6
      },
      "entries": [
        {
          "type": "minecraft:loot_table",
          "value": "mt:charms/legendary",
          "conditions": [
            {
              "condition": "minecraft:value_check",
              "value": {
                "type": "minecraft:score",
                "target": {
                  "type": "minecraft:fixed",
                  "name": "#disable_legendary_charm"
                },
                "score": "mt.constant"
              },
              "range": 0
            },
            {
              "condition": "minecraft:random_chance",
              "chance": 0.1
            }
          ]
        },
        {
          "type": "minecraft:item",
          "name": "minecraft:enchanted_golden_apple",
          "weight": 1,
          "functions": [
            {
              "function": "minecraft:set_count",
              "count": {
                "min": 1,
                "max": 3
              }
            }
          ]
        },
        {
          "type": "item",
          "weight": 3,
          "name": "minecraft:pumpkin_pie",
          "functions": [
            {
              "function": "minecraft:set_name",
              "name": [
                {
                  "text": "Flower Pie",
                  "color": "aqua",
                  "italic": false
                }
              ]
            },
            {
              "function": "set_count",
              "count": 12
            },
            {
              "function": "minecraft:set_components",
              "components": {
                  "minecraft:enchantment_glint_override": true,
                  "minecraft:max_stack_size": 99,
                  "minecraft:food": {
                    "nutrition": 4,
                    "saturation": 1,
                    "can_always_eat": true
                  },
                  "minecraft:consumable": {
                    "consume_seconds": 2,
                    "sound": "entity.generic.eat",
                    "has_consume_particles": false,
                    "on_consume_effects": [
                      {
                        "type": "minecraft:apply_effects",
                        "effects": [
                          {
                            "id": "minecraft:instant_health",
                            "amplifier": 0,
                            "duration": 10
                          },
                          {
                            "id": "minecraft:regeneration",
                            "amplifier": 0,
                            "duration": 200
                          }
                        ],
                        "probability": 1
                      }
                    ]
                  },
                  "minecraft:lore": [
                    "{\"text\":\"Gives Instant Health I and \",\"color\":\"gray\",\"italic\":false}",
                    "{\"text\":\"Regeneration II for 10s \",\"color\":\"gray\",\"italic\":false}"
                  ],
                  "minecraft:custom_data": {
                    "food": "mt.flower_pie"
                  }
              }
            }
          ]
        },
        {
          "type": "minecraft:item",
          "name": "minecraft:chorus_flower",
          "weight": 3,
          "functions": [
            {
              "function": "minecraft:set_count",
              "count": {
                "min": 16,
                "max": 32
              }
            }
          ],
          "conditions": [
            {
              "condition": "minecraft:entity_scores",
              "entity": "this",
              "scores": {
                "mt.total": {
                  "max": 599999
                }
              }
            }
          ]
        },
        {
          "type": "minecraft:item",
          "name": "minecraft:lime_shulker_box",
          "weight": 1,
          "functions": [
            {
              "function": "minecraft:set_contents",
              "component": "minecraft:container",
              "entries": [
                {
                  "type": "minecraft:loot_table",
                  "value": "mt:chests/flower/epic"}
              ]
            }
          ],
          "conditions": [
            {
              "condition": "minecraft:random_chance",
              "chance": 0.5
            }
          ]
        },
        {
          "type": "minecraft:item",
          "name": "minecraft:green_shulker_box",
          "weight": 1,
          "functions": [
            {
              "function": "minecraft:set_count",
              "count": {
                "min": 1,
                "max": 2
              }
            }
          ],
          "conditions": [
            {
              "condition": "minecraft:entity_scores",
              "entity": "this",
              "scores": {
                "mt.total": {
                  "min": 600000
                }
              }
            }
          ]
        },
        {
          "type": "minecraft:item",
          "name": "minecraft:nether_wart",
          "weight": 3,
          "functions": [
            {
              "function": "minecraft:set_count",
              "count": {
                "min": 16,
                "max": 32
              }
            }
          ],
          "conditions": [
            {
              "condition": "minecraft:entity_scores",
              "entity": "this",
              "scores": {
                "mt.total": {
                  "max": 599999
                }
              }
            }
          ]
        },
        {
          "type": "item",
          "weight": 2,
          "name": "minecraft:honey_bottle",
          "functions": [
            {
              "function": "set_count",
              "count": 4
            },
            {
              "function": "minecraft:set_components",
              "components": {
                "minecraft:enchantment_glint_override": true,
                "minecraft:custom_name": "{\"text\":\"Juicy Experience Drink\",\"color\":\"gold\",\"italic\":false}",
                "minecraft:custom_data": {
                  "food": "xp_juice"
                }
              }
            },
            {
              "function": "set_lore",
              "lore": [
                {
                  "text": "This bottle gives 500 ",
                  "color": "gray",
                  "italic": false
                },
                {
                  "text": "experience when consumed. ",
                  "color": "gray",
                  "italic": false
                }
              ],
              "mode": "replace_all"
            }
          ],
          "conditions": [
            {
              "condition": "minecraft:entity_scores",
              "entity": "this",
              "scores": {
                "mt.total": {
                  "min": 600000
                }
              }
            }
          ]
        },
        {
          "type": "minecraft:item",
          "name": "minecraft:diamond_axe",
          "weight": 1,
          "functions": [
            {
              "function": "minecraft:set_attributes",
              "modifiers": [
                {
                  "id": "mine_treasure",
                  "attribute": "minecraft:attack_speed",
                  "amount": {
                    "min": 2.6,
                    "max": 2.6
                  },
                  "operation": "add_value",
                  "slot": "mainhand"
                },
                {
                  "id": "mine_treasure_rm",
                  "attribute": "minecraft:attack_speed",
                  "amount": -4,
                  "operation": "add_value",
                  "slot": "mainhand"
                },
                {
                  "id": "mine_treasure",
                  "attribute": "minecraft:attack_damage",
                  "amount": {
                    "min": 8,
                    "max": 8
                  },
                  "operation": "add_value",
                  "slot": "mainhand"
                }
              ]
            },
            {
              "function": "minecraft:toggle_tooltips",
              "toggles": {
                "minecraft:attribute_modifiers": false
              }
            },
            {
              "function": "minecraft:set_enchantments",
              "enchantments": {
                "minecraft:sharpness": {
                  "min": 1,
                  "max": 3
                }
              }
            },
            {
              "function": "minecraft:set_components",
              "components": {
                "minecraft:repair_cost": 9999,
                "minecraft:unbreakable": {},
                "minecraft:custom_data": {
                  "mt": "weapon"
                }
              }
            },
            {
              "function": "set_name",
              "name": [
                {
                  "text": "Refined Diamond Axe",
                  "color": "light_purple",
                  "italic": false
                }
              ]
            },
            {
              "function": "minecraft:set_lore",
              "lore": [
                {
                  "text": "  "
                },
                {
                  "text": "When in Main Hand:",
                  "color": "gray",
                  "italic": false
                },
                {
                  "text": " 9 Attack Damage",
                  "color": "dark_green",
                  "italic": false
                },
                {
                  "text": " 2.6 Attack Speed",
                  "color": "dark_green",
                  "italic": false
                }
              ],
               "mode": "replace_all"
            },
            {
              "function": "minecraft:enchant_with_levels",
              "levels": 50
            }
          ],
          "conditions": [
            {
              "condition": "minecraft:entity_scores",
              "entity": "this",
              "scores": {
                "mt.total": {
                  "min": 550000
                }
              }
            }
          ]
        },
        {
          "type": "minecraft:loot_table",
          "value": "mt:chests/flower/flower_helmet",
          "weight": 1,
          "conditions": [
            {
              "condition": "minecraft:random_chance",
              "chance": 0.5
            },
            {
              "condition": "minecraft:entity_scores",
              "entity": "this",
              "scores": {
                "mt.total": {
                  "min": 700000
                }
              }
            }
          ]
        },
        {
          "type": "minecraft:item",
          "name": "minecraft:diamond_shovel",
          "weight": 1,
          "functions": [
            {
              "function": "minecraft:set_attributes",
              "modifiers": [
                {
                  "id": "mine_treasure",
                  "attribute": "minecraft:attack_speed",
                  "amount": {
                    "min": 1.6,
                    "max": 1.6
                  },
                  "operation": "add_value",
                  "slot": "mainhand"
                },
                {
                  "id": "mine_treasure_rm",
                  "attribute": "minecraft:attack_speed",
                  "amount": -4,
                  "operation": "add_value",
                  "slot": "mainhand"
                },
                {
                  "id": "mine_treasure",
                  "attribute": "minecraft:attack_damage",
                  "amount": {
                    "min": 6,
                    "max": 6
                  },
                  "operation": "add_value",
                  "slot": "mainhand"
                }
              ]
            },
            {
              "function": "minecraft:toggle_tooltips",
              "toggles": {
                "minecraft:attribute_modifiers": false
              }
            },
            {
              "function": "minecraft:set_components",
              "components": {
                "minecraft:repair_cost": 9999,
                "minecraft:unbreakable": {},
                "minecraft:custom_data": {
                  "mt": "weapon"
                }
              }
            },
            {
              "function": "set_name",
              "name": [
                {
                  "text": "Refined Diamond Shovel",
                  "color": "light_purple",
                  "italic": false
                }
              ]
            },
            {
              "function": "minecraft:set_lore",
              "lore": [
                {
                  "text": "  "
                },
                {
                  "text": "When in Main Hand:",
                  "color": "gray",
                  "italic": false
                },
                {
                  "text": " 7 Attack Damage",
                  "color": "dark_green",
                  "italic": false
                },
                {
                  "text": " 1.6 Attack Speed",
                  "color": "dark_green",
                  "italic": false
                }
              ],
               "mode": "replace_all"
            },
            {
              "function": "minecraft:enchant_with_levels",
              "levels": 50
            }
          ],
          "conditions": [
            {
              "condition": "minecraft:entity_scores",
              "entity": "this",
              "scores": {
                "mt.total": {
                  "min": 600000
                }
              }
            }
          ]
        },
        {
          "type": "minecraft:item",
          "weight": 2,
          "name": "minecraft:globe_banner_pattern",
          "functions": [
            {
              "function": "minecraft:set_count",
              "count": 5
            },
            {
              "function": "minecraft:set_name",
              "name": [
                {
                  "text": "Heal Purification",
                  "color": "gold",
                  "italic": false
                }
              ]
            },
            {
              "function": "minecraft:set_lore",
              "lore": [
                {
                  "text": "RUNE",
                  "color": "gold",
                  "bold": true,
                  "italic": false
                },
                {
                  "text": " ",
                  "color": "gray",
                  "italic": false
                },
                {
                  "text": "Ability:",
                  "color": "green",
                  "italic": false
                },
                {
                  "text": "When activated saturates and heals ",
                  "color": "gray",
                  "italic": false
                },
                {
                  "text": "user a tiny amount and cleanses ",
                  "color": "gray",
                  "italic": false
                },
                {
                  "text": "the user of negative status effects. ",
                  "color": "gray",
                  "italic": false
                }
              ],
               "mode": "replace_all"
            },
            {
              "function": "minecraft:set_components",
              "components": {
                "max_stack_size": 16,
                "minecraft:consumable": {
                  "consume_seconds": 0,
                  "sound": "intentionally_empty",
                  "has_consume_particles": false
                },
                "minecraft:use_cooldown": {
                  "seconds": 5,
                  "cooldown_group": "mt:rune"
                },
                "minecraft:enchantment_glint_override": true,
                "minecraft:custom_data": {
                  "rune": "mt.heal",
                    "mt": "rune"
                  }
                }
            }
          ],
          "conditions": [
            {
              "condition": "minecraft:value_check",
              "value": {
                "type": "minecraft:score",
                "target": {
                  "type": "minecraft:fixed",
                  "name": "#disable_rune"
                },
                "score": "mt.constant"
              },
              "range": 0
            },
            {
              "condition": "minecraft:entity_scores",
              "entity": "this",
              "scores": {
                "mt.total": {
                  "min": 700000
                }
              }
            }
          ]
        },
        {
          "type": "minecraft:item",
          "name": "minecraft:diamond_hoe",
          "weight": 1,
          "functions": [
            {
              "function": "minecraft:set_attributes",
              "modifiers": [
                {
                  "id": "mine_treasure",
                  "attribute": "minecraft:attack_damage",
                  "amount": {
                    "min": 5,
                    "max": 5
                  },
                  "operation": "add_value",
                  "slot": "mainhand"
                }
              ]
            },
            {
              "function": "minecraft:toggle_tooltips",
              "toggles": {
                "minecraft:attribute_modifiers": false
              }
            },
            {
              "function": "minecraft:set_components",
              "components": {
                "minecraft:repair_cost": 9999,
                "minecraft:unbreakable": {},
                "minecraft:custom_data": {
                  "mt": "weapon"
                }
              }
            },
            {
              "function": "set_name",
              "name": [
                {
                  "text": "Refined Diamond Hoe",
                  "color": "light_purple",
                  "italic": false
                }
              ]
            },
            {
              "function": "minecraft:set_lore",
              "lore": [
                {
                  "text": "  "
                },
                {
                  "text": "When in Main Hand:",
                  "color": "gray",
                  "italic": false
                },
                {
                  "text": " 6 Attack Damage",
                  "color": "dark_green",
                  "italic": false
                },
                {
                  "text": " 4 Attack Speed",
                  "color": "dark_green",
                  "italic": false
                }
              ],
               "mode": "replace_all"
            },
            {
              "function": "minecraft:enchant_with_levels",
              "levels": 50
            }
          ],
          "conditions": [
            {
              "condition": "minecraft:entity_scores",
              "entity": "this",
              "scores": {
                "mt.total": {
                  "min": 600000
                }
              }
            }
          ]
        },
        {
          "type": "minecraft:item",
          "name": "minecraft:book",
          "weight": 3,
          "functions": [
            {
              "function": "minecraft:enchant_with_levels",
              "options": "#in_enchanting_table",
              "levels": 50
            }
          ]
        }
      ]
    }
  ]
}
