{
    "structures": [
        {
            "structure": "forsaken:wells/rustic/spruce",
            "weight": 2
        },
        {
            "structure": "forsaken:wells/rustic/oak",
            "weight": 2
        },
        {
            "structure": "forsaken:wells/rustic/dark_oak",
            "weight": 2
        },
        {
            "structure": "forsaken:wells/rustic/birch",
            "weight": 2
        },
        {
            "structure": "forsaken:wells/pit/cobble",
            "weight": 1
        },
        {
            "structure": "forsaken:wells/pit/mud",
            "weight": 1
        },
        {
            "structure": "forsaken:wells/oriental",
            "weight": 2
        },
        {
            "structure": "forsaken:wells/mud",
            "weight": 2
        },
        {
            "structure": "forsaken:wells/pump/cobble",
            "weight": 2
        },
        {
            "structure": "forsaken:wells/pump/mud",
            "weight": 2
        },
        {
            "structure": "forsaken:wells/washhouse",
            "weight": 2
        }
    ],
    "placement": {
        "type": "minecraft:random_spread",
        "frequency": 0.0025,
        "spacing": 20,
        "separation": 10,
        "salt": 5346557894
    }
}