{
  "type": "minecraft:chest",
  "pools": [
    {
      "rolls": {
        "min": 0,
        "max": 1
      },
      "entries": [
        {
          "type": "minecraft:item",
          "name": "minecraft:potion",
          "weight": 10,
          "functions": [
            {
              "function": "minecraft:set_name",
              "name": {
                "text": "Old brew",
                "color": "#9efdff",
                "italic": false
              }
            }
          ]
        },
        {
          "type": "minecraft:item",
          "name": "minecraft:iron_pickaxe",
          "weight": 2,
          "functions": [
            {
              "function": "minecraft:set_damage",
              "damage": {
                "type": "minecraft:uniform",
                "min": 0.3,
                "max": 0.8
              }
            },
            {
              "function": "minecraft:enchant_randomly",
              "options": [
                "minecraft:unbreaking",
                "minecraft:mending",
                "minecraft:vanishing_curse",
                "minecraft:fortune",
                "minecraft:silk_touch"
              ]
            },
            {
              "function": "minecraft:enchant_randomly",
              "options": [
                "minecraft:unbreaking",
                "minecraft:mending",
                "minecraft:vanishing_curse",
                "minecraft:fortune",
                "minecraft:silk_touch"
              ]
            }
          ]
        },
        {
          "type": "minecraft:item",
          "name": "minecraft:iron_sword",
          "weight": 1,
          "functions": [
            {
              "function": "minecraft:set_damage",
              "damage": {
                "type": "minecraft:uniform",
                "min": 0.3,
                "max": 0.8
              }
            },
            {
              "function": "minecraft:enchant_randomly",
              "options": [
                "minecraft:fire_aspect",
                "minecraft:sharpness",
                "minecraft:unbreaking",
                "minecraft:mending",
                "minecraft:bane_of_arthropods",
                "minecraft:looting",
                "minecraft:knockback",
                "minecraft:vanishing_curse"
              ]
            },
            {
              "function": "minecraft:enchant_randomly",
              "options": [
                "minecraft:fire_aspect",
                "minecraft:sharpness",
                "minecraft:unbreaking",
                "minecraft:mending",
                "minecraft:bane_of_arthropods",
                "minecraft:looting",
                "minecraft:knockback",
                "minecraft:vanishing_curse"
              ]
            }
          ]
        }
      ]
    },
    {
      "rolls": 1,
      "entries": [
        {
          "type": "minecraft:item",
          "name": "minecraft:muddy_mangrove_roots",
          "weight": 10,
          "quality": 5,
          "functions": []
        },
        {
          "type": "minecraft:item",
          "name": "minecraft:iron_axe",
          "weight": 2,
          "quality": 1,
          "functions": [
            {
              "function": "minecraft:set_damage",
              "damage": {
                "type": "minecraft:uniform",
                "min": 0.5,
                "max": 0.9
              }
            },
            {
              "function": "minecraft:enchant_randomly",
              "options": [
                "minecraft:unbreaking",
                "minecraft:mending",
                "minecraft:vanishing_curse",
                "minecraft:fortune",
                "minecraft:silk_touch"
              ]
            },
            {
              "function": "minecraft:enchant_randomly",
              "options": [
                "minecraft:unbreaking",
                "minecraft:mending",
                "minecraft:vanishing_curse",
                "minecraft:fortune",
                "minecraft:silk_touch"
              ]
            }
          ]
        },
        {
          "type": "minecraft:item",
          "name": "minecraft:iron_hoe",
          "weight": 2,
          "quality": 1,
          "functions": [
            {
              "function": "minecraft:set_damage",
              "damage": {
                "type": "minecraft:uniform",
                "min": 0.5,
                "max": 0.9
              }
            },
            {
              "function": "minecraft:enchant_randomly",
              "options": [
                "minecraft:unbreaking",
                "minecraft:mending",
                "minecraft:vanishing_curse",
                "minecraft:fortune",
                "minecraft:silk_touch"
              ]
            },
            {
              "function": "minecraft:enchant_randomly",
              "options": [
                "minecraft:unbreaking",
                "minecraft:mending",
                "minecraft:vanishing_curse",
                "minecraft:fortune",
                "minecraft:silk_touch"
              ]
            }
          ]
        }
      ]
    },
    {
      "rolls": {
        "type": "minecraft:uniform",
        "min": 1,
        "max": 1
      },
      "bonus_rolls": 1,
      "entries": [
        {
          "type": "minecraft:item",
          "name": "minecraft:raw_iron",
          "functions": [
            {
              "function": "minecraft:set_count",
              "count": {
                "type": "minecraft:uniform",
                "min": 1,
                "max": 2
              }
            }
          ],
          "conditions": []
        }
      ]
    },
    {
      "rolls": {
        "type": "minecraft:uniform",
        "min": 1,
        "max": 2
      },
      "bonus_rolls": 1,
      "entries": [
        {
          "type": "minecraft:item",
          "name": "minecraft:iron_nugget",
          "functions": [
            {
              "function": "minecraft:set_count",
              "count": {
                "type": "minecraft:uniform",
                "min": 1,
                "max": 2
              }
            }
          ],
          "conditions": []
        }
      ]
    },
    {
      "rolls": {
        "type": "minecraft:uniform",
        "min": 1,
        "max": 2
      },
      "bonus_rolls": 1,
      "entries": [
        {
          "type": "minecraft:item",
          "name": "minecraft:mangrove_leaves",
          "functions": [
            {
              "function": "minecraft:set_count",
              "count": {
                "type": "minecraft:uniform",
                "min": 1,
                "max": 1
              }
            }
          ],
          "conditions": []
        }
      ]
    },
    {
      "rolls": {
        "type": "minecraft:uniform",
        "min": 1,
        "max": 2
      },
      "bonus_rolls": 1,
      "entries": [
        {
          "type": "minecraft:item",
          "name": "minecraft:mangrove_log",
          "functions": [
            {
              "function": "minecraft:set_count",
              "count": {
                "type": "minecraft:uniform",
                "min": 1,
                "max": 2
              }
            }
          ],
          "conditions": []
        }
      ]
    },
    {
      "rolls": {
        "type": "minecraft:uniform",
        "min": 0,
        "max": 1
      },
      "bonus_rolls": 2,
      "entries": [
        {
          "type": "minecraft:item",
          "name": "minecraft:mud_bricks",
          "functions": [
            {
              "function": "minecraft:set_count",
              "count": {
                "type": "minecraft:uniform",
                "min": 1,
                "max": 3
              },
              "add": false
            }
          ],
          "conditions": []
        }
      ]
    },
    {
      "rolls": {
        "type": "minecraft:uniform",
        "min": 0,
        "max": 1
      },
      "bonus_rolls": 0,
      "entries": [
        {
          "type": "minecraft:item",
          "name": "minecraft:skeleton_skull",
          "weight": 50,
          "functions": [],
          "conditions": []
        },
        {
          "type": "minecraft:item",
          "name": "minecraft:diamond",
          "weight": 30,
          "functions": [],
          "conditions": []
        }
      ]
    },
    {
      "rolls": {
        "type": "minecraft:uniform",
        "min": 0,
        "max": 1
      },
      "bonus_rolls": 0,
      "entries": [
        {
          "type": "minecraft:item",
          "name": "minecraft:muddy_mangrove_roots",
          "functions": [],
          "conditions": []
        }
      ]
    },
    {
      "rolls": {
        "type": "minecraft:uniform",
        "min": 1,
        "max": 1
      },
      "bonus_rolls": 2,
      "entries": [
        {
          "type": "minecraft:item",
          "name": "minecraft:emerald",
          "weight": 50,
          "functions": [
            {
              "function": "minecraft:set_count",
              "count": {
                "type": "minecraft:uniform",
                "min": 2,
                "max": 3
              },
              "add": true,
              "conditions": []
            }
          ],
          "conditions": []
        },
        {
          "type": "minecraft:item",
          "name": "minecraft:mangrove_roots",
          "weight": 25,
          "functions": [
            {
              "function": "minecraft:set_count",
              "count": {
                "type": "minecraft:uniform",
                "min": 1,
                "max": 1
              },
              "add": true,
              "conditions": []
            }
          ],
          "conditions": []
        }
      ]
    },
    {
      "rolls": {
        "type": "minecraft:uniform",
        "min": 1,
        "max": 1
      },
      "bonus_rolls": 1,
      "entries": [
        {
          "type": "minecraft:item",
          "name": "minecraft:packed_mud",
          "weight": 50,
          "functions": [
            {
              "function": "minecraft:set_count",
              "count": {
                "type": "minecraft:uniform",
                "min": 1,
                "max": 1
              },
              "add": true,
              "conditions": []
            }
          ],
          "conditions": []
        },
        {
          "type": "minecraft:item",
          "name": "minecraft:mangrove_roots",
          "weight": 25,
          "functions": [
            {
              "function": "minecraft:set_count",
              "count": {
                "type": "minecraft:uniform",
                "min": 1,
                "max": 1
              },
              "add": true,
              "conditions": []
            }
          ],
          "conditions": []
        }
      ]
    },
    {
      "rolls": {
        "type": "minecraft:uniform",
        "min": 1,
        "max": 1
      },
      "bonus_rolls": {
        "type": "minecraft:uniform",
        "min": 1,
        "max": 2
      },
      "entries": [
        {
          "type": "minecraft:item",
          "name": "minecraft:mangrove_planks",
          "weight": 15,
          "functions": [
            {
              "function": "minecraft:set_count",
              "count": {
                "type": "minecraft:uniform",
                "min": 1,
                "max": 2
              },
              "add": true,
              "conditions": []
            }
          ],
          "conditions": []
        },
        {
          "type": "minecraft:item",
          "name": "minecraft:mangrove_propagule",
          "weight": 20,
          "functions": [
            {
              "function": "minecraft:set_count",
              "count": {
                "type": "minecraft:uniform",
                "min": 1,
                "max": 2
              },
              "add": true,
              "conditions": []
            }
          ],
          "conditions": []
        }
      ]
    },
    {
      "rolls": {
        "type": "minecraft:uniform",
        "min": 1,
        "max": 2
      },
      "bonus_rolls": {
        "type": "minecraft:uniform",
        "min": 1,
        "max": 3
      },
      "entries": [
        {
          "type": "minecraft:item",
          "name": "minecraft:arrow",
          "weight": 20,
          "functions": [
            {
              "function": "minecraft:set_count",
              "count": {
                "type": "minecraft:uniform",
                "min": 1,
                "max": 2
              },
              "add": true,
              "conditions": []
            }
          ],
          "conditions": []
        }
      ]
    }
  ],
  "functions": []
}