{
    "name": "luistercorp:roble_palido",
    "fallback": "minecraft:empty",
    "elements": [
      {
        "weight": 1,
        "element": {
          "element_type": "minecraft:single_pool_element",
          "projection": "rigid",
          "location": "luistercorp:roble_palido/tronco_roble_palido",
          "processors": "minecraft:empty"
        }
      },
      {
        "weight": 1,
        "element": {
          "element_type": "minecraft:single_pool_element",
          "projection": "rigid",
          "location": "luistercorp:roble_palido/tronco_roble_palido_variacion",
          "processors": "minecraft:empty"
        }
      }
    ]
  }