{
    "name": "luistercorp:abeto",
    "fallback": "minecraft:empty",
    "elements": [
      {
        "weight": 1,
        "element": {
          "element_type": "minecraft:single_pool_element",
          "projection": "rigid",
          "location": "luistercorp:megataiga/tronco_abeto_grande_corto",
          "processors": "minecraft:empty"
        }
      },
      {
        "weight": 1,
        "element": {
          "element_type": "minecraft:single_pool_element",
          "projection": "rigid",
          "location": "luistercorp:megataiga/tronco_abeto_grande_largo",
          "processors": "minecraft:empty"
        }
      }
    ]
  }