{
    "name": "luistercorp:acacia",
    "fallback": "minecraft:empty",
    "elements": [
      {
        "weight": 1,
        "element": {
          "element_type": "minecraft:single_pool_element",
          "projection": "rigid",
          "location": "luistercorp:acacia/tronco_savanna",
          "processors": "minecraft:empty"
        }
      },
      {
        "weight": 1,
        "element": {
          "element_type": "minecraft:single_pool_element",
          "projection": "rigid",
          "location": "luistercorp:acacia/tronco_savanna_variacion",
          "processors": "minecraft:empty"
        }
      }
    ]
  }