{
    "name": "luistercorp:roble_oscuro",
    "fallback": "minecraft:empty",
    "elements": [
      {
        "weight": 4,
        "element": {
          "element_type": "minecraft:single_pool_element",
          "projection": "rigid",
          "location": "luistercorp:roble_oscuro/tronco_roble_oscuro",
          "processors": "minecraft:empty"
        }
      },
      {
        "weight": 4,
        "element": {
          "element_type": "minecraft:single_pool_element",
          "projection": "rigid",
          "location": "luistercorp:roble_oscuro/tronco_roble_oscuro_variacion",
          "processors": "minecraft:empty"
        }
      }
    ]
  }