{
    "name": "luistercorp:azalea/tronco_azalea",
    "fallback": "minecraft:empty",
    "elements": [
      {
        "weight": 5,
        "element": {
          "element_type": "minecraft:single_pool_element",
          "projection": "rigid",
          "location": "luistercorp:azalea/tronco_azalea",
          "processors": "minecraft:empty"
        }
      },
      {
        "weight": 3,
        "element": {
          "element_type": "minecraft:single_pool_element",
          "projection": "rigid",
          "location": "luistercorp:azalea/tronco_azalea_variacion",
          "processors": "minecraft:empty"
        }
      }
    ]
  }