{
    "criteria": {
      "requirement": {
        "trigger": "minecraft:consume_item",
        "conditions": {
          "player": [],
          "item": {
            "items": "minecraft:honey_bottle",
            "predicates": {
              "minecraft:enchantments": [
                {
                  "enchantments": "minecraft:mending",
                  "levels": 1
                }
              ]
            }
          }
        }
      }
    },
    "rewards": {
      "function": "hcrplus:items/eat_jam"
    }
  }
  