{
	"type": "minecraft:chest",
	"pools": [
		{
			"rolls": 5,
			"entries": [
				{
					"type": "minecraft:item",
					"weight": 1,
					"name": "minecraft:cocoa_beans",
					"functions": [
						{
							"function": "minecraft:set_count",
							"count": {
								"type": "minecraft:uniform",
								"min": 3,
								"max": 10
							}
						}
					]
				},
				{
					"type": "minecraft:item",
					"weight": 1,
					"name": "minecraft:brown_dye",
					"functions": [
						{
							"function": "minecraft:set_count",
							"count": {
								"type": "minecraft:uniform",
								"min": 3,
								"max": 10
							}
						}
					]
				},
                {
					"type": "minecraft:item",
					"weight": 1,
					"name": "minecraft:jungle_log"
				},
				{
					"type": "minecraft:item",
					"weight": 1,
					"name": "minecraft:jungle_wood"
				},
				{
					"type": "minecraft:item",
					"weight": 5,
					"name": "minecraft:jungle_sapling",
					"functions": [
						{
							"function": "minecraft:set_count",
							"count": {
								"type": "minecraft:binomial",
								"n": 5,
								"p": 0.6
							}
						}
					]
				},
				{
					"type": "minecraft:item",
					"weight": 3,
					"name": "minecraft:jungle_planks",
					"functions": [
						{
							"function": "minecraft:set_count",
							"count": {
								"type": "minecraft:binomial",
								"n": 5,
								"p": 0.6
							}
						}
					]
                }
			]
		}
	]
}
