{
    "biomes": "#mstructure:mayan_temple",
    "adapt_noise": false,
    "spawn_overrides": {},
    "type": "minecraft:jigsaw",
    "start_pool": "mstructure:mayan_temple/temple",
    "size": 7,
    "step": "surface_structures",
    "start_height": {
        "absolute": -28
    },
    "project_start_to_heightmap": "WORLD_SURFACE_WG",
    "max_distance_from_center": 116,
    "terrain_adaptation": "beard_thin",
    "use_expansion_hack": false,
    "liquid_settings": "ignore_waterlogging"
}