{
    "pools": [
        {
            "rolls": 1,
            "entries": [
                {
                    "type": "minecraft:item",
                    "name": "minecraft:stone_sword",
                    "functions": [
                        {
                            "function": "minecraft:set_components",
                            "components": {
                                "minecraft:item_name": "{\"fallback\":\"Green Stained Glass Sword\",\"translate\":\"wasd.sword.green_stained_glass\", \"italic\":false}",
                                "minecraft:lore": [
                                    "{\"fallback\":\"Does very little damage, but causes bleeding.\",\"translate\": \"wasd.sword.glass.lore\", \"italic\":false, \"color\":blue}",
                                    "{\"fallback\":\"More Bleeding damage at lower durability.\",\"translate\": \"wasd.sword.glass.lore2\", \"italic\":false, \"color\":blue}"
                                ],
                                "minecraft:item_model": "wasd:swords/stained_glass/green",
                                "minecraft:max_damage": 32,
                                "repairable": {"items": "green_stained_glass"},
                                "minecraft:custom_data": {
                                    "wasd_sword": 1,
                                    "wasd.sword_type": 28
                                },
                                "minecraft:attribute_modifiers": {
                                    "modifiers": [
                                        {
                                            "type": "minecraft:attack_damage",
                                            "id": "6370001",
                                            "amount": 2,
                                            "operation": "add_value",
                                            "slot": "mainhand"
                                        },
                                        {
                                            "type": "minecraft:attack_speed",
                                            "id": "6370001",
                                            "amount": -2.4,
                                            "operation": "add_value",
                                            "slot": "mainhand"
                                        }
                                    ]
                                }
                            }
                        }
                    ]
                }
            ]
        }
    ]
}