{
  "elements": [
    {
      "element": {
        "element_type": "minecraft:single_pool_element",
        "location": "pale_formations:generic/decor/tuff_pole_1",
        "processors": "minecraft:empty",
        "projection": "rigid"
      },
      "weight": 1
    },
    {
      "element": {
        "element_type": "minecraft:single_pool_element",
        "location": "pale_formations:generic/decor/tuff_pole_2",
        "processors": "minecraft:empty",
        "projection": "rigid"
      },
      "weight": 2
    },
    {
      "element": {
        "element_type": "minecraft:single_pool_element",
        "location": "pale_formations:generic/decor/tuff_pole_3",
        "processors": "minecraft:empty",
        "projection": "rigid"
      },
      "weight": 2
    },
    {
      "element": {
        "element_type": "minecraft:single_pool_element",
        "location": "pale_formations:generic/decor/tuff_bricks_pole_2",
        "processors": "minecraft:empty",
        "projection": "rigid"
      },
      "weight": 2
    },
    {
      "element": {
        "element_type": "minecraft:single_pool_element",
        "location": "pale_formations:generic/decor/tuff_bricks_pole_3",
        "processors": "minecraft:empty",
        "projection": "rigid"
      },
      "weight": 1
    }
  ],
  "fallback": "minecraft:empty"
}