{
    "pools": [
      {
        "rolls": 1,
        "entries": [
          {
            "type": "minecraft:item",
            "name": "minecraft:stone_sword",
            "functions": [
              {
                "function": "minecraft:set_components",
                "components": {

                  "custom_model_data": {
                                  "floats": [47006]},

                  "custom_data": {
                    "SpellboundItem": 1,
                    "CursedSeaBlade": 1
                  },
                
                 "attribute_modifiers": {"modifiers":[]},
 "item_name": "{\"translate\":\"Cursed Sea Blade\",\"color\":\"#71ebc6\",\"italic\":false}",
 "custom_name": "{\"translate\":\"Cursed Sea Blade\",\"color\":\"#71ebc6\",\"italic\":false}",

                  "lore": ["{\"translate\":\"Spellbound Weapons\",\"color\":\"#676e75\",\"italic\": true}"]
                  

                 
                }
              }
            ]
          }
        ]
      }
    ]
  }
  