{
    "name": "wabi_sabi_structures:generic_common_armor",
    "fallback": "minecraft:empty",
    "elements": [
        {
            "weight": 19,
            "element": {
                "element_type": "minecraft:single_pool_element",
                "location": "wabi_sabi_structures:generic_jigsaws/entities/armor_stands/empty_straight_armor_stand",
                "projection": "rigid",
                "processors": "minecraft:empty"
            }
		},
        {
            "weight": 19,
            "element": {
                "element_type": "minecraft:single_pool_element",
                "location": "wabi_sabi_structures:generic_jigsaws/entities/armor_stands/empty_right_armor_stand",
                "projection": "rigid",
                "processors": "minecraft:empty"
            }
		},
        {
            "weight": 19,
            "element": {
                "element_type": "minecraft:single_pool_element",
                "location": "wabi_sabi_structures:generic_jigsaws/entities/armor_stands/empty_left_armor_stand",
                "projection": "rigid",
                "processors": "minecraft:empty"
            }
		},
        {
            "weight": 10,
            "element": {
                "element_type": "minecraft:single_pool_element",
                "location": "wabi_sabi_structures:generic_jigsaws/entities/armor_stands/leather_armor/leather_armor_1",
                "projection": "rigid",
                "processors": "minecraft:empty"
            }
        },
        {
            "weight": 10,
            "element": {
                "element_type": "minecraft:single_pool_element",
                "location": "wabi_sabi_structures:generic_jigsaws/entities/armor_stands/leather_armor/leather_armor_2",
                "projection": "rigid",
                "processors": "minecraft:empty"
            }
        },
        {
            "weight": 10,
            "element": {
                "element_type": "minecraft:single_pool_element",
                "location": "wabi_sabi_structures:generic_jigsaws/entities/armor_stands/leather_armor/leather_armor_3",
                "projection": "rigid",
                "processors": "minecraft:empty"
            }
        },
        {
            "weight": 10,
            "element": {
                "element_type": "minecraft:single_pool_element",
                "location": "wabi_sabi_structures:generic_jigsaws/entities/armor_stands/leather_armor/leather_armor_4",
                "projection": "rigid",
                "processors": "minecraft:empty"
            }
        },
        {
            "weight": 10,
            "element": {
                "element_type": "minecraft:single_pool_element",
                "location": "wabi_sabi_structures:generic_jigsaws/entities/armor_stands/leather_armor/leather_armor_5",
                "projection": "rigid",
                "processors": "minecraft:empty"
            }
        },
        {
            "weight": 10,
            "element": {
                "element_type": "minecraft:single_pool_element",
                "location": "wabi_sabi_structures:generic_jigsaws/entities/armor_stands/leather_armor/leather_armor_6",
                "projection": "rigid",
                "processors": "minecraft:empty"
            }
        },
        {
            "weight": 10,
            "element": {
                "element_type": "minecraft:single_pool_element",
                "location": "wabi_sabi_structures:generic_jigsaws/entities/armor_stands/leather_armor/leather_armor_7",
                "projection": "rigid",
                "processors": "minecraft:empty"
            }
        },
        {
            "weight": 10,
            "element": {
                "element_type": "minecraft:single_pool_element",
                "location": "wabi_sabi_structures:generic_jigsaws/entities/armor_stands/leather_armor/leather_armor_8",
                "projection": "rigid",
                "processors": "minecraft:empty"
            }
        },
        {
            "weight": 10,
            "element": {
                "element_type": "minecraft:single_pool_element",
                "location": "wabi_sabi_structures:generic_jigsaws/entities/armor_stands/leather_armor/leather_armor_9",
                "projection": "rigid",
                "processors": "minecraft:empty"
            }
        },
        {
            "weight": 10,
            "element": {
                "element_type": "minecraft:single_pool_element",
                "location": "wabi_sabi_structures:generic_jigsaws/entities/armor_stands/leather_armor/leather_armor_10",
                "projection": "rigid",
                "processors": "minecraft:empty"
            }
        },
        {
            "weight": 10,
            "element": {
                "element_type": "minecraft:single_pool_element",
                "location": "wabi_sabi_structures:generic_jigsaws/entities/armor_stands/leather_armor/leather_armor_11",
                "projection": "rigid",
                "processors": "minecraft:empty"
            }
        },
        {
            "weight": 10,
            "element": {
                "element_type": "minecraft:single_pool_element",
                "location": "wabi_sabi_structures:generic_jigsaws/entities/armor_stands/leather_armor/leather_armor_12",
                "projection": "rigid",
                "processors": "minecraft:empty"
            }
        },
        {
            "weight": 10,
            "element": {
                "element_type": "minecraft:single_pool_element",
                "location": "wabi_sabi_structures:generic_jigsaws/entities/armor_stands/leather_armor/leather_armor_13",
                "projection": "rigid",
                "processors": "minecraft:empty"
            }
        },
        {
            "weight": 10,
            "element": {
                "element_type": "minecraft:single_pool_element",
                "location": "wabi_sabi_structures:generic_jigsaws/entities/armor_stands/leather_armor/leather_armor_14",
                "projection": "rigid",
                "processors": "minecraft:empty"
            }
        },
        {
            "weight": 10,
            "element": {
                "element_type": "minecraft:single_pool_element",
                "location": "wabi_sabi_structures:generic_jigsaws/entities/armor_stands/leather_armor/leather_armor_15",
                "projection": "rigid",
                "processors": "minecraft:empty"
            }
        },
        {
            "weight": 10,
            "element": {
                "element_type": "minecraft:single_pool_element",
                "location": "wabi_sabi_structures:generic_jigsaws/entities/armor_stands/leather_armor/leather_armor_16",
                "projection": "rigid",
                "processors": "minecraft:empty"
            }
        },
        {
            "weight": 10,
            "element": {
                "element_type": "minecraft:single_pool_element",
                "location": "wabi_sabi_structures:generic_jigsaws/entities/armor_stands/leather_armor/leather_armor_17",
                "projection": "rigid",
                "processors": "minecraft:empty"
            }
        },
        {
            "weight": 10,
            "element": {
                "element_type": "minecraft:single_pool_element",
                "location": "wabi_sabi_structures:generic_jigsaws/entities/armor_stands/leather_armor/leather_armor_18",
                "projection": "rigid",
                "processors": "minecraft:empty"
            }
        },
        {
            "weight": 10,
            "element": {
                "element_type": "minecraft:single_pool_element",
                "location": "wabi_sabi_structures:generic_jigsaws/entities/armor_stands/leather_armor/leather_armor_19",
                "projection": "rigid",
                "processors": "minecraft:empty"
            }
        },
        {
            "weight": 10,
            "element": {
                "element_type": "minecraft:single_pool_element",
                "location": "wabi_sabi_structures:generic_jigsaws/entities/armor_stands/leather_armor/leather_armor_20",
                "projection": "rigid",
                "processors": "minecraft:empty"
            }
        },
        {
            "weight": 10,
            "element": {
                "element_type": "minecraft:single_pool_element",
                "location": "wabi_sabi_structures:generic_jigsaws/entities/armor_stands/leather_armor/leather_armor_21",
                "projection": "rigid",
                "processors": "minecraft:empty"
            }
        },
        {
            "weight": 10,
            "element": {
                "element_type": "minecraft:single_pool_element",
                "location": "wabi_sabi_structures:generic_jigsaws/entities/armor_stands/leather_armor/leather_armor_22",
                "projection": "rigid",
                "processors": "minecraft:empty"
            }
        },
        {
            "weight": 10,
            "element": {
                "element_type": "minecraft:single_pool_element",
                "location": "wabi_sabi_structures:generic_jigsaws/entities/armor_stands/leather_armor/leather_armor_23",
                "projection": "rigid",
                "processors": "minecraft:empty"
            }
        },
        {
            "weight": 10,
            "element": {
                "element_type": "minecraft:single_pool_element",
                "location": "wabi_sabi_structures:generic_jigsaws/entities/armor_stands/leather_armor/leather_armor_24",
                "projection": "rigid",
                "processors": "minecraft:empty"
            }
        },
        {
            "weight": 10,
            "element": {
                "element_type": "minecraft:single_pool_element",
                "location": "wabi_sabi_structures:generic_jigsaws/entities/armor_stands/leather_armor/leather_armor_25",
                "projection": "rigid",
                "processors": "minecraft:empty"
            }
        },
        {
            "weight": 10,
            "element": {
                "element_type": "minecraft:single_pool_element",
                "location": "wabi_sabi_structures:generic_jigsaws/entities/armor_stands/leather_armor/leather_armor_26",
                "projection": "rigid",
                "processors": "minecraft:empty"
            }
        },
        {
            "weight": 10,
            "element": {
                "element_type": "minecraft:single_pool_element",
                "location": "wabi_sabi_structures:generic_jigsaws/entities/armor_stands/leather_armor/leather_armor_27",
                "projection": "rigid",
                "processors": "minecraft:empty"
            }
        },
        {
            "weight": 10,
            "element": {
                "element_type": "minecraft:single_pool_element",
                "location": "wabi_sabi_structures:generic_jigsaws/entities/armor_stands/leather_armor/leather_armor_28",
                "projection": "rigid",
                "processors": "minecraft:empty"
            }
        },
        {
            "weight": 10,
            "element": {
                "element_type": "minecraft:single_pool_element",
                "location": "wabi_sabi_structures:generic_jigsaws/entities/armor_stands/leather_armor/leather_armor_29",
                "projection": "rigid",
                "processors": "minecraft:empty"
            }
        },
        {
            "weight": 10,
            "element": {
                "element_type": "minecraft:single_pool_element",
                "location": "wabi_sabi_structures:generic_jigsaws/entities/armor_stands/leather_armor/leather_armor_30",
                "projection": "rigid",
                "processors": "minecraft:empty"
            }
        },
        {
            "weight": 5,
            "element": {
                "element_type": "minecraft:single_pool_element",
                "location": "wabi_sabi_structures:generic_jigsaws/entities/armor_stands/iron_armor/iron_armor_1",
                "projection": "rigid",
                "processors": "minecraft:empty"
            }
        },
        {
            "weight": 5,
            "element": {
                "element_type": "minecraft:single_pool_element",
                "location": "wabi_sabi_structures:generic_jigsaws/entities/armor_stands/iron_armor/iron_armor_2",
                "projection": "rigid",
                "processors": "minecraft:empty"
            }
        },
        {
            "weight": 5,
            "element": {
                "element_type": "minecraft:single_pool_element",
                "location": "wabi_sabi_structures:generic_jigsaws/entities/armor_stands/iron_armor/iron_armor_3",
                "projection": "rigid",
                "processors": "minecraft:empty"
            }
        },
        {
            "weight": 5,
            "element": {
                "element_type": "minecraft:single_pool_element",
                "location": "wabi_sabi_structures:generic_jigsaws/entities/armor_stands/iron_armor/iron_armor_4",
                "projection": "rigid",
                "processors": "minecraft:empty"
            }
        },
        {
            "weight": 5,
            "element": {
                "element_type": "minecraft:single_pool_element",
                "location": "wabi_sabi_structures:generic_jigsaws/entities/armor_stands/iron_armor/iron_armor_5",
                "projection": "rigid",
                "processors": "minecraft:empty"
            }
        },
        {
            "weight": 5,
            "element": {
                "element_type": "minecraft:single_pool_element",
                "location": "wabi_sabi_structures:generic_jigsaws/entities/armor_stands/iron_armor/iron_armor_6",
                "projection": "rigid",
                "processors": "minecraft:empty"
            }
        },
        {
            "weight": 5,
            "element": {
                "element_type": "minecraft:single_pool_element",
                "location": "wabi_sabi_structures:generic_jigsaws/entities/armor_stands/iron_armor/iron_armor_7",
                "projection": "rigid",
                "processors": "minecraft:empty"
            }
        },
        {
            "weight": 5,
            "element": {
                "element_type": "minecraft:single_pool_element",
                "location": "wabi_sabi_structures:generic_jigsaws/entities/armor_stands/iron_armor/iron_armor_8",
                "projection": "rigid",
                "processors": "minecraft:empty"
            }
        },
        {
            "weight": 5,
            "element": {
                "element_type": "minecraft:single_pool_element",
                "location": "wabi_sabi_structures:generic_jigsaws/entities/armor_stands/iron_armor/iron_armor_9",
                "projection": "rigid",
                "processors": "minecraft:empty"
            }
        },
        {
            "weight": 5,
            "element": {
                "element_type": "minecraft:single_pool_element",
                "location": "wabi_sabi_structures:generic_jigsaws/entities/armor_stands/iron_armor/iron_armor_10",
                "projection": "rigid",
                "processors": "minecraft:empty"
            }
        },
        {
            "weight": 5,
            "element": {
                "element_type": "minecraft:single_pool_element",
                "location": "wabi_sabi_structures:generic_jigsaws/entities/armor_stands/iron_armor/iron_armor_11",
                "projection": "rigid",
                "processors": "minecraft:empty"
            }
        },
        {
            "weight": 5,
            "element": {
                "element_type": "minecraft:single_pool_element",
                "location": "wabi_sabi_structures:generic_jigsaws/entities/armor_stands/iron_armor/iron_armor_12",
                "projection": "rigid",
                "processors": "minecraft:empty"
            }
        },
        {
            "weight": 5,
            "element": {
                "element_type": "minecraft:single_pool_element",
                "location": "wabi_sabi_structures:generic_jigsaws/entities/armor_stands/iron_armor/iron_armor_13",
                "projection": "rigid",
                "processors": "minecraft:empty"
            }
        },
        {
            "weight": 5,
            "element": {
                "element_type": "minecraft:single_pool_element",
                "location": "wabi_sabi_structures:generic_jigsaws/entities/armor_stands/iron_armor/iron_armor_14",
                "projection": "rigid",
                "processors": "minecraft:empty"
            }
        },
        {
            "weight": 5,
            "element": {
                "element_type": "minecraft:single_pool_element",
                "location": "wabi_sabi_structures:generic_jigsaws/entities/armor_stands/iron_armor/iron_armor_15",
                "projection": "rigid",
                "processors": "minecraft:empty"
            }
        },
        {
            "weight": 5,
            "element": {
                "element_type": "minecraft:single_pool_element",
                "location": "wabi_sabi_structures:generic_jigsaws/entities/armor_stands/iron_armor/iron_armor_16",
                "projection": "rigid",
                "processors": "minecraft:empty"
            }
        },
        {
            "weight": 5,
            "element": {
                "element_type": "minecraft:single_pool_element",
                "location": "wabi_sabi_structures:generic_jigsaws/entities/armor_stands/iron_armor/iron_armor_17",
                "projection": "rigid",
                "processors": "minecraft:empty"
            }
        },
        {
            "weight": 5,
            "element": {
                "element_type": "minecraft:single_pool_element",
                "location": "wabi_sabi_structures:generic_jigsaws/entities/armor_stands/iron_armor/iron_armor_18",
                "projection": "rigid",
                "processors": "minecraft:empty"
            }
        },
        {
            "weight": 5,
            "element": {
                "element_type": "minecraft:single_pool_element",
                "location": "wabi_sabi_structures:generic_jigsaws/entities/armor_stands/iron_armor/iron_armor_19",
                "projection": "rigid",
                "processors": "minecraft:empty"
            }
        },
        {
            "weight": 5,
            "element": {
                "element_type": "minecraft:single_pool_element",
                "location": "wabi_sabi_structures:generic_jigsaws/entities/armor_stands/iron_armor/iron_armor_20",
                "projection": "rigid",
                "processors": "minecraft:empty"
            }
        },
        {
            "weight": 5,
            "element": {
                "element_type": "minecraft:single_pool_element",
                "location": "wabi_sabi_structures:generic_jigsaws/entities/armor_stands/iron_armor/iron_armor_21",
                "projection": "rigid",
                "processors": "minecraft:empty"
            }
        },
        {
            "weight": 5,
            "element": {
                "element_type": "minecraft:single_pool_element",
                "location": "wabi_sabi_structures:generic_jigsaws/entities/armor_stands/iron_armor/iron_armor_22",
                "projection": "rigid",
                "processors": "minecraft:empty"
            }
        },
        {
            "weight": 5,
            "element": {
                "element_type": "minecraft:single_pool_element",
                "location": "wabi_sabi_structures:generic_jigsaws/entities/armor_stands/iron_armor/iron_armor_23",
                "projection": "rigid",
                "processors": "minecraft:empty"
            }
        },
        {
            "weight": 5,
            "element": {
                "element_type": "minecraft:single_pool_element",
                "location": "wabi_sabi_structures:generic_jigsaws/entities/armor_stands/iron_armor/iron_armor_24",
                "projection": "rigid",
                "processors": "minecraft:empty"
            }
        },
        {
            "weight": 5,
            "element": {
                "element_type": "minecraft:single_pool_element",
                "location": "wabi_sabi_structures:generic_jigsaws/entities/armor_stands/iron_armor/iron_armor_25",
                "projection": "rigid",
                "processors": "minecraft:empty"
            }
        },
        {
            "weight": 5,
            "element": {
                "element_type": "minecraft:single_pool_element",
                "location": "wabi_sabi_structures:generic_jigsaws/entities/armor_stands/iron_armor/iron_armor_26",
                "projection": "rigid",
                "processors": "minecraft:empty"
            }
        },
        {
            "weight": 5,
            "element": {
                "element_type": "minecraft:single_pool_element",
                "location": "wabi_sabi_structures:generic_jigsaws/entities/armor_stands/iron_armor/iron_armor_27",
                "projection": "rigid",
                "processors": "minecraft:empty"
            }
        },
        {
            "weight": 5,
            "element": {
                "element_type": "minecraft:single_pool_element",
                "location": "wabi_sabi_structures:generic_jigsaws/entities/armor_stands/iron_armor/iron_armor_28",
                "projection": "rigid",
                "processors": "minecraft:empty"
            }
        },
        {
            "weight": 5,
            "element": {
                "element_type": "minecraft:single_pool_element",
                "location": "wabi_sabi_structures:generic_jigsaws/entities/armor_stands/iron_armor/iron_armor_29",
                "projection": "rigid",
                "processors": "minecraft:empty"
            }
        },
        {
            "weight": 5,
            "element": {
                "element_type": "minecraft:single_pool_element",
                "location": "wabi_sabi_structures:generic_jigsaws/entities/armor_stands/iron_armor/iron_armor_30",
                "projection": "rigid",
                "processors": "minecraft:empty"
            }
        },
        {
            "weight": 3,
            "element": {
                "element_type": "minecraft:single_pool_element",
                "location": "wabi_sabi_structures:generic_jigsaws/entities/armor_stands/chain_armor/chain_armor_1",
                "projection": "rigid",
                "processors": "minecraft:empty"
            }
        },
        {
            "weight": 3,
            "element": {
                "element_type": "minecraft:single_pool_element",
                "location": "wabi_sabi_structures:generic_jigsaws/entities/armor_stands/chain_armor/chain_armor_2",
                "projection": "rigid",
                "processors": "minecraft:empty"
            }
        },
        {
            "weight": 3,
            "element": {
                "element_type": "minecraft:single_pool_element",
                "location": "wabi_sabi_structures:generic_jigsaws/entities/armor_stands/chain_armor/chain_armor_3",
                "projection": "rigid",
                "processors": "minecraft:empty"
            }
        },
        {
            "weight": 3,
            "element": {
                "element_type": "minecraft:single_pool_element",
                "location": "wabi_sabi_structures:generic_jigsaws/entities/armor_stands/chain_armor/chain_armor_4",
                "projection": "rigid",
                "processors": "minecraft:empty"
            }
        },
        {
            "weight": 3,
            "element": {
                "element_type": "minecraft:single_pool_element",
                "location": "wabi_sabi_structures:generic_jigsaws/entities/armor_stands/chain_armor/chain_armor_5",
                "projection": "rigid",
                "processors": "minecraft:empty"
            }
        },
        {
            "weight": 3,
            "element": {
                "element_type": "minecraft:single_pool_element",
                "location": "wabi_sabi_structures:generic_jigsaws/entities/armor_stands/chain_armor/chain_armor_6",
                "projection": "rigid",
                "processors": "minecraft:empty"
            }
        },
        {
            "weight": 3,
            "element": {
                "element_type": "minecraft:single_pool_element",
                "location": "wabi_sabi_structures:generic_jigsaws/entities/armor_stands/chain_armor/chain_armor_7",
                "projection": "rigid",
                "processors": "minecraft:empty"
            }
        },
        {
            "weight": 3,
            "element": {
                "element_type": "minecraft:single_pool_element",
                "location": "wabi_sabi_structures:generic_jigsaws/entities/armor_stands/chain_armor/chain_armor_8",
                "projection": "rigid",
                "processors": "minecraft:empty"
            }
        },
        {
            "weight": 3,
            "element": {
                "element_type": "minecraft:single_pool_element",
                "location": "wabi_sabi_structures:generic_jigsaws/entities/armor_stands/chain_armor/chain_armor_9",
                "projection": "rigid",
                "processors": "minecraft:empty"
            }
        },
        {
            "weight": 3,
            "element": {
                "element_type": "minecraft:single_pool_element",
                "location": "wabi_sabi_structures:generic_jigsaws/entities/armor_stands/chain_armor/chain_armor_10",
                "projection": "rigid",
                "processors": "minecraft:empty"
            }
        },
        {
            "weight": 3,
            "element": {
                "element_type": "minecraft:single_pool_element",
                "location": "wabi_sabi_structures:generic_jigsaws/entities/armor_stands/chain_armor/chain_armor_11",
                "projection": "rigid",
                "processors": "minecraft:empty"
            }
        },
        {
            "weight": 3,
            "element": {
                "element_type": "minecraft:single_pool_element",
                "location": "wabi_sabi_structures:generic_jigsaws/entities/armor_stands/chain_armor/chain_armor_12",
                "projection": "rigid",
                "processors": "minecraft:empty"
            }
        },
        {
            "weight": 3,
            "element": {
                "element_type": "minecraft:single_pool_element",
                "location": "wabi_sabi_structures:generic_jigsaws/entities/armor_stands/chain_armor/chain_armor_13",
                "projection": "rigid",
                "processors": "minecraft:empty"
            }
        },
        {
            "weight": 3,
            "element": {
                "element_type": "minecraft:single_pool_element",
                "location": "wabi_sabi_structures:generic_jigsaws/entities/armor_stands/chain_armor/chain_armor_14",
                "projection": "rigid",
                "processors": "minecraft:empty"
            }
        },
        {
            "weight": 3,
            "element": {
                "element_type": "minecraft:single_pool_element",
                "location": "wabi_sabi_structures:generic_jigsaws/entities/armor_stands/chain_armor/chain_armor_15",
                "projection": "rigid",
                "processors": "minecraft:empty"
            }
        },
        {
            "weight": 3,
            "element": {
                "element_type": "minecraft:single_pool_element",
                "location": "wabi_sabi_structures:generic_jigsaws/entities/armor_stands/chain_armor/chain_armor_16",
                "projection": "rigid",
                "processors": "minecraft:empty"
            }
        },
        {
            "weight": 3,
            "element": {
                "element_type": "minecraft:single_pool_element",
                "location": "wabi_sabi_structures:generic_jigsaws/entities/armor_stands/chain_armor/chain_armor_17",
                "projection": "rigid",
                "processors": "minecraft:empty"
            }
        },
        {
            "weight": 3,
            "element": {
                "element_type": "minecraft:single_pool_element",
                "location": "wabi_sabi_structures:generic_jigsaws/entities/armor_stands/chain_armor/chain_armor_18",
                "projection": "rigid",
                "processors": "minecraft:empty"
            }
        },
        {
            "weight": 3,
            "element": {
                "element_type": "minecraft:single_pool_element",
                "location": "wabi_sabi_structures:generic_jigsaws/entities/armor_stands/chain_armor/chain_armor_19",
                "projection": "rigid",
                "processors": "minecraft:empty"
            }
        },
        {
            "weight": 3,
            "element": {
                "element_type": "minecraft:single_pool_element",
                "location": "wabi_sabi_structures:generic_jigsaws/entities/armor_stands/chain_armor/chain_armor_20",
                "projection": "rigid",
                "processors": "minecraft:empty"
            }
        },
        {
            "weight": 3,
            "element": {
                "element_type": "minecraft:single_pool_element",
                "location": "wabi_sabi_structures:generic_jigsaws/entities/armor_stands/chain_armor/chain_armor_21",
                "projection": "rigid",
                "processors": "minecraft:empty"
            }
        },
        {
            "weight": 3,
            "element": {
                "element_type": "minecraft:single_pool_element",
                "location": "wabi_sabi_structures:generic_jigsaws/entities/armor_stands/chain_armor/chain_armor_22",
                "projection": "rigid",
                "processors": "minecraft:empty"
            }
        },
        {
            "weight": 3,
            "element": {
                "element_type": "minecraft:single_pool_element",
                "location": "wabi_sabi_structures:generic_jigsaws/entities/armor_stands/chain_armor/chain_armor_23",
                "projection": "rigid",
                "processors": "minecraft:empty"
            }
        },
        {
            "weight": 3,
            "element": {
                "element_type": "minecraft:single_pool_element",
                "location": "wabi_sabi_structures:generic_jigsaws/entities/armor_stands/chain_armor/chain_armor_24",
                "projection": "rigid",
                "processors": "minecraft:empty"
            }
        },
        {
            "weight": 3,
            "element": {
                "element_type": "minecraft:single_pool_element",
                "location": "wabi_sabi_structures:generic_jigsaws/entities/armor_stands/chain_armor/chain_armor_25",
                "projection": "rigid",
                "processors": "minecraft:empty"
            }
        },
        {
            "weight": 3,
            "element": {
                "element_type": "minecraft:single_pool_element",
                "location": "wabi_sabi_structures:generic_jigsaws/entities/armor_stands/chain_armor/chain_armor_26",
                "projection": "rigid",
                "processors": "minecraft:empty"
            }
        },
        {
            "weight": 3,
            "element": {
                "element_type": "minecraft:single_pool_element",
                "location": "wabi_sabi_structures:generic_jigsaws/entities/armor_stands/chain_armor/chain_armor_27",
                "projection": "rigid",
                "processors": "minecraft:empty"
            }
        },
        {
            "weight": 3,
            "element": {
                "element_type": "minecraft:single_pool_element",
                "location": "wabi_sabi_structures:generic_jigsaws/entities/armor_stands/chain_armor/chain_armor_28",
                "projection": "rigid",
                "processors": "minecraft:empty"
            }
        },
        {
            "weight": 3,
            "element": {
                "element_type": "minecraft:single_pool_element",
                "location": "wabi_sabi_structures:generic_jigsaws/entities/armor_stands/chain_armor/chain_armor_29",
                "projection": "rigid",
                "processors": "minecraft:empty"
            }
        },
        {
            "weight": 3,
            "element": {
                "element_type": "minecraft:single_pool_element",
                "location": "wabi_sabi_structures:generic_jigsaws/entities/armor_stands/chain_armor/chain_armor_30",
                "projection": "rigid",
                "processors": "minecraft:empty"
            }
        },
        {
            "weight": 1,
            "element": {
                "element_type": "minecraft:single_pool_element",
                "location": "wabi_sabi_structures:generic_jigsaws/entities/armor_stands/golden_armor/golden_armor_1",
                "projection": "rigid",
                "processors": "minecraft:empty"
            }
        },
        {
            "weight": 1,
            "element": {
                "element_type": "minecraft:single_pool_element",
                "location": "wabi_sabi_structures:generic_jigsaws/entities/armor_stands/golden_armor/golden_armor_2",
                "projection": "rigid",
                "processors": "minecraft:empty"
            }
        },
        {
            "weight": 1,
            "element": {
                "element_type": "minecraft:single_pool_element",
                "location": "wabi_sabi_structures:generic_jigsaws/entities/armor_stands/golden_armor/golden_armor_3",
                "projection": "rigid",
                "processors": "minecraft:empty"
            }
        },
        {
            "weight": 1,
            "element": {
                "element_type": "minecraft:single_pool_element",
                "location": "wabi_sabi_structures:generic_jigsaws/entities/armor_stands/golden_armor/golden_armor_4",
                "projection": "rigid",
                "processors": "minecraft:empty"
            }
        },
        {
            "weight": 1,
            "element": {
                "element_type": "minecraft:single_pool_element",
                "location": "wabi_sabi_structures:generic_jigsaws/entities/armor_stands/golden_armor/golden_armor_5",
                "projection": "rigid",
                "processors": "minecraft:empty"
            }
        },
        {
            "weight": 1,
            "element": {
                "element_type": "minecraft:single_pool_element",
                "location": "wabi_sabi_structures:generic_jigsaws/entities/armor_stands/golden_armor/golden_armor_6",
                "projection": "rigid",
                "processors": "minecraft:empty"
            }
        },
        {
            "weight": 1,
            "element": {
                "element_type": "minecraft:single_pool_element",
                "location": "wabi_sabi_structures:generic_jigsaws/entities/armor_stands/golden_armor/golden_armor_7",
                "projection": "rigid",
                "processors": "minecraft:empty"
            }
        },
        {
            "weight": 1,
            "element": {
                "element_type": "minecraft:single_pool_element",
                "location": "wabi_sabi_structures:generic_jigsaws/entities/armor_stands/golden_armor/golden_armor_8",
                "projection": "rigid",
                "processors": "minecraft:empty"
            }
        },
        {
            "weight": 1,
            "element": {
                "element_type": "minecraft:single_pool_element",
                "location": "wabi_sabi_structures:generic_jigsaws/entities/armor_stands/golden_armor/golden_armor_9",
                "projection": "rigid",
                "processors": "minecraft:empty"
            }
        },
        {
            "weight": 1,
            "element": {
                "element_type": "minecraft:single_pool_element",
                "location": "wabi_sabi_structures:generic_jigsaws/entities/armor_stands/golden_armor/golden_armor_10",
                "projection": "rigid",
                "processors": "minecraft:empty"
            }
        },
        {
            "weight": 1,
            "element": {
                "element_type": "minecraft:single_pool_element",
                "location": "wabi_sabi_structures:generic_jigsaws/entities/armor_stands/golden_armor/golden_armor_11",
                "projection": "rigid",
                "processors": "minecraft:empty"
            }
        },
        {
            "weight": 1,
            "element": {
                "element_type": "minecraft:single_pool_element",
                "location": "wabi_sabi_structures:generic_jigsaws/entities/armor_stands/golden_armor/golden_armor_12",
                "projection": "rigid",
                "processors": "minecraft:empty"
            }
        },
        {
            "weight": 1,
            "element": {
                "element_type": "minecraft:single_pool_element",
                "location": "wabi_sabi_structures:generic_jigsaws/entities/armor_stands/golden_armor/golden_armor_13",
                "projection": "rigid",
                "processors": "minecraft:empty"
            }
        },
        {
            "weight": 1,
            "element": {
                "element_type": "minecraft:single_pool_element",
                "location": "wabi_sabi_structures:generic_jigsaws/entities/armor_stands/golden_armor/golden_armor_14",
                "projection": "rigid",
                "processors": "minecraft:empty"
            }
        },
        {
            "weight": 1,
            "element": {
                "element_type": "minecraft:single_pool_element",
                "location": "wabi_sabi_structures:generic_jigsaws/entities/armor_stands/golden_armor/golden_armor_15",
                "projection": "rigid",
                "processors": "minecraft:empty"
            }
        },
        {
            "weight": 1,
            "element": {
                "element_type": "minecraft:single_pool_element",
                "location": "wabi_sabi_structures:generic_jigsaws/entities/armor_stands/golden_armor/golden_armor_16",
                "projection": "rigid",
                "processors": "minecraft:empty"
            }
        },
        {
            "weight": 1,
            "element": {
                "element_type": "minecraft:single_pool_element",
                "location": "wabi_sabi_structures:generic_jigsaws/entities/armor_stands/golden_armor/golden_armor_17",
                "projection": "rigid",
                "processors": "minecraft:empty"
            }
        },
        {
            "weight": 1,
            "element": {
                "element_type": "minecraft:single_pool_element",
                "location": "wabi_sabi_structures:generic_jigsaws/entities/armor_stands/golden_armor/golden_armor_18",
                "projection": "rigid",
                "processors": "minecraft:empty"
            }
        },
        {
            "weight": 1,
            "element": {
                "element_type": "minecraft:single_pool_element",
                "location": "wabi_sabi_structures:generic_jigsaws/entities/armor_stands/golden_armor/golden_armor_19",
                "projection": "rigid",
                "processors": "minecraft:empty"
            }
        },
        {
            "weight": 1,
            "element": {
                "element_type": "minecraft:single_pool_element",
                "location": "wabi_sabi_structures:generic_jigsaws/entities/armor_stands/golden_armor/golden_armor_20",
                "projection": "rigid",
                "processors": "minecraft:empty"
            }
        },
        {
            "weight": 1,
            "element": {
                "element_type": "minecraft:single_pool_element",
                "location": "wabi_sabi_structures:generic_jigsaws/entities/armor_stands/golden_armor/golden_armor_21",
                "projection": "rigid",
                "processors": "minecraft:empty"
            }
        },
        {
            "weight": 1,
            "element": {
                "element_type": "minecraft:single_pool_element",
                "location": "wabi_sabi_structures:generic_jigsaws/entities/armor_stands/golden_armor/golden_armor_22",
                "projection": "rigid",
                "processors": "minecraft:empty"
            }
        },
        {
            "weight": 1,
            "element": {
                "element_type": "minecraft:single_pool_element",
                "location": "wabi_sabi_structures:generic_jigsaws/entities/armor_stands/golden_armor/golden_armor_23",
                "projection": "rigid",
                "processors": "minecraft:empty"
            }
        },
        {
            "weight": 1,
            "element": {
                "element_type": "minecraft:single_pool_element",
                "location": "wabi_sabi_structures:generic_jigsaws/entities/armor_stands/golden_armor/golden_armor_24",
                "projection": "rigid",
                "processors": "minecraft:empty"
            }
        },
        {
            "weight": 1,
            "element": {
                "element_type": "minecraft:single_pool_element",
                "location": "wabi_sabi_structures:generic_jigsaws/entities/armor_stands/golden_armor/golden_armor_25",
                "projection": "rigid",
                "processors": "minecraft:empty"
            }
        },
        {
            "weight": 1,
            "element": {
                "element_type": "minecraft:single_pool_element",
                "location": "wabi_sabi_structures:generic_jigsaws/entities/armor_stands/golden_armor/golden_armor_26",
                "projection": "rigid",
                "processors": "minecraft:empty"
            }
        },
        {
            "weight": 1,
            "element": {
                "element_type": "minecraft:single_pool_element",
                "location": "wabi_sabi_structures:generic_jigsaws/entities/armor_stands/golden_armor/golden_armor_27",
                "projection": "rigid",
                "processors": "minecraft:empty"
            }
        },
        {
            "weight": 1,
            "element": {
                "element_type": "minecraft:single_pool_element",
                "location": "wabi_sabi_structures:generic_jigsaws/entities/armor_stands/golden_armor/golden_armor_28",
                "projection": "rigid",
                "processors": "minecraft:empty"
            }
        },
        {
            "weight": 1,
            "element": {
                "element_type": "minecraft:single_pool_element",
                "location": "wabi_sabi_structures:generic_jigsaws/entities/armor_stands/golden_armor/golden_armor_29",
                "projection": "rigid",
                "processors": "minecraft:empty"
            }
        },
        {
            "weight": 1,
            "element": {
                "element_type": "minecraft:single_pool_element",
                "location": "wabi_sabi_structures:generic_jigsaws/entities/armor_stands/golden_armor/golden_armor_30",
                "projection": "rigid",
                "processors": "minecraft:empty"
            }
        }
    ]
}