{
	"type": "minecraft:jigsaw",
	"biomes": "#zhopo:has_structure/pale_mineshaft",
	"step": "underground_structures",
	"spawn_overrides": {},
	"terrain_adaptation": "none",
	"start_pool": "hopo:pale_mineshaft",
	"size": 2,
	"start_height": {
		"type": "minecraft:uniform",
		"min_inclusive": {
			"absolute": -88
		},
		"max_inclusive": {
			"absolute": -79
		}
	},
	"project_start_to_heightmap": "WORLD_SURFACE_WG",
	"max_distance_from_center": 86,
	"use_expansion_hack": false,
	"liquid_settings": "ignore_waterlogging"
}
