{
    "type": "minecraft:jigsaw",
    "biomes": "#zhopo:has_structure/spruce_mineshaft",
    "step": "underground_structures",
    "spawn_overrides": {},
    "terrain_adaptation": "none",
    "start_pool": "hopo:spruce_mineshaft",
    "size": 2,  
    "start_height": {
      "type": "minecraft:uniform",
      "min_inclusive": {
        "absolute": -20
      },
      "max_inclusive": {
        "absolute": -5
      }
    },
  "max_distance_from_center": 85,
	"use_expansion_hack": false,
	"liquid_settings": "ignore_waterlogging"
}   