{
  "criteria": {
    "requirement": {
      "trigger": "minecraft:entity_hurt_player",
      "conditions": {
        "player": [
          {
            "condition": "minecraft:random_chance",
            "chance": 0.35
          }
        ],
        "damage": {
          "blocked": false,
          "source_entity": {
            "type": "minecraft:spider",
            "nbt": "{Tags:[\"mmdp.deformation.mob.naturalized_spider\"]}"
          }
        }
      }
    }
  },
  "rewards": {
    "function": "mmdp.deformation:indimension/mob_attacks/deformated/naturalized_spider"
  }
}
