{
    "type": "minecraft:tree",
    "config": {
      "decorators": [
        {
          "type": "minecraft:alter_ground",
          "provider": {
            "type": "minecraft:weighted_state_provider",
            "entries": [
              {
                "weight": 5,
                "data": {
                  "Name": "minecraft:coarse_dirt"
                }
              },
              {
                "weight": 1,
                "data": {
                  "Name": "minecraft:rooted_dirt"
                }
              }
            ]
          }
        }
      ],
      "dirt_provider": {
        "type": "minecraft:simple_state_provider",
        "state": {
          "Name": "minecraft:dirt"
        }
      },
      "foliage_placer": {
        "type": "minecraft:bush_foliage_placer",
        "height": 3,
        "offset": 1,
        "radius": 2
      },
      "foliage_provider": {
        "type": "minecraft:simple_state_provider",
        "state": {
          "Name": "minecraft:oak_leaves",
          "Properties": {
            "distance": "7",
            "persistent": "false",
            "waterlogged": "false"
          }
        }
      },
      "force_dirt": false,
      "ignore_vines": false,
      "minimum_size": {
        "type": "minecraft:two_layers_feature_size",
        "limit": 0,
        "lower_size": 0,
        "upper_size": 0
      },
      "trunk_placer": {
        "type": "minecraft:straight_trunk_placer",
        "base_height": 1,
        "height_rand_a": 0,
        "height_rand_b": 0
      },
      "trunk_provider": {
        "type": "minecraft:simple_state_provider",
        "state": {
          "Name": "minecraft:oak_log",
          "Properties": {
            "axis": "y"
          }
        }
      }
    }
  }