{
  "elements": [
    {
      "element": {
        "element_type": "minecraft:legacy_single_pool_element",
        "location": "ddd:dungeon/desert/small_decorations/deco_1",
        "processors": "ddd:sandstone_texture",
        "projection": "rigid"
      },
      "weight": 1
    },
    {
      "element": {
        "element_type": "minecraft:legacy_single_pool_element",
        "location": "ddd:dungeon/desert/small_decorations/deco_2",
        "processors": "ddd:sandstone_texture",
        "projection": "rigid"
      },
      "weight": 1
    },
    {
      "element": {
        "element_type": "minecraft:legacy_single_pool_element",
        "location": "ddd:dungeon/desert/small_decorations/deco_3",
        "processors": "ddd:sandstone_texture",
        "projection": "rigid"
      },
      "weight": 1
    },
    {
      "element": {
        "element_type": "minecraft:legacy_single_pool_element",
        "location": "ddd:dungeon/desert/small_decorations/deco_4",
        "processors": "ddd:sandstone_texture",
        "projection": "rigid"
      },
      "weight": 1
    },
    {
      "element": {
        "element_type": "minecraft:legacy_single_pool_element",
        "location": "ddd:dungeon/desert/small_decorations/deco_5",
        "processors": "ddd:sandstone_texture",
        "projection": "rigid"
      },
      "weight": 1
    },
    {
      "element": {
        "element_type": "minecraft:legacy_single_pool_element",
        "location": "ddd:dungeon/desert/small_decorations/deco_6",
        "processors": "ddd:sandstone_texture",
        "projection": "rigid"
      },
      "weight": 1
    },
    {
      "element": {
        "element_type": "minecraft:legacy_single_pool_element",
        "location": "ddd:dungeon/desert/small_decorations/deco_7",
        "processors": "ddd:sandstone_texture",
        "projection": "rigid"
      },
      "weight": 1
    },
    {
      "element": {
        "element_type": "minecraft:legacy_single_pool_element",
        "location": "ddd:dungeon/desert/small_decorations/deco_8",
        "processors": "ddd:sandstone_texture",
        "projection": "rigid"
      },
      "weight": 1
    },
    {
      "element": {
        "element_type": "minecraft:legacy_single_pool_element",
        "location": "ddd:dungeon/desert/small_decorations/deco_9",
        "processors": "ddd:sandstone_texture",
        "projection": "rigid"
      },
      "weight": 1
    },
    {
      "element": {
        "element_type": "minecraft:legacy_single_pool_element",
        "location": "ddd:dungeon/desert/small_decorations/deco_10",
        "processors": "ddd:sandstone_texture",
        "projection": "rigid"
      },
      "weight": 1
    },
    {
      "element": {
        "element_type": "minecraft:legacy_single_pool_element",
        "location": "ddd:dungeon/desert/small_decorations/deco_11",
        "processors": "ddd:sandstone_texture",
        "projection": "rigid"
      },
      "weight": 1
    }

  ],
  "fallback": "minecraft:empty"
}