{
    "feature": "enhanced_woods:trees/birch/birch_tree_old_2",
    "placement": [
      {
        "type": "minecraft:count",
        "count": 4
      },
      {
        "type": "minecraft:in_square"
      },
      {
        "type": "minecraft:heightmap",
        "heightmap": "MOTION_BLOCKING_NO_LEAVES"
      },
      {
        "type": "minecraft:biome"
      },
      {
        "type": "rarity_filter",
        "chance": 5
      },
      {
        "type": "minecraft:block_predicate_filter",
        "predicate": {
          "type": "minecraft:matching_blocks",
          "offset": [
            0,
            -1,
            0
          ],
          "blocks": [
            "minecraft:grass_block",
            "coarse_dirt",
            "rooted_dirt",
            "minecraft:dirt"
          ]
        }
      }
    ]
  }