{
  "elements": [
    {
	  "name": "ddd:dungeon/spider/main",
      "element": {
        "element_type": "minecraft:legacy_single_pool_element",
        "location": "ddd:dungeon/spider/main/main_2",
        "processors": "ddd:spider_cave",
        "projection": "rigid"
      },
      "weight": 2
    },
    {
      "element": {
        "element_type": "minecraft:legacy_single_pool_element",
        "location": "ddd:dungeon/spider/main/main_2",
        "processors": "ddd:spider_cave",
        "projection": "rigid"
      },
      "weight": 2
    }
  ],
  "fallback": "minecraft:empty"
}