{
  "parent": "minecraft:adventure/root",
  "criteria": {
    "enter_dungeon": {
      "conditions": {
        "player": [
          {
            "condition": "minecraft:entity_properties",
            "entity": "this",
            "predicate": {
              "location": {
                "structures": "#ddd:dungeon"
              }
            }
          }
        ]
      },
      "trigger": "minecraft:location"
    }
  },
  "display": {
    "announce_to_chat": true,
    "description": {
      "translate": "Find the ancient ruins"
    },
    "icon": {
      "count": 1,
      "id": "minecraft:skeleton_skull"
    },
    "title": {
      "translate": "A deadly deadly dungeon"
    }
  },
  "requirements": [
    [
      "enter_dungeon"
    ]
  ],
    "rewards": {
    "experience": 20
  },
  "sends_telemetry_event": true
}