{
    "processors": [
        {
            "processor_type": "minecraft:rule",
            "rules": [
                {
                    "location_predicate": {
                        "predicate_type": "minecraft:always_true"
                    },
                    "input_predicate": {
                        "predicate_type": "minecraft:random_block_match",
                        "block": "minecraft:brown_wall_banner",
                        "probability": 0.5
                    },
                    "output_state": {
                        "Name": "minecraft:air"
                    }
                }
            ]
        },
        {
            "processor_type": "minecraft:rule",
            "rules": [
                {
                    "location_predicate": {
                        "predicate_type": "minecraft:always_true"
                    },
                    "input_predicate": {
                        "predicate_type": "minecraft:random_block_match",
                        "block": "minecraft:cobweb",
                        "probability": 0.9
                    },
                    "output_state": {
                        "Name": "minecraft:air"
                    }
                }
            ]
        },
        {
            "processor_type": "minecraft:rule",
            "rules": [
                {
                    "location_predicate": {
                        "predicate_type": "minecraft:always_true"
                    },
                    "input_predicate": {
                        "predicate_type": "minecraft:random_block_match",
                        "block": "minecraft:glass_pane",
                        "probability": 0.25
                    },
                    "output_state": {
                        "Name": "minecraft:air"
                    }
                },
                {
                    "location_predicate": {
                        "predicate_type": "minecraft:always_true"
                    },
                    "input_predicate": {
                        "predicate_type": "minecraft:random_blockstate_match",
                        "block_state": {
                            "Name": "minecraft:glass_pane",
                            "Properties": {
                                "waterlogged": "false",
                                "east": "true",
                                "west": "true",
                                "south": "false",
                                "north": "false"
                            }
                        },
                        "probability": 0.25
                    },
                    "output_state": {
                        "Name": "minecraft:glass_pane",
                        "Properties": {
                            "waterlogged": "false",
                            "east": "true",
                            "north": "false",
                            "south": "false",
                            "west": "false"
                        }
                    }
                },
                {
                    "location_predicate": {
                        "predicate_type": "minecraft:always_true"
                    },
                    "input_predicate": {
                        "predicate_type": "minecraft:random_blockstate_match",
                        "block_state": {
                            "Name": "minecraft:glass_pane",
                            "Properties": {
                                "waterlogged": "false",
                                "east": "true",
                                "west": "true",
                                "north": "false",
                                "south": "false"
                            }
                        },
                        "probability": 0.25
                    },
                    "output_state": {
                        "Name": "minecraft:glass_pane",
                        "Properties": {
                            "waterlogged": "false",
                            "east": "false",
                            "north": "false",
                            "south": "false",
                            "west": "true"
                        }
                    }
                },
                {
                    "location_predicate": {
                        "predicate_type": "minecraft:always_true"
                    },
                    "input_predicate": {
                        "predicate_type": "minecraft:random_blockstate_match",
                        "block_state": {
                            "Name": "minecraft:glass_pane",
                            "Properties": {
                                "waterlogged": "false",
                                "east": "false",
                                "north": "true",
                                "south": "true",
                                "west": "false"
                            }
                        },
                        "probability": 0.25
                    },
                    "output_state": {
                        "Name": "minecraft:glass_pane",
                        "Properties": {
                            "waterlogged": "false",
                            "east": "false",
                            "north": "true",
                            "south": "false",
                            "west": "false"
                        }
                    }
                },
                {
                    "location_predicate": {
                        "predicate_type": "minecraft:always_true"
                    },
                    "input_predicate": {
                        "predicate_type": "minecraft:random_blockstate_match",
                        "block_state": {
                            "Name": "minecraft:glass_pane",
                            "Properties": {
                                "waterlogged": "false",
                                "east": "false",
                                "north": "true",
                                "south": "true",
                                "west": "false"
                            }
                        },
                        "probability": 0.25
                    },
                    "output_state": {
                        "Name": "minecraft:glass_pane",
                        "Properties": {
                            "waterlogged": "false",
                            "east": "false",
                            "north": "false",
                            "south": "true",
                            "west": "false"
                        }
                    }
                }
            ]
        },
        {
            "processor_type": "minecraft:rule",
            "rules": [
                {
                    "location_predicate": {
                        "predicate_type": "minecraft:always_true"
                    },
                    "input_predicate": {
                        "predicate_type": "minecraft:random_block_match",
                        "block": "minecraft:bamboo_planks",
                        "probability": 0.0625
                    },
                    "output_state": {
                        "Name": "minecraft:oak_stairs",
                        "Properties": {
                            "shape": "straight",
                            "waterlogged": "false",
                            "facing": "north",
                            "half": "top"
                        }
                    }
                },
                {
                    "location_predicate": {
                        "predicate_type": "minecraft:always_true"
                    },
                    "input_predicate": {
                        "predicate_type": "minecraft:random_block_match",
                        "block": "minecraft:bamboo_planks",
                        "probability": 0.0625
                    },
                    "output_state": {
                        "Name": "minecraft:oak_stairs",
                        "Properties": {
                            "shape": "straight",
                            "waterlogged": "false",
                            "facing": "south",
                            "half": "top"
                        }
                    }
                },
                {
                    "location_predicate": {
                        "predicate_type": "minecraft:always_true"
                    },
                    "input_predicate": {
                        "predicate_type": "minecraft:random_block_match",
                        "block": "minecraft:bamboo_planks",
                        "probability": 0.0625
                    },
                    "output_state": {
                        "Name": "minecraft:oak_stairs",
                        "Properties": {
                            "shape": "straight",
                            "waterlogged": "false",
                            "facing": "west",
                            "half": "top"
                        }
                    }
                },
                {
                    "location_predicate": {
                        "predicate_type": "minecraft:always_true"
                    },
                    "input_predicate": {
                        "predicate_type": "minecraft:random_block_match",
                        "block": "minecraft:bamboo_planks",
                        "probability": 0.0625
                    },
                    "output_state": {
                        "Name": "minecraft:oak_stairs",
                        "Properties": {
                            "shape": "straight",
                            "waterlogged": "false",
                            "facing": "east",
                            "half": "top"
                        }
                    }
                },
                {
                    "location_predicate": {
                        "predicate_type": "minecraft:always_true"
                    },
                    "input_predicate": {
                        "predicate_type": "minecraft:random_block_match",
                        "block": "minecraft:bamboo_planks",
                        "probability": 0.0625
                    },
                    "output_state": {
                        "Name": "minecraft:oak_stairs",
                        "Properties": {
                            "shape": "straight",
                            "waterlogged": "false",
                            "facing": "north",
                            "half": "bottom"
                        }
                    }
                },
                {
                    "location_predicate": {
                        "predicate_type": "minecraft:always_true"
                    },
                    "input_predicate": {
                        "predicate_type": "minecraft:random_block_match",
                        "block": "minecraft:bamboo_planks",
                        "probability": 0.0625
                    },
                    "output_state": {
                        "Name": "minecraft:oak_stairs",
                        "Properties": {
                            "shape": "straight",
                            "waterlogged": "false",
                            "facing": "south",
                            "half": "bottom"
                        }
                    }
                },
                {
                    "location_predicate": {
                        "predicate_type": "minecraft:always_true"
                    },
                    "input_predicate": {
                        "predicate_type": "minecraft:random_block_match",
                        "block": "minecraft:bamboo_planks",
                        "probability": 0.0625
                    },
                    "output_state": {
                        "Name": "minecraft:oak_stairs",
                        "Properties": {
                            "shape": "straight",
                            "waterlogged": "false",
                            "facing": "west",
                            "half": "bottom"
                        }
                    }
                },
                {
                    "location_predicate": {
                        "predicate_type": "minecraft:always_true"
                    },
                    "input_predicate": {
                        "predicate_type": "minecraft:random_block_match",
                        "block": "minecraft:bamboo_planks",
                        "probability": 0.0625
                    },
                    "output_state": {
                        "Name": "minecraft:oak_stairs",
                        "Properties": {
                            "shape": "straight",
                            "waterlogged": "false",
                            "facing": "east",
                            "half": "bottom"
                        }
                    }
                },
                {
                    "location_predicate": {
                        "predicate_type": "minecraft:always_true"
                    },
                    "input_predicate": {
                        "predicate_type": "minecraft:block_match",
                        "block": "minecraft:bamboo_planks"
                    },
                    "output_state": {
                        "Name": "minecraft:oak_slab",
                        "Properties": {
                            "type": "bottom",
                            "waterlogged": "false"
                        }
                    }
                },
                {
                    "location_predicate": {
                        "predicate_type": "minecraft:always_true"
                    },
                    "input_predicate": {
                        "predicate_type": "minecraft:random_block_match",
                        "block": "minecraft:bamboo_slab",
                        "probability": 0.25
                    },
                    "output_state": {
                        "Name": "minecraft:air"
                    }
                },
                {
                    "location_predicate": {
                        "predicate_type": "minecraft:always_true"
                    },
                    "input_predicate": {
                        "predicate_type": "minecraft:blockstate_match",
                        "block_state": {
                            "Name": "minecraft:bamboo_slab",
                            "Properties": {
                                "type": "bottom",
                                "waterlogged": "false"
                            }
                        }
                    },
                    "output_state": {
                        "Name": "minecraft:oak_slab",
                        "Properties": {
                            "type": "bottom",
                            "waterlogged": "false"
                        }
                    }
                },
                {
                    "location_predicate": {
                        "predicate_type": "minecraft:always_true"
                    },
                    "input_predicate": {
                        "predicate_type": "minecraft:blockstate_match",
                        "block_state": {
                            "Name": "minecraft:bamboo_slab",
                            "Properties": {
                                "type": "top",
                                "waterlogged": "false"
                            }
                        }
                    },
                    "output_state": {
                        "Name": "minecraft:oak_slab",
                        "Properties": {
                            "type": "top",
                            "waterlogged": "false"
                        }
                    }
                }
            ]
        },
        {
            "processor_type": "minecraft:rule",
            "rules": [
                {
                    "location_predicate": {
                        "predicate_type": "minecraft:always_true"
                    },
                    "input_predicate": {
                        "predicate_type": "minecraft:random_block_match",
                        "block": "minecraft:oak_planks",
                        "probability": 0.0625
                    },
                    "output_state": {
                        "Name": "minecraft:oak_stairs",
                        "Properties": {
                            "shape": "straight",
                            "waterlogged": "false",
                            "facing": "north",
                            "half": "top"
                        }
                    }
                },
                {
                    "location_predicate": {
                        "predicate_type": "minecraft:always_true"
                    },
                    "input_predicate": {
                        "predicate_type": "minecraft:random_block_match",
                        "block": "minecraft:oak_planks",
                        "probability": 0.0625
                    },
                    "output_state": {
                        "Name": "minecraft:oak_stairs",
                        "Properties": {
                            "shape": "straight",
                            "waterlogged": "false",
                            "facing": "south",
                            "half": "top"
                        }
                    }
                },
                {
                    "location_predicate": {
                        "predicate_type": "minecraft:always_true"
                    },
                    "input_predicate": {
                        "predicate_type": "minecraft:random_block_match",
                        "block": "minecraft:oak_planks",
                        "probability": 0.0625
                    },
                    "output_state": {
                        "Name": "minecraft:oak_stairs",
                        "Properties": {
                            "shape": "straight",
                            "waterlogged": "false",
                            "facing": "west",
                            "half": "top"
                        }
                    }
                },
                {
                    "location_predicate": {
                        "predicate_type": "minecraft:always_true"
                    },
                    "input_predicate": {
                        "predicate_type": "minecraft:random_block_match",
                        "block": "minecraft:oak_planks",
                        "probability": 0.0625
                    },
                    "output_state": {
                        "Name": "minecraft:oak_stairs",
                        "Properties": {
                            "shape": "straight",
                            "waterlogged": "false",
                            "facing": "east",
                            "half": "top"
                        }
                    }
                },
                {
                    "location_predicate": {
                        "predicate_type": "minecraft:always_true"
                    },
                    "input_predicate": {
                        "predicate_type": "minecraft:random_block_match",
                        "block": "minecraft:oak_planks",
                        "probability": 0.0625
                    },
                    "output_state": {
                        "Name": "minecraft:oak_stairs",
                        "Properties": {
                            "shape": "straight",
                            "waterlogged": "false",
                            "facing": "north",
                            "half": "bottom"
                        }
                    }
                },
                {
                    "location_predicate": {
                        "predicate_type": "minecraft:always_true"
                    },
                    "input_predicate": {
                        "predicate_type": "minecraft:random_block_match",
                        "block": "minecraft:oak_planks",
                        "probability": 0.0625
                    },
                    "output_state": {
                        "Name": "minecraft:oak_stairs",
                        "Properties": {
                            "shape": "straight",
                            "waterlogged": "false",
                            "facing": "south",
                            "half": "bottom"
                        }
                    }
                },
                {
                    "location_predicate": {
                        "predicate_type": "minecraft:always_true"
                    },
                    "input_predicate": {
                        "predicate_type": "minecraft:random_block_match",
                        "block": "minecraft:oak_planks",
                        "probability": 0.0625
                    },
                    "output_state": {
                        "Name": "minecraft:oak_stairs",
                        "Properties": {
                            "shape": "straight",
                            "waterlogged": "false",
                            "facing": "west",
                            "half": "bottom"
                        }
                    }
                },
                {
                    "location_predicate": {
                        "predicate_type": "minecraft:always_true"
                    },
                    "input_predicate": {
                        "predicate_type": "minecraft:random_block_match",
                        "block": "minecraft:oak_planks",
                        "probability": 0.0625
                    },
                    "output_state": {
                        "Name": "minecraft:oak_stairs",
                        "Properties": {
                            "shape": "straight",
                            "waterlogged": "false",
                            "facing": "east",
                            "half": "bottom"
                        }
                    }
                }
            ]
        },
        {
            "processor_type": "minecraft:rule",
            "rules": [
                {
                    "location_predicate": {
                        "predicate_type": "minecraft:always_true"
                    },
                    "input_predicate": {
                        "predicate_type": "minecraft:random_block_match",
                        "block": "minecraft:spruce_slab",
                        "probability": 0.25
                    },
                    "output_state": {
                        "Name": "minecraft:air"
                    }
                },
                {
                    "location_predicate": {
                        "predicate_type": "minecraft:always_true"
                    },
                    "input_predicate": {
                        "predicate_type": "minecraft:random_blockstate_match",
                        "block_state": {
                            "Name": "minecraft:spruce_slab",
                            "Properties": {
                                "type": "double",
                                "waterlogged": "false"
                            }
                        },
                        "probability": 0.25
                    },
                    "output_state": {
                        "Name": "minecraft:spruce_slab",
                        "Properties": {
                            "type": "bottom",
                            "waterlogged": "false"
                        }
                    }
                },
                {
                    "location_predicate": {
                        "predicate_type": "minecraft:always_true"
                    },
                    "input_predicate": {
                        "predicate_type": "minecraft:random_block_match",
                        "block": "minecraft:spruce_trapdoor",
                        "probability": 0.25
                    },
                    "output_state": {
                        "Name": "minecraft:air"
                    }
                }
            ]
        },
        {
            "processor_type": "minecraft:rule",
            "rules": [
                {
                    "location_predicate": {
                        "predicate_type": "minecraft:always_true"
                    },
                    "input_predicate": {
                        "predicate_type": "minecraft:random_block_match",
                        "block": "minecraft:stripped_bamboo_block",
                        "probability": 0.25
                    },
                    "output_state": {
                        "Name": "minecraft:air"
                    }
                },
                {
                    "location_predicate": {
                        "predicate_type": "minecraft:always_true"
                    },
                    "input_predicate": {
                        "predicate_type": "minecraft:blockstate_match",
                        "block_state": {
                            "Name": "minecraft:stripped_bamboo_block",
                            "Properties": {
                                "axis": "y"
                            }
                        }
                    },
                    "output_state": {
                        "Name": "minecraft:stripped_oak_log",
                        "Properties": {
                            "axis": "y"
                        }
                    }
                },
                {
                    "location_predicate": {
                        "predicate_type": "minecraft:always_true"
                    },
                    "input_predicate": {
                        "predicate_type": "minecraft:blockstate_match",
                        "block_state": {
                            "Name": "minecraft:stripped_bamboo_block",
                            "Properties": {
                                "axis": "x"
                            }
                        }
                    },
                    "output_state": {
                        "Name": "minecraft:stripped_oak_log",
                        "Properties": {
                            "axis": "x"
                        }
                    }
                },
                {
                    "location_predicate": {
                        "predicate_type": "minecraft:always_true"
                    },
                    "input_predicate": {
                        "predicate_type": "minecraft:blockstate_match",
                        "block_state": {
                            "Name": "minecraft:stripped_bamboo_block",
                            "Properties": {
                                "axis": "z"
                            }
                        }
                    },
                    "output_state": {
                        "Name": "minecraft:stripped_oak_log",
                        "Properties": {
                            "axis": "z"
                        }
                    }
                }
            ]
        }
    ]
}