{
    "criteria": {
        "requirement": {
            "trigger": "minecraft:inventory_changed",
            "conditions": {
                "items": [{
                    "items": [
                        "minecraft:structure_block"
                    ]
                }]
            }
        }
    },
    "rewards": {
        "recipes": [
            "roguecraft:skillpoint_1",
            "roguecraft:skillpoint_2",
            "roguecraft:skillpoint_3"
        ]
    }
}