{"parent": "minecraft:end/find_end_city", "criteria": {"levitated": {"conditions": {"distance": {"y": {"min": 50.0}}}, "trigger": "minecraft:levitation"}}, "display": {"description": {"translate": "advancements.end.levitate.description"}, "frame": "challenge", "icon": {"count": 1, "id": "minecraft:shulker_shell"}, "title": {"translate": "advancements.end.levitate.title"}}, "requirements": [["levitated"]], "rewards": {"function": "roguecraft:skillpoints/advancement"}, "sends_telemetry_event": true}