{
  "type": "minecraft:tree",
  "config": {
    "decorators": [],
    "dirt_provider": {
      "type": "minecraft:simple_state_provider",
      "state": {
        "Name": "minecraft:dirt"
      }
    },
    "foliage_placer": {
      "type": "minecraft:cherry_foliage_placer",
      "offset": 1,
      "radius": 4,
      "height": 5,
      "wide_bottom_layer_hole_chance": 0.2,
      "corner_hole_chance": 0.5,
      "hanging_leaves_chance": 0.6,
      "hanging_leaves_extension_chance": 0.3
    },
    "foliage_provider": {
      "type": "minecraft:weighted_state_provider",
      "entries": [
        {
          "weight": 1,
          "data": {
            "Name": "minecraft:flowering_azalea_leaves"
          }
        },
        {
          "weight": 3,
          "data": {
            "Name": "minecraft:azalea_leaves"
          }
        }
      ]
    },
    "force_dirt": false,
    "ignore_vines": true,
    "minimum_size": {
      "type": "minecraft:two_layers_feature_size",
      "limit": 1,
      "lower_size": 0,
      "upper_size": 1
    },
    "trunk_placer": {
      "type": "minecraft:cherry_trunk_placer",
      "base_height": 6,
      "height_rand_a": 2,
      "height_rand_b": 0,
      "branch_count": 2,
      "branch_horizontal_length": 2,
      "branch_start_offset_from_top": {
        "min_inclusive": -1,
        "max_inclusive": 0
      },
      "branch_end_offset_from_top": 0
    },
    "trunk_provider": {
      "type": "minecraft:simple_state_provider",
      "state": {
        "Name": "minecraft:oak_log",
        "Properties": {
          "axis": "y"
        }
      }
    }
  }
}