{
  "type": "minecraft:entity",
  "pools": [
    {
      "rolls": 1,
      "entries": [
        {
          "type": "minecraft:loot_table",
          "value": "mmdp.deformation:items/delusioner_arrow",
          "functions": [
            {
              "function": "minecraft:set_count",
              "count": {
                "min": 11,
                "max": 17
              },
              "add": false
            }
          ],
          "conditions": [
            {
              "condition": "minecraft:random_chance_with_enchanted_bonus",
              "enchantment": "minecraft:looting",
              "unenchanted_chance": 0.17,
              "enchanted_chance": {
                "type": "minecraft:linear",
                "base": 0.19,
                "per_level_above_first": 0.02
              }
            }
          ]
        }
      ]
    }
  ]
}
