{
  "feature": "scorched:tree/tree_feature_stack_red",
  "placement": [
    {
      "type": "minecraft:height_range",
      "height": {
        "type": "minecraft:uniform",
        "min_inclusive": {
          "absolute": 0
        },
        "max_inclusive": {
          "absolute": 99
        }
      }
    },
    {
      "type": "minecraft:count",
      "count": {
        "type": "minecraft:uniform",
          "min_inclusive": 1,
          "max_inclusive": 1
        
      }
    },
    {
      "type": "minecraft:rarity_filter",
      "chance": 20
    },
    {
      "type": "minecraft:in_square"
    },
    {
      "type": "minecraft:surface_water_depth_filter",
      "max_water_depth": 0
    },
    {
      "type": "minecraft:heightmap",
      "heightmap": "OCEAN_FLOOR"
    },
    {
      "type": "minecraft:biome"
    }
  ]
}
