{
	"criteria": {
		"click-interaction": {
			"trigger": "minecraft:player_interacted_with_entity",
			"conditions": {
				"entity": {
					"type": "minecraft:interaction",
					"nbt": "{Tags:[\"grave\"]}"
				}
			}
		},
		"hit-interaction": {
			"trigger": "minecraft:player_hurt_entity",
			"conditions": {
				"entity": {
					"type": "minecraft:interaction",
					"nbt": "{Tags:[\"grave\"]}"
				}
			}
		}
	},
	"requirements": [[
		"click-interaction",
		"hit-interaction"
	]],
	"rewards": { "function": "conures:graves/click_interaction" }
}