{
  "display": {
    "icon": {
      "id": "minecraft:basalt"
    },
    "title": {
      "text": "C'mon geys"
    },
    "description": {
      "text": "Get launched by a geyser in the volcanic caves"
    },
    "frame": "task",
    "show_toast": true,
    "announce_to_chat": true,
    "hidden": false
  },
  "parent": "cavernous:scorching_spelunker",
  "criteria": {
    "what": {
      "trigger": "minecraft:location",
      "conditions": {
        "player": {
          "location": {
            "biomes": "cavernous:volcanic_caves"
          },
          "effects": {
            "minecraft:levitation": {
              "amplifier": 75,
              "duration": 1
            }
          }
        }
      }
    }
  }
}
