{
	"display": {
		"icon": {
			"id": "minecraft:lantern"
		},
		"title": {
			"text": "Peace of mine"
		},
		"description": {
			"text": "Explore all cave biomes",
			"color": "dark_purple"
		},
		"frame": "challenge",
		"show_toast": true,
		"announce_to_chat": true,
		"hidden": false
	},
	"parent": "cavernous:getting_to_the_point",
	"criteria": {
		"arid_caves": {
			"trigger": "minecraft:location",
			"conditions": {
				"player": {
					"location": {
						"biomes": "cavernous:arid_caves"
					}
				}
			}
		},
		"caldera_caves": {
			"trigger": "minecraft:location",
			"conditions": {
				"player": {
					"location": {
						"biomes": "cavernous:caldera_caves"
					}
				}
			}
		},
		"caves": {
			"trigger": "minecraft:location",
			"conditions": {
				"player": {
					"location": {
						"biomes": "cavernous:caves"
					}
				}
			}
		},
		"crystal_caves": {
			"trigger": "minecraft:location",
			"conditions": {
				"player": {
					"location": {
						"biomes": "cavernous:crystal_caves"
					}
				}
			}
		},
		"desert_caves": {
			"trigger": "minecraft:location",
			"conditions": {
				"player": {
					"location": {
						"biomes": "cavernous:desert_caves"
					}
				}
			}
		},
		"fungal_caves": {
			"trigger": "minecraft:location",
			"conditions": {
				"player": {
					"location": {
						"biomes": "cavernous:fungal_caves"
					}
				}
			}
		},
		"glowshroom_caves": {
			"trigger": "minecraft:location",
			"conditions": {
				"player": {
					"location": {
						"biomes": "cavernous:glowshroom_caves"
					}
				}
			}
		},
		"icy_caves": {
			"trigger": "minecraft:location",
			"conditions": {
				"player": {
					"location": {
						"biomes": "cavernous:icy_caves"
					}
				}
			}
		},
		"lush_dripstone_caves": {
			"trigger": "minecraft:location",
			"conditions": {
				"player": {
					"location": {
						"biomes": "cavernous:lush_dripstone_caves"
					}
				}
			}
		},
		"marble_caves": {
			"trigger": "minecraft:location",
			"conditions": {
				"player": {
					"location": {
						"biomes": "cavernous:marble_caves"
					}
				}
			}
		},
		"marshy_caves": {
			"trigger": "minecraft:location",
			"conditions": {
				"player": {
					"location": {
						"biomes": "cavernous:marshy_caves"
					}
				}
			}
		},
		"painted_caves": {
			"trigger": "minecraft:location",
			"conditions": {
				"player": {
					"location": {
						"biomes": "cavernous:painted_caves"
					}
				}
			}
		},
		"splattered_caves": {
			"trigger": "minecraft:location",
			"conditions": {
				"player": {
					"location": {
						"biomes": "cavernous:splattered_caves"
					}
				}
			}
		},
		"tropical_caves": {
			"trigger": "minecraft:location",
			"conditions": {
				"player": {
					"location": {
						"biomes": "cavernous:tropical_caves"
					}
				}
			}
		},
		"volcanic_caves": {
			"trigger": "minecraft:location",
			"conditions": {
				"player": {
					"location": {
						"biomes": "cavernous:volcanic_caves"
					}
				}
			}
		}
	}
}
