{
    "display": {
        "title": {
            "text": "Getting to the point"
        },
        "description": {
            "text": "Visited all caves with dripstone"
        },
        "icon": {
            "id": "minecraft:pointed_dripstone"
        },
        "frame": "task",
        "show_toast": true,
        "announce_to_chat": true,
        "hidden": false
    },
    "criteria": {
          "cavernous:dripstone/lush_dripstone_caves": {
            "conditions": {
              "player": [
                {
                  "condition": "minecraft:entity_properties",
                  "entity": "this",
                  "predicate": {
                    "location": {
                      "biomes": "cavernous:lush_dripstone_caves"
                    }
                  }
                }
              ]
            },
            "trigger": "minecraft:location"
          },
          "minecraft:dripstone_caves": {
            "conditions": {
              "player": [
                {
                  "condition": "minecraft:entity_properties",
                  "entity": "this",
                  "predicate": {
                    "location": {
                      "biomes": "minecraft:dripstone_caves"
                    }
                  }
                }
              ]
            },
            "trigger": "minecraft:location"
          }
    },
    "parent": "cavernous:breaking_ground"
}