{
    "display": {
      "icon": {
        "id": "minecraft:pointed_dripstone"
      },
      "title": {
        "text": "Cavernous"
      },
      "description": {
        "text": "Cavernous advancements"
      },
      "background": "minecraft:textures/block/deepslate.png",
      "frame": "task",
      "show_toast": false,
      "announce_to_chat": false,
      "hidden": false
    },
    "criteria": {
      "makepickaxe": {
        "trigger": "minecraft:inventory_changed",
        "conditions": {
          "items": [
            {
              "items": "#minecraft:pickaxes"
            }
          ]
        }
      }
    }
  }
  