{
    "display": {
        "title": {
            "text": "Scorching Spelunk"
        },
        "description": {
            "text": "Find a volcanic cave"
        },
        "icon": {
            "id": "minecraft:smooth_basalt"
        },
        "frame": "task",
        "show_toast": true,
        "announce_to_chat": true,
        "hidden": false
    },
    "criteria": {
          "cavernous:the_undergrowth": {
            "conditions": {
              "player": [
                {
                  "condition": "minecraft:entity_properties",
                  "entity": "this",
                  "predicate": {
                    "location": {
                      "biomes": "cavernous:volcanic_caves"
                    }
                  }
                }
              ]
            },
            "trigger": "minecraft:location"
          }
    },
    "parent": "cavernous:delver"
}