{
    "type": "minecraft:chest",
    "pools": [
      {
        "rolls": 2,
        "entries": [
          {
            "type": "minecraft:item",
            "name": "minecraft:spruce_sapling"
          },
          {
            "type": "minecraft:item",
            "name": "minecraft:pale_oak_sapling",
            "functions": [
              {
                "function": "minecraft:set_count",
                "count": 4
              }
            ]
          },
          {
            "type": "minecraft:item",
            "name": "minecraft:oak_sapling"
          },
          {
            "type": "minecraft:item",
            "name": "minecraft:jungle_sapling"
          },
          {
            "type": "minecraft:item",
            "name": "minecraft:dark_oak_sapling",
            "functions": [
              {
                "function": "minecraft:set_count",
                "count": 4
              }
            ]
          },
          {
            "type": "minecraft:item",
            "name": "minecraft:cherry_sapling"
          },
          {
            "type": "minecraft:item",
            "name": "minecraft:birch_sapling"
          },
          {
            "type": "minecraft:item",
            "name": "minecraft:acacia_sapling"
          }
        ]
      },
      {
        "rolls": 1,
        "entries": [
          {
            "type": "minecraft:item",
            "name": "minecraft:map"
          }
        ]
      },
      {
        "rolls": 5,
        "entries": [
          {
            "type": "minecraft:item",
            "name": "minecraft:lead"
          },
          {
            "type": "minecraft:item",
            "name": "minecraft:emerald",
            "weight": 2
          },
          {
            "type": "minecraft:item",
            "name": "minecraft:paper",
            "weight": 1
          }
        ]
      }
    ]
  }