{
  "type": "minecraft:chest",
  "pools": [
    {
      "rolls": 1,
      "entries": [
        {
          "type": "minecraft:item",
          "name": "minecraft:cobweb",
          "functions": [
            {
              "function": "minecraft:set_count",
              "count": {
                "type": "minecraft:uniform",
                "min": 0,
                "max": 12
              }
            }
          ]
        }
      ]
    },
    {
      "rolls": {
        "type": "minecraft:uniform",
        "min": 2,
        "max": 3
      },
      "entries": [
        {
          "type": "minecraft:item",
          "weight": 10,
          "name": "minecraft:raw_gold",
          "functions": [
            {
              "function": "minecraft:set_count",
              "count": {
                "type": "minecraft:uniform",
                "min": 1,
                "max": 3
              },
              "add": false
            }
          ]
        },
        {
          "type": "minecraft:item",
          "weight": 8,
          "name": "minecraft:flower_pot",
          "functions": [
            {
              "function": "minecraft:set_count",
              "count": {
                "type": "minecraft:uniform",
                "min": 3,
                "max": 6
              },
              "add": false
            }
          ]
        },
        {
          "type": "minecraft:item",
          "weight": 7,
          "name": "minecraft:lantern",
          "functions": [
            {
              "function": "minecraft:set_count",
              "count": {
                "type": "minecraft:uniform",
                "min": 6,
                "max": 12
              },
              "add": false
            }
          ]
        },
        {
          "type": "minecraft:item",
          "weight": 6,
          "name": "minecraft:glow_berries",
          "functions": [
            {
              "function": "minecraft:set_count",
              "count": {
                "type": "minecraft:uniform",
                "min": 6,
                "max": 18
              },
              "add": false
            }
          ]
        },
        {
          "type": "minecraft:item",
          "weight": 3,
          "name": "minecraft:emerald",
          "functions": [
            {
              "function": "minecraft:set_count",
              "count": {
                "type": "minecraft:uniform",
                "min": 2,
                "max": 6
              },
              "add": false
            }
          ]
        },
        {
          "type": "minecraft:item",
          "weight": 1,
          "name": "minecraft:diamond"
        }
      ]
    }
  ],
  "random_sequence": "wabi_sabi_structures:chests/spruce_cabin/spruce_cabin_secret"
}
