{
	"display": {
		"icon": {
			"id": "minecraft:anvil"
		},
		"title": {"translate":"Heavy Metal"},
		"description": {"color":"green","translate":"Craft an anvil"},
		"announce_to_chat": true
	},
	"parent": "blazeandcave:enchanting/root",
	"rewards": {
		"function": "bacap_rewards:enchanting/heavy_metal"
	},
	"criteria": {
		"anvil": {
			"trigger": "minecraft:inventory_changed",
			"conditions": {
				"items": [
					{
						"items": [
							"minecraft:anvil"
						]
					}
				]
			}
		}
	}
}