{
	"display": {
		"icon": {
			"id": "minecraft:black_stained_glass"
		},
		"title": {"translate":"I'll be back"},
		"description": {"color":"green","translate":"Name your bow 'Terminator'"},
		"announce_to_chat": true
	},
	"parent": "blazeandcave:enchanting/this_name_sounds_cooler",
	"rewards": {
		"function": "bacap_rewards:enchanting/ill_be_back"
	},	
	"criteria": {
		"terminator": {
			"trigger": "minecraft:inventory_changed",
			"conditions": {
				"items": [
					{
						"items": [
							"minecraft:bow"
						],
						"components": {
							"minecraft:custom_name": "Terminator"
						}
					}
				]
			}
		}
	}
}