{
	"display": {
		"icon": {
			"id": "minecraft:bookshelf"
		},
		"title": {"translate":"Librarian"},
		"description": {"color":"green","translate":"Build some bookshelves for your enchanting table"},
		"announce_to_chat": true
	},
	"parent": "blazeandcave:enchanting/root",
	"rewards": {
		"function": "bacap_rewards:enchanting/librarian"
	},
	"criteria": {
		"bookshelf": {
			"trigger": "minecraft:inventory_changed",
			"conditions": {
				"items": [
					{
						"items": [
							"minecraft:bookshelf"
						]
					}
				]
			}
		}
	}
}