{
	"display": {
		"icon": {
			"id": "minecraft:bow",
			"components": {
				"minecraft:enchantment_glint_override": true
			}
		},
		"title": {"translate":"Master Sniper"},
		"description": {"color":"dark_purple","translate":"Create a bow with all possible enchantments at max level"},
		"announce_to_chat": true,
		"frame": "challenge"
	},
	"parent": "blazeandcave:enchanting/master_knight",
	"rewards": {
		"function": "bacap_rewards:enchanting/master_sniper"
	},		
	"criteria": {
		"perfect_bow_infinity": {
			"trigger": "minecraft:inventory_changed",
			"conditions": {
				"items": [
					{
						"items": [
							"minecraft:bow"
						],
						"predicates": {
							"enchantments": [
								{
									"enchantments": "minecraft:power",
									"levels": {
										"min": 5
									}
								},
								{
									"enchantments": "minecraft:punch",
									"levels": {
										"min": 2
									}
								},
								{
									"enchantments": "minecraft:flame",
									"levels": {
										"min": 1
									}
								},
								{
									"enchantments": "minecraft:infinity",
									"levels": {
										"min": 1
									}
								},
								{
									"enchantments": "minecraft:unbreaking",
									"levels": {
										"min": 3
									}
								}	
							]
						}
					}
				]
			}
		},
		"perfect_bow_mending": {
			"trigger": "minecraft:inventory_changed",
			"conditions": {
				"items": [
					{
						"items": [
							"minecraft:bow"
						],
						"predicates": {
							"enchantments": [
								{
									"enchantments": "minecraft:power",
									"levels": {
										"min": 5
									}
								},
								{
									"enchantments": "minecraft:punch",
									"levels": {
										"min": 2
									}
								},
								{
									"enchantments": "minecraft:flame",
									"levels": {
										"min": 1
									}
								},
								{
									"enchantments": "minecraft:mending",
									"levels": {
										"min": 1
									}
								},
								{
									"enchantments": "minecraft:unbreaking",
									"levels": {
										"min": 3
									}
								}	
							]
						}
					}
				]
			}
		}
	},
	"requirements": [
		[
			"perfect_bow_infinity",
			"perfect_bow_mending"
		]
	]
}