{
	"display": {
		"icon": {
			"id": "minecraft:fishing_rod",
			"components": {
				"minecraft:enchantment_glint_override": true
			}
		},
		"title": {"translate":"Master Fisher"},
		"description": {"color":"dark_purple","translate":"Create a fishing rod with all possible enchantments at max level"},
		"announce_to_chat": true,
		"frame": "challenge"
	},
	"parent": "blazeandcave:enchanting/unbreakable",
	"rewards": {
		"function": "bacap_rewards:enchanting/master_fisher"
	},		
	"criteria": {
		"perfect_rod": {
			"trigger": "minecraft:inventory_changed",
			"conditions": {
				"items": [
					{
						"items": [
							"minecraft:fishing_rod"
						],
						"predicates": {
							"enchantments": [
								{
									"enchantments": "minecraft:lure",
									"levels": {
										"min": 3
									}
								},
								{
									"enchantments": "minecraft:luck_of_the_sea",
									"levels": {
										"min": 3
									}
								},	
								{
									"enchantments": "minecraft:unbreaking",
									"levels": {
										"min": 3
									}
								},	
								{
									"enchantments": "minecraft:mending",
									"levels": {
										"min": 1
									}
								}		
							]
						}
					}
				]
			}
		}
	}
}