{
	"display": {
		"icon": {
			"id": "minecraft:diamond_pickaxe",
			"components": {
				"minecraft:enchantment_glint_override": true
			}
		},
		"title": {"translate":"Master Miner"},
		"description": {"color":"dark_purple","translate":"Create a pickaxe with all possible enchantments at max level"},
		"announce_to_chat": true,
		"frame": "challenge"
	},
	"parent": "blazeandcave:enchanting/unbreakable",
	"rewards": {
		"function": "bacap_rewards:enchanting/master_miner"
	},		
	"criteria": {
		"perfect_pickaxe_fortune": {
			"trigger": "minecraft:inventory_changed",
			"conditions": {
				"items": [
					{
						"items": "#blazeandcave:master_pickaxes",
						"predicates": {
							"enchantments": [
								{
									"enchantments": "minecraft:efficiency",
									"levels": {
										"min": 5
									}
								},
								{
									"enchantments": "minecraft:fortune",
									"levels": {
										"min": 3
									}
								},
								{
									"enchantments": "minecraft:unbreaking",
									"levels": {
										"min": 3
									}
								},
								{
									"enchantments": "minecraft:mending",
									"levels": {
										"min": 1
									}
								}	
							]
						}
					}
				]
			}
		},
		"perfect_pickaxe_silk_touch": {
			"trigger": "minecraft:inventory_changed",
			"conditions": {
				"items": [
					{
						"items": "#blazeandcave:master_pickaxes",
						"predicates": {
							"enchantments": [
								{
									"enchantments": "minecraft:efficiency",
									"levels": {
										"min": 5
									}
								},
								{
									"enchantments": "minecraft:silk_touch",
									"levels": {
										"min": 1
									}
								},
								{
									"enchantments": "minecraft:unbreaking",
									"levels": {
										"min": 3
									}
								},
								{
									"enchantments": "minecraft:mending",
									"levels": {
										"min": 1
									}
								}	
							]
						}
					}
				]
			}
		}
	},	
	"requirements": [
		[
			"perfect_pickaxe_fortune",
			"perfect_pickaxe_silk_touch"
		]
	]
}