{
	"display": {
		"icon": {
			"id": "minecraft:crossbow",
			"components": {
				"minecraft:enchantment_glint_override": true
			}
		},
		"title": {"translate":"Master Arbalist"},
		"description": {"color":"dark_purple","translate":"Create a crossbow with all possible enchantments at max level"},
		"announce_to_chat": true,
		"frame": "challenge"
	},
	"parent": "blazeandcave:enchanting/master_sniper",
	"rewards": {
		"function": "bacap_rewards:enchanting/master_arbalist"
	},		
	"criteria": {
		"perfect_bow_multishot": {
			"trigger": "minecraft:inventory_changed",
			"conditions": {
				"items": [
					{
						"items": [
							"minecraft:crossbow"
						],
						"predicates": {
							"enchantments": [
								{
									"enchantments": "minecraft:quick_charge",
									"levels": {
										"min": 3
									}
								},
								{
									"enchantments": "minecraft:multishot",
									"levels": {
										"min": 1
									}
								},
								{
									"enchantments": "minecraft:mending",
									"levels": {
										"min": 1
									}
								},
								{
									"enchantments": "minecraft:unbreaking",
									"levels": {
										"min": 3
									}
								}
							]
						}
					}
				]
			}
		},
		"perfect_bow_piercing": {
			"trigger": "minecraft:inventory_changed",
			"conditions": {
				"items": [
					{
						"items": [
							"minecraft:crossbow"
						],
						"predicates": {
							"enchantments": [
								{
									"enchantments": "minecraft:quick_charge",
									"levels": {
										"min": 3
									}
								},						
								{
									"enchantments": "minecraft:piercing",
									"levels": {
										"min": 4
									}
								},
								{
									"enchantments": "minecraft:mending",
									"levels": {
										"min": 1
									}
								},
								{
									"enchantments": "minecraft:unbreaking",
									"levels": {
										"min": 3
									}
								}
							]
						}
					}
				]
			}
		}
	},
	"requirements": [
		[
			"perfect_bow_multishot",
			"perfect_bow_piercing"
		]
	]
}