{
	"display": {
		"icon": {
			"id": "minecraft:diamond_ore"
		},
		"title": {"translate":"Pick Like Silk"},
		"description": {"color":"dark_purple","translate":"Use a Silk Touch enchanted pickaxe to obtain diamond ore as a block"},
		"announce_to_chat": true,
		"frame": "challenge"
	},
	"parent": "blazeandcave:enchanting/fortunate_son",
	"rewards": {
		"function": "bacap_rewards:enchanting/pick_like_silk"
	},		
	"criteria": {
		"diamond_ore": {
			"trigger": "minecraft:inventory_changed",
			"conditions": {
				"items": [
					{
						"items": [
							"minecraft:diamond_ore"
						]
					}
				]
			}
		},
		"deepslate_diamond_ore": {
			"trigger": "minecraft:inventory_changed",
			"conditions": {
				"items": [
					{
						"items": [
							"minecraft:deepslate_diamond_ore"
						]
					}
				]
			}
		}
	},
	"requirements": [
		[
			"diamond_ore",
			"deepslate_diamond_ore"
		]
	]
}