{
	"display": {
		"icon": {
			"id": "minecraft:bedrock"
		},
		"title": {"translate":"Unbreakable"},
		"description": {"color":"#75E1FF","translate":"Obtain Mending on an item"},
		"announce_to_chat": true,
		"frame": "goal"
	},
	"parent": "blazeandcave:enchanting/heavy_metal",
	"rewards": {
		"function": "bacap_rewards:enchanting/unbreakable"
	},
	"criteria": {
		"mending": {
			"trigger": "minecraft:inventory_changed",
			"conditions": {
				"items": [
					{
						"predicates": {
							"enchantments": [
								{
									"enchantments": "minecraft:mending"
								}
							]
						}
					}
				]
			}
		}
	}
}