{
	"processors": [
		{
			"processor_type": "minecraft:rule",
			"rules": [
				{
					"location_predicate": {
						"predicate_type": "minecraft:always_true"
					},
					"input_predicate": {
						"predicate_type": "minecraft:random_block_match",
						"block": "minecraft:wheat",
						"probability": 0.25
					},
					"output_state": {
						"Name": "minecraft:carrots",
						"Properties": {
							"age": "7"
						}
					}
				},
				{
					"location_predicate": {
						"predicate_type": "minecraft:always_true"
					},
					"input_predicate": {
						"predicate_type": "minecraft:random_block_match",
						"block": "minecraft:wheat",
						"probability": 0.25
					},
					"output_state": {
						"Name": "minecraft:potatoes",
						"Properties": {
							"age": "7"
						}
					}
				},
				{
					"location_predicate": {
						"predicate_type": "minecraft:always_true"
					},
					"input_predicate": {
						"predicate_type": "minecraft:random_block_match",
						"block": "minecraft:wheat",
						"probability": 0.25
					},
					"output_state": {
						"Name": "minecraft:beetroots",
						"Properties": {
							"age": "3"
						}
					}
				}
			]
		},
		{
            "processor_type":"minecraft:rule",
            "rules": [
                {
                    "position_predicate":{
                        "predicate_type": "always_true"
                    },
                    "input_predicate": {
                        "predicate_type": "random_block_match",
                        "block": "minecraft:white_wool",
                        "probability": 0.2
                    },
                    "location_predicate": {
                        "predicate_type": "always_true"
                    },
                    "output_state": {
                        "Name": "minecraft:cobblestone"
                    }
                },
                {
                    "position_predicate":{
                        "predicate_type": "always_true"
                    },
                    "input_predicate": {
                        "predicate_type": "random_block_match",
                        "block": "minecraft:white_wool",
                        "probability": 0.2
                    },
                    "location_predicate": {
                        "predicate_type": "always_true"
                    },
                    "output_state": {
                        "Name": "minecraft:mossy_cobblestone"
                    }
                },
                {
                    "position_predicate":{
                        "predicate_type": "always_true"
                    },
                    "input_predicate": {
                        "predicate_type": "random_block_match",
                        "block": "minecraft:white_wool",
                        "probability": 0.2
                    },
                    "location_predicate": {
                        "predicate_type": "always_true"
                    },
                    "output_state": {
                        "Name": "minecraft:coarse_dirt"
                    }
                },
                {
                    "position_predicate":{
                        "predicate_type": "always_true"
                    },
                    "input_predicate": {
                        "predicate_type": "random_block_match",
                        "block": "minecraft:white_wool",
                        "probability": 0.2
                    },
                    "location_predicate": {
                        "predicate_type": "always_true"
                    },
                    "output_state": {
                        "Name": "minecraft:rooted_dirt"
                    }
                },
                {
                    "position_predicate":{
                        "predicate_type": "always_true"
                    },
                    "input_predicate": {
                        "predicate_type": "block_match",
                        "block": "minecraft:white_wool"
                    },
                    "location_predicate": {
                        "predicate_type": "always_true"
                    },
                    "output_state": {
                        "Name": "minecraft:dirt_path"
                    }
                }
            ]
        }
	]
}