{
	"name": "nova_structures:trident_trial_monument/drowned_layer",
	"fallback": "minecraft:empty",
	"elements": [
		{
			"weight": 1,
			"element": {
				"element_type": "minecraft:single_pool_element",
				"location": "nova_structures:trident_trials_monument/drowned_stage/pillar/pillar_wall1",
				"projection": "rigid",
				"processors": "minecraft:empty"
			}
		},
		{
			"weight": 1,
			"element": {
				"element_type": "minecraft:single_pool_element",
				"location": "nova_structures:trident_trials_monument/drowned_stage/pillar/pillar_wall2",
				"projection": "rigid",
				"processors": "minecraft:empty"
			}
		},
		{
			"weight": 1,
			"element": {
				"element_type": "minecraft:single_pool_element",
				"location": "nova_structures:trident_trials_monument/drowned_stage/pillar/pillar_wall3",
				"projection": "rigid",
				"processors": "minecraft:empty"
			}
		}
	]
}
