{
  "pools": [
    {
      "rolls": {
        "min": 16,
        "max": 24
      },
      "entries": [
        {
          "type": "minecraft:item",
          "name": "minecraft:oak_sapling",
          "weight": 10
        },
        {
          "type": "minecraft:item",
          "name": "minecraft:cobweb",
          "weight": 6
        },
        {
          "type": "minecraft:item",
          "name": "minecraft:tnt",
          "weight": 4
        },
        {
          "type": "minecraft:item",
          "name": "minecraft:diamond",
          "weight": 1
        },
        {
          "type": "minecraft:item",
          "name": "minecraft:gold_ingot",
          "weight": 2
        },
        {
          "type": "minecraft:item",
          "name": "minecraft:oak_planks",
          "weight": 8
        },
        {
          "type": "minecraft:item",
          "name": "minecraft:golden_apple",
          "weight": 1
        }
      ]
    }
  ]
}
