{
  "pools": [
    {
      "rolls": {
        "min": 16,
        "max": 24
      },
      "entries": [
        {
          "type": "minecraft:item",
          "name": "minecraft:white_wool",
          "weight": 10
        },
        {
          "type": "minecraft:item",
          "name": "minecraft:oak_log",
          "weight": 10
        },
        {
          "type": "minecraft:item",
          "name": "minecraft:oak_trapdoor"
        },
        {
          "type": "minecraft:item",
          "name": "minecraft:diamond",
          "weight": 1
        },
        {
          "type": "minecraft:item",
          "name": "minecraft:iron_ingot",
          "weight": 2
        },
        {
          "type": "minecraft:item",
          "name": "minecraft:gold_ingot",
          "weight": 3
        },
        {
          "type": "minecraft:item",
          "name": "minecraft:oak_fence",
          "weight": 6
        },
        {
          "type": "minecraft:item",
          "name": "minecraft:lantern",
          "weight": 4
        },
        {
          "type": "minecraft:item",
          "name": "minecraft:bread",
          "weight": 8
        },
        {
          "type": "minecraft:item",
          "name": "minecraft:chain",
          "weight": 4
        }
      ]
    }
  ]
}
