{
  "pools": [
    {
      "rolls": 20,
      "entries": [
        {
          "type": "minecraft:item",
          "name": "minecraft:mossy_cobblestone",
          "weight": 10,
          "quality": 1
        },
        {
          "type": "minecraft:item",
          "name": "minecraft:lily_pad",
          "weight": 4,
          "quality": 1
        },
        {
          "type": "minecraft:item",
          "name": "minecraft:bone",
          "weight": 4,
          "quality": 1
        },
        {
          "type": "minecraft:item",
          "name": "minecraft:tropical_fish",
          "weight": 4,
          "quality": 1
        },
        {
          "type": "minecraft:item",
          "name": "minecraft:diamond",
          "weight": 1,
          "quality": 1
        },
        {
          "type": "minecraft:item",
          "name": "minecraft:iron_ingot",
          "weight": 4,
          "quality": 1
        }
      ]
    }
  ],
  "functions": [
    {
      "function": "minecraft:set_count",
      "count": 1
    }
  ]
}
