{
  "type": "minecraft:chest",
  "pools": [
    {
      "rolls": 20,
      "entries": [
        {
          "type": "minecraft:item",
          "name": "minecraft:snowball",
          "weight": 10,
          "quality": 1
        },
        {
          "type": "minecraft:group",
          "children": [
            {
              "type": "minecraft:item",
              "name": "minecraft:experience_bottle",
              "weight": 4,
              "quality": 1
            },
            {
              "type": "minecraft:item",
              "name": "minecraft:egg",
              "weight": 10,
              "quality": 1
            },
            {
              "type": "minecraft:item",
              "name": "minecraft:coal",
              "weight": 15,
              "quality": 1
            },
            {
              "type": "minecraft:item",
              "name": "minecraft:stick",
              "weight": 10,
              "quality": 1
            },
            {
              "type": "minecraft:item",
              "name": "minecraft:wheat",
              "weight": 8,
              "quality": 1
            },
            {
              "type": "minecraft:item",
              "name": "minecraft:flint",
              "weight": 10,
              "quality": 1
            },
            {
              "type": "minecraft:item",
              "name": "minecraft:iron_ingot",
              "weight": 4,
              "quality": 1,
              "conditions": [
                {
                  "condition": "minecraft:random_chance",
                  "chance": 1
                }
              ]
            },
            {
              "type": "minecraft:item",
              "name": "minecraft:bone",
              "weight": 10,
              "quality": 1
            }
          ]
        }
      ],
      "functions": [
        {
          "function": "minecraft:set_count",
          "count": 1
        }
      ]
    }
  ]
}
