{
  "pools": [
    {
      "rolls": 1,
      "entries": [
        {
          "type": "minecraft:item",
          "name": "minecraft:map",
          "functions": [
            {
              "function": "minecraft:exploration_map",
              "destination": "roguecraft:fortress",
              "decoration": "red_marker",
              "zoom": 1,
              "search_radius": 100,
              "skip_existing_chunks": false
            }
          ]
        }
      ]
    }
  ]
}