{
  "pools": [
    {
      "rolls": {
        "type": "minecraft:constant",
        "value": 1
      },
      "entries": [
        {
          "type": "minecraft:loot_table",
          "value": "pale_formations:bundles/haunt/haunt_bundle_stuffing",
          "weight": 5
        },
        {
          "type": "minecraft:item",
          "name": "minecraft:music_disc_13",
          "weight": 1
        },
        {
          "type": "minecraft:item",
          "name": "minecraft:music_disc_11",
          "weight": 1,
          "conditions": [
            {
              "condition": "minecraft:any_of",
              "terms": [
                {
                  "condition": "minecraft:time_check",
                  "value": {
                    "min": 12542,
                    "max": 23459
                  },
                  "period": 24000
                },
                {
                  "condition": "minecraft:weather_check",
                  "thundering": true
                }
              ]
            },
            {
              "condition": "minecraft:location_check",
              "predicate": {
                "biomes": "minecraft:pale_garden"
              }
            }
          ]
        }
      ]
    }
  ],
  "random_sequence": "pale_formations:bundles/haunt/haunt_bundle"
}
