{
  "type": "minecraft:vault",
  "pools": [
    {
      "rolls": 1,
      "entries": [
        {
          "type": "minecraft:loot_table",
          "value": "mmdp.deformation:items/deformation_key",
          "functions": [
            {
              "function": "minecraft:set_count",
              "count": 1,
              "add": true,
              "conditions": [
                {
                  "condition": "minecraft:random_chance",
                  "chance": 0.05
                }
              ]
            }
          ]
        }
      ]
    }
  ]
}
