{
  "type": "minecraft:vault",
  "pools": [
    {
      "rolls": 1,
      "bonus_rolls": {
        "min": 0,
        "max": 1
      },
      "entries": [
        {
          "type": "minecraft:item",
          "name": "minecraft:ender_pearl",
          "weight": 5,
          "functions": [
            {
              "function": "minecraft:set_count",
              "count": {
                "min": 2,
                "max": 8
              }
            }
          ]
        },
        {
          "type": "minecraft:item",
          "name": "minecraft:emerald",
          "weight": 4,
          "functions": [
            {
              "function": "minecraft:set_count",
              "count": {
                "min": 2,
                "max": 7
              },
              "add": true
            },
            {
              "function": "minecraft:set_count",
              "count": {
                "min": 1,
                "max": 3
              },
              "add": true,
              "conditions": [
                {
                  "condition": "minecraft:random_chance",
                  "chance": 0.67
                }
              ]
            },
            {
              "function": "minecraft:set_count",
              "count": 2,
              "add": true,
              "conditions": [
                {
                  "condition": "minecraft:random_chance",
                  "chance": 0.4
                }
              ]
            }
          ]
        },
        {
          "type": "minecraft:item",
          "name": "minecraft:experience_bottle",
          "weight": 4,
          "functions": [
            {
              "function": "minecraft:set_count",
              "count": {
                "min": 1,
                "max": 6
              }
            },
            {
              "function": "minecraft:set_count",
              "count": 2,
              "add": true,
              "conditions": [
                {
                  "condition": "minecraft:random_chance",
                  "chance": 0.5
                }
              ]
            }
          ]
        },
        {
          "type": "minecraft:item",
          "name": "minecraft:chorus_fruit",
          "weight": 4,
          "functions": [
            {
              "function": "minecraft:set_count",
              "count": {
                "min": 1,
                "max": 3
              }
            }
          ]
        },
        {
          "type": "minecraft:item",
          "name": "minecraft:popped_chorus_fruit",
          "weight": 3,
          "functions": [
            {
              "function": "minecraft:set_count",
              "count": {
                "min": 3,
                "max": 9
              }
            },
            {
              "function": "minecraft:set_count",
              "count": {
                "min": 3,
                "max": 6
              },
              "add": true,
              "conditions": [
                {
                  "condition": "minecraft:random_chance",
                  "chance": 0.25
                }
              ]
            }
          ]
        },
        {
          "type": "minecraft:item",
          "name": "minecraft:shulker_shell",
          "weight": 3,
          "functions": [
            {
              "function": "minecraft:set_count",
              "count": {
                "min": 1,
                "max": 2
              }
            },
            {
              "function": "minecraft:set_count",
              "count": 1,
              "add": true,
              "conditions": [
                {
                  "condition": "minecraft:random_chance",
                  "chance": 0.7
                }
              ]
            }
          ]
        },
        {
          "type": "minecraft:item",
          "name": "minecraft:wind_charge",
          "weight": 2,
          "functions": [
            {
              "function": "minecraft:set_count",
              "count": {
                "min": 4,
                "max": 6
              }
            },
            {
              "function": "minecraft:set_count",
              "count": 2,
              "add": true,
              "conditions": [
                {
                  "condition": "minecraft:random_chance",
                  "chance": 0.5
                }
              ]
            }
          ]
        },
        {
          "type": "minecraft:item",
          "name": "minecraft:blaze_rod",
          "weight": 1,
          "functions": [
            {
              "function": "minecraft:set_count",
              "count": 1,
              "add": true,
              "conditions": [
                {
                  "condition": "minecraft:random_chance",
                  "chance": 0.2
                }
              ]
            }
          ]
        },
        {
          "type": "minecraft:item",
          "name": "minecraft:amethyst_shard",
          "weight": 1,
          "functions": [
            {
              "function": "minecraft:set_count",
              "count": {
                "min": 2,
                "max": 4
              }
            }
          ]
        },
        {
          "type": "minecraft:item",
          "name": "minecraft:gunpowder",
          "weight": 2,
          "functions": [
            {
              "function": "minecraft:set_count",
              "count": {
                "min": 1,
                "max": 7
              }
            }
          ]
        }
      ]
    },
    {
      "rolls": 1,
      "bonus_rolls": 0,
      "entries": [
        {
          "type": "minecraft:item",
          "name": "minecraft:milk_bucket",
          "weight": 3
        },
        {
          "type": "minecraft:group",
          "children": [
            {
              "type": "minecraft:item",
              "name": "minecraft:obsidian",
              "weight": 1,
              "functions": [
                {
                  "function": "minecraft:set_count",
                  "count": {
                    "min": 2,
                    "max": 4
                  }
                }
              ]
            },
            {
              "type": "minecraft:item",
              "name": "minecraft:crying_obsidian",
              "weight": 1,
              "functions": [
                {
                  "function": "minecraft:set_count",
                  "count": {
                    "min": 3,
                    "max": 8
                  }
                }
              ]
            }
          ]
        },
        {
          "type": "minecraft:item",
          "name": "minecraft:end_crystal",
          "weight": 4,
          "functions": [
            {
              "function": "minecraft:set_count",
              "count": {
                "min": 1,
                "max": 4
              }
            },
            {
              "function": "minecraft:set_count",
              "count": 8,
              "add": true,
              "conditions": [
                {
                  "condition": "minecraft:random_chance",
                  "chance": 0.15
                }
              ]
            }
          ]
        },
        {
          "type": "minecraft:item",
          "name": "minecraft:firework_rocket",
          "weight": 4,
          "functions": [
            {
              "function": "minecraft:set_fireworks",
              "flight_duration": 3
            },
            {
              "function": "minecraft:set_fireworks",
              "flight_duration": 4,
              "conditions": [
                {
                  "condition": "minecraft:random_chance",
                  "chance": 0.43
                }
              ]
            },
            {
              "function": "minecraft:set_count",
              "count": {
                "min": 2,
                "max": 20
              }
            },
            {
              "function": "minecraft:limit_count",
              "limit": {
                "max": 16
              }
            }
          ]
        },
        {
          "type": "minecraft:alternatives",
          "children": [
            {
              "type": "minecraft:item",
              "name": "minecraft:enchanted_book",
              "weight": 2,
              "functions": [
                {
                  "function": "minecraft:set_enchantments",
                  "enchantments": {
                    "minecraft:feather_falling": 4
                  }
                }
              ],
              "conditions": [
                {
                  "condition": "minecraft:random_chance",
                  "chance": 0.78
                }
              ]
            },
            {
              "type": "minecraft:loot_table",
              "weight": 2,
              "value": "mmdp.deformation:items/acrophobia_enchanted_book/level_1"
            }
          ]
        },
        {
          "type": "minecraft:loot_table",
          "value": "mmdp.deformation:technical/paintings",
          "weight": 3,
          "functions": [
            {
              "function": "minecraft:set_count",
              "count": 2,
              "conditions": [
                {
                  "condition": "minecraft:random_chance",
                  "chance": 0.65
                }
              ]
            }
          ],
          "conditions": [
            {
              "condition": "minecraft:random_chance",
              "chance": 0.7
            }
          ]
        }
      ],
      "conditions": [
        {
          "condition": "minecraft:random_chance",
          "chance": 0.12
        }
      ]
    },
    {
      "rolls": 1,
      "entries": [
        {
          "type": "minecraft:item",
          "name": "minecraft:milk_bucket",
          "weight": 4
        },
        {
          "type": "minecraft:item",
          "name": "minecraft:water_bucket"
        }
      ],
      "conditions": [
        {
          "condition": "minecraft:random_chance",
          "chance": 0.1
        }
      ]
    }
  ]
}
