{
  "type": "minecraft:crafting_shaped",
  "category": "equipment",
  "key": {
    "W": "#minecraft:wooden_tool_materials",
    "o": "minecraft:diamond"
  },
  "pattern": [
    "WoW",
    "WWW",
    " W "
  ],
  "result": {
    "components": {
      "minecraft:max_damage": 1561,
      "minecraft:banner_patterns": [
        {
          "color": "light_blue",
          "pattern": "minecraft:gradient"
        },
        {
          "color": "light_blue",
          "pattern": "minecraft:gradient_up"
        }
      ],
      "minecraft:item_name": "\"Diamond Shield\"",
      "minecraft:custom_name": "\"Diamond Shield\""
    },
    "count": 1,
    "id": "minecraft:shield"
  }
}