{
  "type": "minecraft:crafting_shaped",
  "category": "equipment",
  "pattern": [
    "###",
    " X#",
    "X  "
  ],
  "key": {
    "X": "minecraft:stick",
    "#": "#minecraft:diamond_tool_materials"
  },
  "result": {
    "components": {
      "minecraft:item_name": "\"Diamond Scythe\"",
      "minecraft:max_stack_size": 1,
      "minecraft:item_model": "minecraft:diamond_hoe",
      "minecraft:attribute_modifiers": {
        "modifiers": [
          {
            "type": "minecraft:attack_damage",
            "id": "2241325243534567812456",
            "amount": 8,
            "operation": "add_value",
            "slot": "mainhand"
          },
          {
            "type": "minecraft:attack_speed",
            "id": "729264624567356477",
            "amount": -2.7,
            "operation": "add_value",
            "slot": "mainhand"
          },
          {
            "type": "minecraft:sweeping_damage_ratio",
            "id": "9224685673456t4356772",
            "amount": 1,
            "operation": "add_value",
            "slot": "mainhand"
          },
          {
            "type": "minecraft:entity_interaction_range",
            "id": "98565765863546740721",
            "amount": 1,
            "operation": "add_value",
            "slot": "mainhand"
          }
        ]
      }
    },
    "count": 1,
    "id": "minecraft:diamond_sword"
  }
}