{
  "type": "minecraft:crafting_shaped",
  "category": "equipment",
  "pattern": [
    "###",
    " X#",
    "X  "
  ],
  "key": {
    "X": "minecraft:stick",
    "#": "#minecraft:iron_tool_materials"
  },
  "result": {
    "components": {
      "minecraft:item_name": "\"Iron Scythe\"",
      "minecraft:max_stack_size": 1,
      "minecraft:item_model": "minecraft:iron_hoe",
      "minecraft:attribute_modifiers": {
        "modifiers": [
          {
            "type": "minecraft:attack_damage",
            "id": "252345352435656",
            "amount": 7,
            "operation": "add_value",
            "slot": "mainhand"
          },
          {
            "type": "minecraft:attack_speed",
            "id": "7218438232547834654567",
            "amount": -2.75,
            "operation": "add_value",
            "slot": "mainhand"
          },
          {
            "type": "minecraft:sweeping_damage_ratio",
            "id": "92294363457345672",
            "amount": 1,
            "operation": "add_value",
            "slot": "mainhand"
          },
          {
            "type": "minecraft:entity_interaction_range",
            "id": "985202345745687721",
            "amount": 1,
            "operation": "add_value",
            "slot": "mainhand"
          }
        ]
      }
    },
    "count": 1,
    "id": "minecraft:iron_sword"
  }
}