{
  "type": "minecraft:crafting_shaped",
  "category": "equipment",
  "pattern": [
    "#S#",
    "EXE",
    "FAF"
  ],
  "key": {
    "X": "diamond",
    "#": "#minecraft:diamond_tool_materials",
    "E": "minecraft:gold_ingot",
    "F": "minecraft:echo_shard",
    "A": "minecraft:breeze_rod",
    "S": "minecraft:nether_star"
  },
  "result": {
    "components": {
      "minecraft:item_name": "\"Windbound Katana\"",
      "minecraft:max_stack_size": 1,
      "minecraft:item_model": "minecraft:breeze_rod",
      "minecraft:attribute_modifiers": {
        "modifiers": [
          {
            "type": "minecraft:attack_damage",
            "id": "98057634098675374578",
            "amount": 7,
            "operation": "add_value",
            "slot": "mainhand"
          },
          {
            "type": "minecraft:attack_speed",
            "id": "8539678340958674567",
            "amount": -2,
            "operation": "add_value",
            "slot": "mainhand"
          },
          {
            "type": "minecraft:sweeping_damage_ratio",
            "id": "3453465676578764578",
            "amount": 1,
            "operation": "add_value",
            "slot": "mainhand"
          },
          {
            "type": "minecraft:gravity",
            "id": "2456534671323453456g",
            "amount": -0.035,
            "operation": "add_value",
            "slot": "mainhand"
          },
          {
            "type": "minecraft:safe_fall_distance",
            "id": "34265347546756344567",
            "amount": 5,
            "operation": "add_value",
            "slot": "mainhand"
          },
          {
            "type": "minecraft:jump_strength",
            "id": "62756458467846578",
            "amount": 0.1,
            "operation": "add_value",
            "slot": "mainhand"
          },
          {
            "type": "minecraft:fall_damage_multiplier",
            "id": "546458657645754675467",
            "amount": -0.5,
            "operation": "add_value",
            "slot": "mainhand"
          },
          {
            "type": "minecraft:movement_speed",
            "id": "0987342690845367",
            "amount": 0.03,
            "operation": "add_value",
            "slot": "mainhand"
          },
          {
            "type": "minecraft:sneaking_speed",
            "id": "349503845654676578i6758",
            "amount": 0.2,
            "operation": "add_value",
            "slot": "mainhand"
          }
        ]
      },
      "minecraft:enchantments": {
        "levels": {
          "minecraft:wind_burst": 1
        }
      },
      "minecraft:rarity": "epic"
    },
    "count": 1,
    "id": "minecraft:diamond_sword"
  }
}