{
  "type": "minecraft:crafting_shaped",
  "category": "equipment",
  "pattern": [
    "#FE",
    " X#",
    "X  "
  ],
  "key": {
    "X": "minecraft:stick",
    "#": "#minecraft:diamond_tool_materials",
    "E": "minecraft:netherite_upgrade_smithing_template",
    "F": "minecraft:netherite_ingot"
  },
  "result": {
    "components": {
      "minecraft:item_name": "\"Netherite Scythe\"",
      "minecraft:max_stack_size": 1,
      "minecraft:item_model": "minecraft:netherite_hoe",
      "minecraft:attribute_modifiers": {
        "modifiers": [
          {
            "type": "minecraft:attack_damage",
            "id": "22456777666466",
            "amount": 9,
            "operation": "add_value",
            "slot": "mainhand"
          },
          {
            "type": "minecraft:attack_speed",
            "id": "7224565466666675447",
            "amount": -2.7,
            "operation": "add_value",
            "slot": "mainhand"
          },
          {
            "type": "minecraft:sweeping_damage_ratio",
            "id": "123534656666666662",
            "amount": 1,
            "operation": "add_value",
            "slot": "mainhand"
          },
          {
            "type": "minecraft:entity_interaction_range",
            "id": "982566666666666666234",
            "amount": 1,
            "operation": "add_value",
            "slot": "mainhand"
          }
        ]
      }
    },
    "count": 1,
    "id": "minecraft:netherite_sword"
  }
}