{
  "type": "minecraft:crafting_shaped",
  "category": "equipment",
  "key": {
    "W": "#minecraft:wooden_tool_materials",
    "o": "minecraft:netherite_ingot",
    "X": "diamond",
    "E": "minecraft:netherite_upgrade_smithing_template"
  },
  "pattern": [
    "XoX",
    "WEW",
    " W "
  ],
  "result": {
    "components": {
      "minecraft:max_damage": 2031,
      "minecraft:banner_patterns": [
        {
          "color": "gray",
          "pattern": "minecraft:gradient"
        },
        {
          "color": "gray",
          "pattern": "minecraft:gradient_up"
        }
      ],
      "minecraft:item_name": "\"Netherite Shield\""
    },
    "count": 1,
    "id": "minecraft:shield"
  }
}