{
  "type": "minecraft:crafting_shaped",
  "category": "equipment",
  "key": {
    "W": "#minecraft:wooden_tool_materials",
    "o": "#minecraft:stone_tool_materials"
  },
  "pattern": [
    "WoW",
    "WWW",
    " W "
  ],
  "result": {
    "components": {
      "minecraft:max_damage": 131,
      "minecraft:banner_patterns": [
        {
          "color": "light_gray",
          "pattern": "minecraft:bricks"
        },
        {
          "color": "light_gray",
          "pattern": "minecraft:curly_border"
        }
      ],
      "minecraft:item_name": "\"Stone Shield\""
    },
    "count": 1,
    "id": "minecraft:shield"
  }
}