{
  "type": "minecraft:crafting_shaped",
  "category": "equipment",
  "pattern": [
    "###",
    " X#",
    "X  "
  ],
  "key": {
    "X": "minecraft:stick",
    "#": "#minecraft:stone_tool_materials"
  },
  "result": {
    "components": {
      "minecraft:item_name": "\"Stone Scythe\"",
      "minecraft:max_stack_size": 1,
      "minecraft:item_model": "minecraft:stone_hoe",
      "minecraft:attribute_modifiers": {
        "modifiers": [
          {
            "type": "minecraft:attack_damage",
            "id": "2542356458467856",
            "amount": 6.5,
            "operation": "add_value",
            "slot": "mainhand"
          },
          {
            "type": "minecraft:attack_speed",
            "id": "76734567844567",
            "amount": -2.8,
            "operation": "add_value",
            "slot": "mainhand"
          },
          {
            "type": "minecraft:sweeping_damage_ratio",
            "id": "92294568486734672",
            "amount": 1,
            "operation": "add_value",
            "slot": "mainhand"
          },
          {
            "type": "minecraft:entity_interaction_range",
            "id": "98520567856780721",
            "amount": 1,
            "operation": "add_value",
            "slot": "mainhand"
          }
        ]
      }
    },
    "count": 1,
    "id": "minecraft:stone_sword"
  }
}