{
  "type": "minecraft:crafting_shaped",
  "category": "equipment",
  "key": {
    "W": "#minecraft:wooden_tool_materials"
  },
  "pattern": [
    "WWW",
    "WWW",
    " W "
  ],
  "result": {
    "components": {
      "minecraft:max_damage": 59,
      "minecraft:banner_patterns": [
        {
          "color": "brown",
          "pattern": "minecraft:gradient"
        },
        {
          "color": "brown",
          "pattern": "minecraft:gradient_up"
        }
      ],
      "minecraft:item_name": "\"Wooden Shield\""
    },
    "count": 1,
    "id": "minecraft:shield"
  }
}