{
  "type": "minecraft:crafting_shaped",
  "category": "equipment",
  "pattern": [
    "###",
    " X#",
    "X  "
  ],
  "key": {
    "X": "minecraft:stick",
    "#": "#minecraft:wooden_tool_materials"
  },
  "result": {
    "components": {
      "minecraft:item_name": "\"Wooden Scythe\"",
      "minecraft:max_stack_size": 1,
      "minecraft:item_model": "minecraft:wooden_hoe",
      "minecraft:attribute_modifiers": {
        "modifiers": [
          {
            "type": "minecraft:attack_damage",
            "id": "254765934875623456",
            "amount": 6,
            "operation": "add_value",
            "slot": "mainhand"
          },
          {
            "type": "minecraft:attack_speed",
            "id": "72934856034654567",
            "amount": -2.9,
            "operation": "add_value",
            "slot": "mainhand"
          },
          {
            "type": "minecraft:sweeping_damage_ratio",
            "id": "92294368345634672",
            "amount": 1,
            "operation": "add_value",
            "slot": "mainhand"
          },
          {
            "type": "minecraft:entity_interaction_range",
            "id": "985203679384576340721",
            "amount": 1,
            "operation": "add_value",
            "slot": "mainhand"
          }
        ]
      }
    },
    "count": 1,
    "id": "minecraft:wooden_sword"
  }
}