{
    "fallback": "minecraft:empty",
    "elements": [
        {
            "weight": 1,
            "element": {
                "location": "forsaken:wells/pit/cobble/huge/base",
                "processors": "forsaken:wells/pit/cobble",
                "projection": "rigid",
                "element_type": "minecraft:single_pool_element"
            }
        },
        {
            "weight": 1,
            "element": {
                "location": "forsaken:wells/pit/cobble/medium/base",
                "processors": "forsaken:wells/pit/cobble",
                "projection": "rigid",
                "element_type": "minecraft:single_pool_element"
            }
        }
    ]
}