{
  "type": "minecraft:jigsaw",
  "biomes": [
    "minecraft:cherry_grove"
  ],
  "step": "surface_structures",
  "spawn_overrides": {
    "creature": {
      "bounding_box": "piece",
      "spawns": [
        {
          "type": "minecraft:rabbit",
          "weight": 100,
          "minCount": 1,
          "maxCount": 4
        }
      ]
    },
    "monster": {
      "bounding_box": "full",
      "spawns": [
        {
          "type": "minecraft:wither_skeleton",
          "weight": 100,
          "minCount": 1,
          "maxCount": 3
        }
      ]
    }
  },
  "terrain_adaptation": "beard_box",
  "start_pool": "luistercorp:cherry/fountain_well",
  "size": 1,
  "start_height": {
    "absolute": 0
  },
  "project_start_to_heightmap": "WORLD_SURFACE_WG",
  "max_distance_from_center": 15,
  "use_expansion_hack": false,
  "liquid_settings": "ignore_waterlogging"
}