{
  "type": "minecraft:jigsaw",
  "biomes": "#scorched:has_structure/desert_pyramid",
  "step": "surface_structures",
  "spawn_overrides": {},
  "terrain_adaptation": "none",
  "start_pool": "scorched:desert_pyramid/main",
  "size": 7,
  "start_height": {
    "type": "minecraft:uniform",
    "min_inclusive": {
      "absolute": -10
    },
    "max_inclusive": {
      "absolute": -1
    }
  },
  "project_start_to_heightmap": "WORLD_SURFACE_WG",
  "max_distance_from_center": 80,
  "use_expansion_hack": false,
  "liquid_settings": "ignore_waterlogging"
}
