{
  "type": "minecraft:jigsaw",
  "biomes": [
    "minecraft:snowy_slopes",
    "minecraft:jagged_peaks",
    "minecraft:frozen_peaks",
    "minecraft:stony_peaks"
  ],
  "step": "surface_structures",
  "spawn_overrides": {},
  "terrain_adaptation": "beard_thin",
  "start_pool": "mjstructure:mountain_beacon",
  "size": 1,
  "start_height": {
    "absolute": 1
  },
  "project_start_to_heightmap": "WORLD_SURFACE_WG",
  "max_distance_from_center": 80,
  "use_expansion_hack": false
}