{
	"condition": "minecraft:all_of",
	"terms": [
		{
			"condition": "minecraft:entity_properties",
			"entity": "this",
			"predicate": {
				"equipment": {
					"offhand": {
						"items": [
							"minecraft:crossbow"
						],
						"components": {
							"minecraft:custom_data": {"tag":"ancient_repeater"}
						}
					}
				}
			}
		},
		{
			"condition": "minecraft:inverted",
			"term": {
				"condition": "minecraft:entity_properties",
				"entity": "this",
				"predicate": {
					"equipment": {
						"offhand": {
							"items": [
								"minecraft:crossbow"
							],
							"components": {
								"minecraft:custom_data": {"tag":"ancient_repeater"},
								"charged_projectiles": [{"id":"arrow","count":1}]
							}
						}
					}
				}
			}
		}
	]
}
