{
	"condition": "minecraft:any_of",
	"terms": [
		{
			"condition": "minecraft:entity_properties",
			"entity": "this",
			"predicate": {
				"equipment": {
					"mainhand": {
						"items": [
							"minecraft:shield"
						],
						"components": {
									"minecraft:custom_data": {"tag":"ancient_shield"}
								}
					}
				}
			}
		},
		{
			"condition": "minecraft:entity_properties",
			"entity": "this",
			"predicate": {
				"equipment": {
					"offhand": {
						"items": [
							"minecraft:shield"
						],
						"components": {
									"minecraft:custom_data": {"tag":"ancient_shield"}
								}
					}
				}
			}
		}
	]
}
