{
    "name": "shipwreck", 
    "fallback": "minecraft:empty",
    "elements": [
        {
            "weight": 1,
            "element": {
                "element_type": "minecraft:single_pool_element",
                "location": "revamped_shipwrecks:shipwreck/dark_oak_jungle/alternatives/loose_debris/front_chunk_1",
                "projection": "rigid",
                "processors": "revamped_shipwrecks:remove_if_buried"
            }
        },
        {
            "weight": 1,
            "element": {
                "element_type": "minecraft:single_pool_element",
                "location": "revamped_shipwrecks:shipwreck/dark_oak_jungle/alternatives/loose_debris/front_chunk_2",
                "projection": "rigid",
                "processors": "revamped_shipwrecks:exclusively_above"
            }
        },
        {
            "weight": 1,
            "element": {
                "element_type": "minecraft:single_pool_element",
                "location": "revamped_shipwrecks:shipwreck/dark_oak_jungle/alternatives/loose_debris/front_chunk_3",
                "projection": "rigid",
                "processors": "revamped_shipwrecks:remove_if_buried"
            }
        },
        {
            "weight": 1,
            "element": {
                "element_type": "minecraft:single_pool_element",
                "location": "revamped_shipwrecks:shipwreck/dark_oak_jungle/alternatives/loose_debris/front_chunk_4",
                "projection": "rigid",
                "processors": "revamped_shipwrecks:exclusively_above"
            }
        },
        {
            "weight": 1,
            "element": {
                "element_type": "minecraft:single_pool_element",
                "location": "revamped_shipwrecks:shipwreck/dark_oak_jungle/alternatives/loose_debris/front_chunk_5",
                "projection": "rigid",
                "processors": "revamped_shipwrecks:exclusively_above"
            }
        },
        {
            "weight": 1,
            "element": {
                "element_type": "minecraft:single_pool_element",
                "location": "revamped_shipwrecks:shipwreck/dark_oak_jungle/alternatives/loose_debris/front_chunk_6",
                "projection": "rigid",
                "processors": "revamped_shipwrecks:exclusively_above"
            }
        }
    ]
}