{
  "type": "minecraft:archaeology",
  "pools": [
    {
      "rolls": 1,
      "entries": [
        {
          "type": "minecraft:item",
          "name": "minecraft:stick",
          "weight": 1,
          "conditions": [
            {
              "condition": "minecraft:inverted",
              "term": {
                "condition": "minecraft:location_check",
                "predicate": {
                  "biomes": "minecraft:pale_garden"
                }
              }
            }
          ]
        },
        {
          "type": "minecraft:item",
          "name": "minecraft:raw_iron",
          "weight": 25,
          "conditions": [
            {
              "condition": "minecraft:location_check",
              "predicate": {
                "biomes": "minecraft:pale_garden"
              }
            }
          ]
        },
        {
          "type": "minecraft:item",
          "name": "minecraft:raw_copper",
          "weight": 20,
          "conditions": [
            {
              "condition": "minecraft:weather_check",
              "thundering": false
            },
            {
              "condition": "minecraft:time_check",
              "value": {
                "min": -540,
                "max": 12541
              },
              "period": 24000
            },
            {
              "condition": "minecraft:location_check",
              "predicate": {
                "biomes": "minecraft:pale_garden"
              }
            }
          ]
        },
        {
          "type": "minecraft:item",
          "name": "minecraft:coal",
          "weight": 20,
          "conditions": [
            {
              "condition": "minecraft:weather_check",
              "thundering": false
            },
            {
              "condition": "minecraft:time_check",
              "value": {
                "min": -540,
                "max": 12541
              },
              "period": 24000
            },
            {
              "condition": "minecraft:location_check",
              "predicate": {
                "biomes": "minecraft:pale_garden"
              }
            }
          ]
        },
        {
          "type": "minecraft:item",
          "name": "minecraft:raw_gold",
          "weight": 20,
          "conditions": [
            {
              "condition": "minecraft:location_check",
              "predicate": {
                "biomes": "minecraft:pale_garden"
              }
            }
          ]
        },
        {
          "type": "minecraft:item",
          "name": "minecraft:iron_shovel",
          "weight": 20,
          "functions": [
            {
              "function": "minecraft:set_damage",
              "damage": {
                "type": "minecraft:uniform",
                "min": 0.2,
                "max": 0.6
              },
              "add": false
            }
          ],
          "conditions": [
            {
              "condition": "minecraft:weather_check",
              "thundering": false
            },
            {
              "condition": "minecraft:time_check",
              "value": {
                "min": -540,
                "max": 12541
              },
              "period": 24000
            },
            {
              "condition": "minecraft:location_check",
              "predicate": {
                "biomes": "minecraft:pale_garden"
              }
            }
          ]
        },
        {
          "type": "minecraft:item",
          "name": "minecraft:iron_shovel",
          "weight": 10,
          "functions": [
            {
              "function": "minecraft:set_damage",
              "damage": {
                "type": "minecraft:uniform",
                "min": 0.6,
                "max": 1.0
              },
              "add": false
            }
          ],
          "conditions": [
            {
              "condition": "minecraft:any_of",
              "terms": [
                {
                  "condition": "minecraft:time_check",
                  "value": {
                    "min": 12542,
                    "max": 23459
                  },
                  "period": 24000
                },
                {
                  "condition": "minecraft:weather_check",
                  "thundering": true
                }
              ]
            },
            {
              "condition": "minecraft:location_check",
              "predicate": {
                "biomes": "minecraft:pale_garden"
              }
            }
          ]
        },
        {
          "type": "minecraft:item",
          "name": "minecraft:iron_ore",
          "weight": 17,
          "conditions": [
            {
              "condition": "minecraft:any_of",
              "terms": [
                {
                  "condition": "minecraft:time_check",
                  "value": {
                    "min": 12542,
                    "max": 23459
                  },
                  "period": 24000
                },
                {
                  "condition": "minecraft:weather_check",
                  "thundering": true
                }
              ]
            },
            {
              "condition": "minecraft:location_check",
              "predicate": {
                "biomes": "minecraft:pale_garden"
              }
            }
          ]
        },
        {
          "type": "minecraft:item",
          "name": "minecraft:gold_ore",
          "weight": 15,
          "conditions": [
            {
              "condition": "minecraft:any_of",
              "terms": [
                {
                  "condition": "minecraft:time_check",
                  "value": {
                    "min": 12542,
                    "max": 23459
                  },
                  "period": 24000
                },
                {
                  "condition": "minecraft:weather_check",
                  "thundering": true
                }
              ]
            },
            {
              "condition": "minecraft:location_check",
              "predicate": {
                "biomes": "minecraft:pale_garden"
              }
            }
          ]
        },
        {
          "type": "minecraft:item",
          "name": "minecraft:emerald",
          "weight": 18,
          "conditions": [
            {
              "condition": "minecraft:location_check",
              "predicate": {
                "biomes": "minecraft:pale_garden"
              }
            }
          ]
        },
        {
          "type": "minecraft:item",
          "name": "minecraft:emerald_ore",
          "weight": 10,
          "conditions": [
            {
              "condition": "minecraft:any_of",
              "terms": [
                {
                  "condition": "minecraft:time_check",
                  "value": {
                    "min": 12542,
                    "max": 23459
                  },
                  "period": 24000
                },
                {
                  "condition": "minecraft:weather_check",
                  "thundering": true
                }
              ]
            },
            {
              "condition": "minecraft:location_check",
              "predicate": {
                "biomes": "minecraft:pale_garden"
              }
            }
          ]
        },
        {
          "type": "minecraft:item",
          "name": "minecraft:iron_pickaxe",
          "weight": 15,
          "functions": [
            {
              "function": "minecraft:set_damage",
              "damage": {
                "type": "minecraft:uniform",
                "min": 0.2,
                "max": 0.6
              },
              "add": false
            }
          ],
          "conditions": [
            {
              "condition": "minecraft:weather_check",
              "thundering": false
            },
            {
              "condition": "minecraft:time_check",
              "value": {
                "min": -540,
                "max": 12541
              },
              "period": 24000
            },
            {
              "condition": "minecraft:location_check",
              "predicate": {
                "biomes": "minecraft:pale_garden"
              }
            }
          ]
        },
        {
          "type": "minecraft:item",
          "name": "minecraft:iron_pickaxe",
          "weight": 15,
          "functions": [
            {
              "function": "minecraft:set_damage",
              "damage": {
                "type": "minecraft:uniform",
                "min": 0.6,
                "max": 1.0
              },
              "add": false
            }
          ],
          "conditions": [
            {
              "condition": "minecraft:any_of",
              "terms": [
                {
                  "condition": "minecraft:time_check",
                  "value": {
                    "min": 12542,
                    "max": 23459
                  },
                  "period": 24000
                },
                {
                  "condition": "minecraft:weather_check",
                  "thundering": true
                }
              ]
            },
            {
              "condition": "minecraft:location_check",
              "predicate": {
                "biomes": "minecraft:pale_garden"
              }
            }
          ]
        },
        {
          "type": "minecraft:item",
          "name": "minecraft:black_bundle",
          "weight": 17,
          "functions": [
            {
              "function": "minecraft:set_contents",
              "component": "minecraft:bundle_contents",
              "entries": [
                {
                  "type": "minecraft:loot_table",
                  "value": "pale_formations:bundles/borehole/borehole_bundle"
                }
              ]
            }
          ],
          "conditions": [
            {
              "condition": "minecraft:weather_check",
              "thundering": false
            },
            {
              "condition": "minecraft:time_check",
              "value": {
                "min": -540,
                "max": 12541
              },
              "period": 24000
            },
            {
              "condition": "minecraft:location_check",
              "predicate": {
                "biomes": "minecraft:pale_garden"
              }
            }
          ]
        },
        {
          "type": "minecraft:item",
          "name": "minecraft:black_bundle",
          "weight": 26,
          "functions": [
            {
              "function": "minecraft:set_contents",
              "component": "minecraft:bundle_contents",
              "entries": [
                {
                  "type": "minecraft:loot_table",
                  "value": "pale_formations:bundles/borehole/borehole_bundle"
                }
              ]
            }
          ],
          "conditions": [
            {
              "condition": "minecraft:any_of",
              "terms": [
                {
                  "condition": "minecraft:time_check",
                  "value": {
                    "min": 12542,
                    "max": 23459
                  },
                  "period": 24000
                },
                {
                  "condition": "minecraft:weather_check",
                  "thundering": true
                }
              ]
            },
            {
              "condition": "minecraft:location_check",
              "predicate": {
                "biomes": "minecraft:pale_garden"
              }
            }
          ]
        },
        {
          "type": "minecraft:item",
          "name": "minecraft:diamond_shovel",
          "weight": 7,
          "functions": [
            {
              "function": "minecraft:set_damage",
              "damage": {
                "type": "minecraft:uniform",
                "min": 0.05,
                "max": 0.4
              },
              "add": false
            }
          ],
          "conditions": [
            {
              "condition": "minecraft:weather_check",
              "thundering": false
            },
            {
              "condition": "minecraft:time_check",
              "value": {
                "min": -540,
                "max": 12541
              },
              "period": 24000
            },
            {
              "condition": "minecraft:location_check",
              "predicate": {
                "biomes": "minecraft:pale_garden"
              }
            }
          ]
        },
        {
          "type": "minecraft:item",
          "name": "minecraft:diamond_shovel",
          "weight": 18,
          "functions": [
            {
              "function": "minecraft:set_damage",
              "damage": {
                "type": "minecraft:uniform",
                "min": 0.2,
                "max": 0.6
              },
              "add": false
            }
          ],
          "conditions": [
            {
              "condition": "minecraft:any_of",
              "terms": [
                {
                  "condition": "minecraft:time_check",
                  "value": {
                    "min": 12542,
                    "max": 23459
                  },
                  "period": 24000
                },
                {
                  "condition": "minecraft:weather_check",
                  "thundering": true
                }
              ]
            },
            {
              "condition": "minecraft:location_check",
              "predicate": {
                "biomes": "minecraft:pale_garden"
              }
            }
          ]
        }
      ]
    }
  ],
  "random_sequence": "pale_formations:archaeology/borehole/borehole_bottom_gravel"
}

