{
    "criteria": {
      "requirement": {
        "trigger": "minecraft:consume_item",
        "conditions": {
          "item": {
            "items": "minecraft:potion",
            "count": 1,
            "components": {
              "minecraft:custom_name": "{\"color\":\"blue\",\"fallback\":\"Water\",\"translate\":\"item.kattersstructures.water\"}"
            }
          }
        }
      }
    },
    "rewards": {
      "function": "kattersstructures:mesa_village/remove_alcohol_poisoning"
    }
  }
  