{
	"type": "minecraft:waterlogged_vegetation_patch",
	"config": {
		"surface": "floor",
		"depth": 2,
		"vertical_range": 5,
		"extra_bottom_block_chance": 0.8,
		"extra_edge_column_chance": 0.8,
		"vegetation_chance": 0.01,
		"xz_radius": {
			"type": "minecraft:uniform",
			
				"min_inclusive": 3,
				"max_inclusive": 5
			
		},
		"replaceable": "#cavernous:biomes/thermal/caldera_caves/spring_replaceable",
		"ground_state": {
			"type": "minecraft:simple_state_provider",
			"state": {
				"Name": "minecraft:lime_terracotta"
			}
		},
		"vegetation_feature": {
			"feature": {
				"type": "minecraft:no_op",
				"config": {}
			},
			"placement": []
		}
	}
}
