{
  "display": {
    "icon": {
      "id": "minecraft:slime_block"
    },
    "title": "Uh Oh, Stinky!",
    "description": "Find your first Rare Swamp Treasure!",
    "frame": "task",
    "show_toast": true,
    "announce_to_chat": true,
    "hidden": false
  },
  "parent": "mt:treasure_advancements/first_common_swamp_treasure",
  "criteria": {
    "obtainchest": {
      "trigger": "minecraft:player_generates_container_loot",
      "conditions": {
        "loot_table": "mt:chests/swamp/rare"}
    }
  }
}
