{
  "display": {
    "icon": {
      "id": "minecraft:dark_oak_leaves"
    },
    "title": "Enjoying The Shade?",
    "description": "Find your first Common Dark Forest Treasure!",
    "frame": "task",
    "show_toast": true,
    "announce_to_chat": true,
    "hidden": false
  },
  "parent": "mt:treasure_advancements/first_common_treasure",
  "criteria": {
    "obtainchest": {
      "trigger": "minecraft:player_generates_container_loot",
      "conditions": {
        "loot_table": "mt:chests/dark_forest/common"}
    }
  }
}
