{
  "display": {
    "icon": {
      "id": "minecraft:sculk_shrieker"
    },
    "title": "I Am a Man Who Walks Alone",
    "description": "Find your first Epic Deep Dark Treasure!",
    "frame": "task",
    "show_toast": true,
    "announce_to_chat": true,
    "hidden": false
  },
  "parent": "mt:treasure_advancements/first_rare_deep_dark_treasure",
  "criteria": {
    "obtainchest": {
      "trigger": "minecraft:player_generates_container_loot",
      "conditions": {
        "loot_table": "mt:chests/deep_dark/epic"}
    }
  }
}
