{
  "display": {
    "icon": {
      "id": "minecraft:goat_horn"
    },
    "title": "Who Cares About a Mansion",
    "description": "Find your first Legendary Dark Forest Treasure!",
    "frame": "challenge",
    "show_toast": true,
    "announce_to_chat": true,
    "hidden": false
  },
  "parent": "mt:treasure_advancements/first_epic_dark_forest_treasure",
  "criteria": {
    "obtainchest": {
      "trigger": "minecraft:player_generates_container_loot",
      "conditions": {
        "loot_table": "mt:chests/dark_forest/legendary"}
    }
  }
}
