{
  "display": {
    "icon": {
      "id": "minecraft:blackstone"
    },
    "title": "Too Much Salt",
    "description": "Find your first Rare Basalt Deltas Treasure!",
    "frame": "task",
    "show_toast": true,
    "announce_to_chat": true,
    "hidden": false
  },
  "parent": "mt:treasure_advancements/first_common_basalt_treasure",
  "criteria": {
    "obtainchest": {
      "trigger": "minecraft:player_generates_container_loot",
      "conditions": {
        "loot_table": "mt:chests/basalt/rare"}
    }
  }
}
