{
  "display": {
    "icon": {
      "id": "minecraft:netherite_helmet"
    },
    "title": "Congratulations Normie!",
    "description": "Find your first Legendary Default Treasure!",
    "frame": "challenge",
    "show_toast": true,
    "announce_to_chat": true,
    "hidden": false
  },
  "parent": "mt:treasure_advancements/first_epic_default_treasure",
  "criteria": {
    "obtainchest": {
      "trigger": "minecraft:player_generates_container_loot",
      "conditions": {
        "loot_table": "mt:chests/default/legendary"}
    }
  }
}
