{
  "display": {
    "icon": {
      "id": "minecraft:barrel"
    },
    "title": "Mine Treasure",
    "description": "Ready your pickaxe!",
    "background": "minecraft:textures/block/deepslate.png",
    "frame": "task",
    "show_toast": true,
    "announce_to_chat": true,
    "hidden": false
  },
  "criteria": {
    "requirement": {
      "trigger": "minecraft:tick",
      "conditions": {
        "player": [
          {
            "condition": "minecraft:entity_scores",
            "entity": "this",
            "scores": {
              "mt.total": {
                "min": 1
              }
            }
          }
        ]
      }
    }
  },
  "rewards": {
    "function": "mt:treasure/guarantee"
  }
}