{
    "processors": [
        {
            "processor_type": "minecraft:rule",
            "rules": [
                {
                    "location_predicate": {
                        "predicate_type": "minecraft:always_true"
                    },
                    "input_predicate": {
                        "predicate_type": "minecraft:random_block_match",
                        "block": "minecraft:lapis_ore",
                        "probability": 0.25
                    },
                    "output_state": {
                        "Name": "minecraft:stone"
                    }
                },
                {
                    "location_predicate": {
                        "predicate_type": "minecraft:always_true"
                    },
                    "input_predicate": {
                        "predicate_type": "minecraft:random_block_match",
                        "block": "minecraft:chain",
                        "probability": 0.5
                    },
                    "output_state": {
                        "Name": "minecraft:air"
                    }
                },
                {
                    "location_predicate": {
                        "predicate_type": "minecraft:always_true"
                    },
                    "input_predicate": {
                        "predicate_type": "minecraft:random_block_match",
                        "block": "minecraft:cobweb",
                        "probability": 0.6
                    },
                    "output_state": {
                        "Name": "minecraft:air"
                    }
                },
                {
                    "location_predicate": {
                        "predicate_type": "minecraft:always_true"
                    },
                    "input_predicate": {
                        "predicate_type": "minecraft:random_block_match",
                        "block": "minecraft:dark_oak_planks",
                        "probability": 0.9
                    },
                    "output_state": {
                        "Name": "minecraft:pale_oak_planks"
                    }
                },
                {
                    "location_predicate": {
                        "predicate_type": "minecraft:always_true"
                    },
                    "input_predicate": {
                        "predicate_type": "minecraft:random_blockstate_match",
                        "block_state": {
                            "Name": "minecraft:dark_oak_log",
                            "Properties": {
                                "axis": "y"
                            }
                        },
                        "probability": 0.8
                    },
                    "output_state": {
                        "Name": "minecraft:pale_oak_log",
                        "Properties": {
                            "axis": "y"
                        }
                    }
                }
            ]
        }
    ]
}