{
  "pools": [
    {
      "rolls": {
        "type": "minecraft:constant",
        "value": 1
      },
      "entries": [
        {
          "type": "minecraft:item",
          "name": "minecraft:book",
          "weight": 1
        }
      ]
    },
    {
      "rolls": {
        "type": "minecraft:constant",
        "value": 1
      },
      "entries": [
        {
          "type": "minecraft:item",
          "name": "minecraft:ink_sac",
          "weight": 5
        },
        {
          "type": "minecraft:item",
          "name": "minecraft:black_dye",
          "weight": 3
        },
        {
          "type": "minecraft:loot_table",
          "value": "pale_formations:bundles/trail/trail_tales/dye_arrangement",
          "weight": 1
        }
      ]
    },
    {
      "rolls": {
        "type": "minecraft:constant",
        "value": 1
      },
      "entries": [
        {
          "type": "minecraft:item",
          "name": "minecraft:feather",
          "weight": 1
        }
      ]
    }
  ],
  "random_sequence": "pale_formations:bundles/trail/trail_tales/book_and_quill"
}

