{
  "pools": [
    {
      "rolls": {
        "type": "minecraft:constant",
        "value": 1
      },
      "entries": [
        {
          "type": "minecraft:item",
          "name": "minecraft:gray_wool",
          "weight": 1,
          "functions": [
            {
              "function": "minecraft:set_count",
              "count": {
                "type": "minecraft:uniform",
                "min": 1,
                "max": 3
              },
              "add": false
            }
          ]
        },
        {
          "type": "minecraft:empty",
          "weight": 3
        }
      ]
    },
    {
      "rolls": {
        "type": "minecraft:constant",
        "value": 1
      },
      "entries": [
        {
          "type": "minecraft:item",
          "name": "minecraft:candle",
          "weight": 1
        },
        {
          "type": "minecraft:empty",
          "weight": 3
        }
      ]
    },
    {
      "rolls": {
        "type": "minecraft:constant",
        "value": 1
      },
      "entries": [
        {
          "type": "minecraft:loot_table",
          "value": "pale_formations:bundles/trail/trail_tales/book_and_quill",
          "weight": 1
        },
        {
          "type": "minecraft:empty",
          "weight": 1
        }
      ]
    },
    {
      "rolls": {
        "type": "minecraft:constant",
        "value": 2
      },
      "entries": [
        {
          "type": "minecraft:item",
          "name": "minecraft:book",
          "weight": 1,
          "functions": [
            {
              "function": "minecraft:set_count",
              "count": {
                "type": "minecraft:uniform",
                "min": 0,
                "max": 2
              },
              "add": false
            }
          ]
        },
        {
          "type": "minecraft:empty",
          "weight": 1,
          "conditions": [
            {
              "condition": "minecraft:weather_check",
              "thundering": false
            },
            {
              "condition": "minecraft:time_check",
              "value": {
                "min": -540,
                "max": 12541
              },
              "period": 24000
            }
          ]
        }
      ]
    },
    {
      "rolls": {
        "type": "minecraft:constant",
        "value": 1
      },
      "entries": [
        {
          "type": "minecraft:item",
          "name": "minecraft:dried_kelp",
          "functions": [
            {
              "function": "minecraft:set_count",
              "count": {
                "type": "minecraft:uniform",
                "min": 1,
                "max": 6
              },
              "add": false
            }
          ]
        },
        {
          "type": "minecraft:item",
          "name": "minecraft:cooked_cod",
          "functions": [
            {
              "function": "minecraft:set_count",
              "count": {
                "type": "minecraft:uniform",
                "min": 1,
                "max": 3
              },
              "add": false
            }
          ],
          "conditions": [
            {
              "condition": "minecraft:any_of",
              "terms": [
                {
                  "condition": "minecraft:time_check",
                  "value": {
                    "min": 12542,
                    "max": 23459
                  },
                  "period": 24000
                },
                {
                  "condition": "minecraft:weather_check",
                  "thundering": true
                }
              ]
            }
          ]
        },
        {
          "type": "minecraft:empty",
          "weight": 1,
          "conditions": [
            {
              "condition": "minecraft:weather_check",
              "thundering": false
            },
            {
              "condition": "minecraft:time_check",
              "value": {
                "min": -540,
                "max": 12541
              },
              "period": 24000
            }
          ]
        }
      ]
    },
    {
      "rolls": {
        "type": "minecraft:uniform",
        "min": 0,
        "max": 4
      },
      "entries": [
        {
          "type": "minecraft:item",
          "name": "minecraft:paper",
          "weight": 1,
          "functions": [
            {
              "function": "minecraft:set_count",
              "count": {
                "type": "minecraft:uniform",
                "min": 1,
                "max": 3
              },
              "add": false
            }
          ]
        },
        {
          "type": "minecraft:empty",
          "weight": 1
        }
      ]
    },
    {
      "rolls": {
        "type": "minecraft:constant",
        "value": 1
      },
      "entries": [
        {
          "type": "minecraft:item",
          "name": "minecraft:map",
          "weight": 1,
          "conditions": [
            {
              "condition": "minecraft:any_of",
              "terms": [
                {
                  "condition": "minecraft:time_check",
                  "value": {
                    "min": 12542,
                    "max": 23459
                  },
                  "period": 24000
                },
                {
                  "condition": "minecraft:weather_check",
                  "thundering": true
                }
              ]
            }
          ]
        },
        {
          "type": "minecraft:empty",
          "weight": 1
        }
      ]
    },
    {
      "rolls": {
        "type": "minecraft:constant",
        "value": 1
      },
      "entries": [
        {
          "type": "minecraft:item",
          "name": "minecraft:compass",
          "weight": 1
        },
        {
          "type": "minecraft:empty",
          "weight": 1
        }
      ]
    }
  ],
  "random_sequence": "pale_formations:bundles/trail/trail_tales/cartographers_pack"
}

