{
  "pools": [
    {
      "rolls": {
        "type": "minecraft:constant",
        "value": 1
      },
      "entries": [
        {
          "type": "minecraft:item",
          "name": "minecraft:white_dye",
          "weight": 1
        },
        {
          "type": "minecraft:item",
          "name": "minecraft:light_gray_dye",
          "weight": 1
        },
        {
          "type": "minecraft:item",
          "name": "minecraft:gray_dye",
          "weight": 1
        },
        {
          "type": "minecraft:item",
          "name": "minecraft:black_dye",
          "weight": 1
        },
        {
          "type": "minecraft:item",
          "name": "minecraft:brown_dye",
          "weight": 1
        },
        {
          "type": "minecraft:item",
          "name": "minecraft:red_dye",
          "weight": 1
        },
        {
          "type": "minecraft:item",
          "name": "minecraft:orange_dye",
          "weight": 1
        },
        {
          "type": "minecraft:item",
          "name": "minecraft:yellow_dye",
          "weight": 1
        },
        {
          "type": "minecraft:item",
          "name": "minecraft:lime_dye",
          "weight": 1
        },
        {
          "type": "minecraft:item",
          "name": "minecraft:green_dye",
          "weight": 1
        },
        {
          "type": "minecraft:item",
          "name": "minecraft:cyan_dye",
          "weight": 1
        },
        {
          "type": "minecraft:item",
          "name": "minecraft:light_blue_dye",
          "weight": 1
        },
        {
          "type": "minecraft:item",
          "name": "minecraft:blue_dye",
          "weight": 1
        },
        {
          "type": "minecraft:item",
          "name": "minecraft:purple_dye",
          "weight": 1
        },
        {
          "type": "minecraft:item",
          "name": "minecraft:magenta_dye",
          "weight": 1
        },
        {
          "type": "minecraft:item",
          "name": "minecraft:pink_dye",
          "weight": 1
        }
      ]
    }
  ],
  "random_sequence": "pale_formations:bundles/trail/trail_tales/dye_arrangement"
}
