{
  "pools": [
    {
      "rolls": {
        "type": "minecraft:constant",
        "value": 1
      },
      "entries": [
        {
          "type": "minecraft:loot_table",
          "value": "pale_formations:bundles/trail/trail_tales/rabbit_stew_ingredients",
          "weight": 1,
          "functions": [
            {
              "function": "minecraft:set_count",
              "count": {
                "type": "minecraft:uniform",
                "min": 1,
                "max": 2
              },
              "add": false
            }
          ],
          "conditions": [
            {
              "condition": "minecraft:any_of",
              "terms": [
                {
                  "condition": "minecraft:time_check",
                  "value": {
                    "min": 12542,
                    "max": 23459
                  },
                  "period": 24000
                },
                {
                  "condition": "minecraft:weather_check",
                  "thundering": true
                }
              ]
            }
          ]
        },
        {
          "type": "minecraft:item",
          "name": "minecraft:rabbit",
          "weight": 1,
          "functions": [
            {
              "function": "minecraft:set_count",
              "count": {
                "type": "minecraft:uniform",
                "min": 1,
                "max": 3
              },
              "add": false
            }
          ]
        }
      ]
    },
    {
      "rolls": {
        "type": "minecraft:constant",
        "value": 1
      },
      "entries": [
        {
          "type": "minecraft:item",
          "name": "minecraft:rabbit_hide",
          "weight": 1,
          "functions": [
            {
              "function": "minecraft:set_count",
              "count": {
                "type": "minecraft:uniform",
                "min": 2,
                "max": 4
              },
              "add": false
            }
          ],
          "conditions": [
            {
              "condition": "minecraft:weather_check",
              "thundering": false
            },
            {
              "condition": "minecraft:time_check",
              "value": {
                "min": -540,
                "max": 12541
              },
              "period": 24000
            }
          ]
        },
        {
          "type": "minecraft:item",
          "name": "minecraft:rabbit_hide",
          "weight": 1,
          "functions": [
            {
              "function": "minecraft:set_count",
              "count": {
                "type": "minecraft:uniform",
                "min": 3,
                "max": 6
              },
              "add": false
            }
          ],
          "conditions": [
            {
              "condition": "minecraft:any_of",
              "terms": [
                {
                  "condition": "minecraft:time_check",
                  "value": {
                    "min": 12542,
                    "max": 23459
                  },
                  "period": 24000
                },
                {
                  "condition": "minecraft:weather_check",
                  "thundering": true
                }
              ]
            }
          ]
        }
      ]
    },
    {
      "rolls": {
        "type": "minecraft:constant",
        "value": 1
      },
      "entries": [
        {
          "type": "minecraft:item",
          "name": "minecraft:rabbit_foot",
          "weight": 1
        },
        {
          "type": "minecraft:empty",
          "weight": 1,
          "conditions": [
            {
              "condition": "minecraft:weather_check",
              "thundering": false
            },
            {
              "condition": "minecraft:time_check",
              "value": {
                "min": -540,
                "max": 12541
              },
              "period": 24000
            }
          ]
        }
      ]
    },
    {
      "rolls": {
        "type": "minecraft:constant",
        "value": 1
      },
      "entries": [
        {
          "type": "minecraft:item",
          "name": "minecraft:lead",
          "weight": 1,
          "conditions": [
            {
              "condition": "minecraft:weather_check",
              "thundering": false
            },
            {
              "condition": "minecraft:time_check",
              "value": {
                "min": -540,
                "max": 12541
              },
              "period": 24000
            }
          ]
        },
        {
          "type": "minecraft:item",
          "name": "minecraft:lead",
          "weight": 2,
          "functions": [
            {
              "function": "minecraft:set_count",
              "count": {
                "type": "minecraft:uniform",
                "min": 1,
                "max": 2
              },
              "add": false
            }
          ],
          "conditions": [
            {
              "condition": "minecraft:any_of",
              "terms": [
                {
                  "condition": "minecraft:time_check",
                  "value": {
                    "min": 12542,
                    "max": 23459
                  },
                  "period": 24000
                },
                {
                  "condition": "minecraft:weather_check",
                  "thundering": true
                }
              ]
            }
          ]
        },
        {
          "type": "minecraft:empty",
          "weight": 1
        }
      ]
    }
  ],
  "random_sequence": "pale_formations:bundles/trail/trail_tales/poachers_sack"
}

