{
	"display": {
		"icon": {
			"id": "minecraft:panda_spawn_egg"
		},
		"title": {"translate":"Ancient Kung Fu Master"},
		"description": {"color":"dark_purple","translate":"Sneak 10km"},
		"announce_to_chat": true,
		"frame": "challenge"
	},
	"parent": "blazeandcave:statistics/black_belt_ninja",
	"rewards": {
		"function": "bacap_rewards:statistics/ancient_kung_fu_master"
	},		
	"criteria": {
		"trigger": {
			"trigger": "minecraft:location",
			"conditions": {
				"player":  {
					"type_specific": {
						"type": "player",
						"stats": [
							{
								"type": "minecraft:custom",
								"stat": "minecraft:crouch_one_cm",
								"value": {
									"min": 1000000
								}
							}
						]
					}
				}
			}
		}
	}
}