{
	"display": {
		"icon": {
			"id": "minecraft:emerald_block"
		},
		"title": {"translate":"Big Spender"},
		"description": {"color":"#75E1FF","translate":"Trade with villagers 500 times"},
		"announce_to_chat": true,
		"frame": "goal"
	},
	"parent": "blazeandcave:statistics/the_haggler",
	"rewards": {
		"function": "bacap_rewards:statistics/big_spender"
	},		
	"criteria": {
		"trigger": {
			"trigger": "minecraft:location",
			"conditions": {
				"player":  {
					"type_specific": {
						"type": "player",
						"stats": [
							{
								"type": "minecraft:custom",
								"stat": "minecraft:traded_with_villager",
								"value": {
									"min": 500
								}
							}
						]
					}
				}
			}
		}
	}
}