{
	"display": {
		"icon": {
			"id": "minecraft:iron_sword"
		},
		"title": {"translate":"Bloodthirsty"},
		"description": {"color":"#75E1FF","translate":"Defeat 2500 mobs"},
		"announce_to_chat": true,
		"frame": "goal"
	},
	"parent": "blazeandcave:statistics/mob_hunter",
	"rewards": {
		"function": "bacap_rewards:statistics/bloodthirsty"
	},		
	"criteria": {
		"trigger": {
			"trigger": "minecraft:location",
			"conditions": {
				"player":  {
					"type_specific": {
						"type": "player",
						"stats": [
							{
								"type": "minecraft:custom",
								"stat": "minecraft:mob_kills",
								"value": {
									"min": 2500
								}
							}
						]
					}
				}
			}
		}
	}
}