{
	"display": {
		"icon": {
			"id": "minecraft:acacia_leaves"
		},
		"title": {"translate":"Boing, Boing"},
		"description": {"color":"#75E1FF","translate":"Jump 10,000 times"},
		"announce_to_chat": true,
		"frame": "goal"
	},
	"parent": "blazeandcave:statistics/spring_in_your_step",
	"rewards": {
		"function": "bacap_rewards:statistics/boing_boing"
	},		
	"criteria": {
		"trigger": {
			"trigger": "minecraft:location",
			"conditions": {
				"player":  {
					"type_specific": {
						"type": "player",
						"stats": [
							{
								"type": "minecraft:custom",
								"stat": "minecraft:jump",
								"value": {
									"min": 10000
								}
							}
						]
					}
				}
			}
		}
	}
}