{
	"display": {
		"icon": {
			"id": "minecraft:trident",
			"components": {
				"minecraft:enchantment_glint_override": true
			}
		},
		"title": {"translate":"Elderly Enchanter"},
		"description": {"color":"dark_purple","translate":"Enchant 250 items"},
		"announce_to_chat": true,
		"frame": "challenge"
	},
	"parent": "blazeandcave:statistics/journeyman_enchanter",
	"rewards": {
		"function": "bacap_rewards:statistics/elderly_enchanter"
	},		
	"criteria": {
		"trigger": {
			"trigger": "minecraft:location",
			"conditions": {
				"player":  {
					"type_specific": {
						"type": "player",
						"stats": [
							{
								"type": "minecraft:custom",
								"stat": "minecraft:enchant_item",
								"value": {
									"min": 250
								}
							}
						]
					}
				}
			}
		}
	}
}