{
	"display": {
		"icon": {
			"id": "minecraft:golden_carrot"
		},
		"title": {"translate":"Food, Glorious Food!"},
		"description": {"color":"dark_purple","translate":"Eat 5000 food items","extra":[{"text":"\n\n"},{"italic":true,"color":"dark_gray","translate":"To view progress, run:"},{"color":"gray","text":"\n/trigger bac_statistics"}]},
		"announce_to_chat": true,
		"frame": "challenge"
	},
	"parent": "blazeandcave:statistics/yum_yum_yummo",
	"rewards": {
		"function": "bacap_rewards:statistics/food_glorious_food"
	},		
	"criteria": {
		"trigger": {
			"trigger": "minecraft:impossible"
		}
	}
}