{
	"display": {
		"icon": {
			"id": "minecraft:firework_rocket"
		},
		"title": {"translate":"Frequent Flyer"},
		"description": {"color":"dark_purple","translate":"Fly 1000km with elytra"},
		"announce_to_chat": true,
		"frame": "challenge"
	},
	"parent": "blazeandcave:statistics/supersonic",
	"rewards": {
		"function": "bacap_rewards:statistics/frequent_flyer"
	},		
	"criteria": {
		"trigger": {
			"trigger": "minecraft:location",
			"conditions": {
				"player":  {
					"type_specific": {
						"type": "player",
						"stats": [
							{
								"type": "minecraft:custom",
								"stat": "minecraft:aviate_one_cm",
								"value": {
									"min": 100000000
								}
							}
						]
					}
				}
			}
		}
	}
}