{
	"display": {
		"icon": {
			"id": "minecraft:command_block_minecart"
		},
		"title": {"translate":"Global Railway Network"},
		"description": {"color":"dark_purple","translate":"Ride 50km in a minecart"},
		"announce_to_chat": true,
		"frame": "challenge"
	},
	"parent": "blazeandcave:statistics/i_like_trains",
	"rewards": {
		"function": "bacap_rewards:statistics/global_railway_network"
	},		
	"criteria": {
		"trigger": {
			"trigger": "minecraft:location",
			"conditions": {
				"player":  {
					"type_specific": {
						"type": "player",
						"stats": [
							{
								"type": "minecraft:custom",
								"stat": "minecraft:minecart_one_cm",
								"value": {
									"min": 5000000
								}
							}
						]
					}
				}
			}
		}
	}
}