{
	"display": {
		"icon": {
			"id": "minecraft:diamond_boots"
		},
		"title": {"translate":"I enjoy long walks & playing MC"},
		"description": {"color":"dark_purple","translate":"Walk 250km"},
		"announce_to_chat": true,
		"frame": "challenge"
	},
	"parent": "blazeandcave:statistics/who_needs_cars",
	"rewards": {
		"function": "bacap_rewards:statistics/i_enjoy_long_walks_and_playing_minecraft"
	},		
	"criteria": {
		"trigger": {
			"trigger": "minecraft:location",
			"conditions": {
				"player":  {
					"type_specific": {
						"type": "player",
						"stats": [
							{
								"type": "minecraft:custom",
								"stat": "minecraft:walk_one_cm",
								"value": {
									"min": 25000000
								}
							}
						]
					}
				}
			}
		}
	}
}