{
	"display": {
		"icon": {
			"id": "minecraft:ender_chest"
		},
		"title": {"translate":"I <3 Chests"},
		"description": {"color":"dark_purple","translate":"Open 500 loot chests","extra":[{"text":"\n\n"},{"italic":true,"color":"dark_gray","translate":"To view progress, run:"},{"color":"gray","text":"\n/trigger bac_statistics"}]},
		"announce_to_chat": true,
		"frame": "challenge"
	},
	"parent": "blazeandcave:statistics/more_for_me",
	"rewards": {
		"function": "bacap_rewards:statistics/i_heart_chests"
	},		
	"criteria": {
		"trigger": {
			"trigger": "minecraft:impossible"
		}
	}
}