{
	"display": {
		"icon": {
			"id": "minecraft:cyan_carpet"
		},
		"title": {"translate":"Jumping Jacks"},
		"description": {"color":"dark_purple","translate":"Jump 100,000 times"},
		"announce_to_chat": true,
		"frame": "challenge"
	},
	"parent": "blazeandcave:statistics/boing_boing",
	"rewards": {
		"function": "bacap_rewards:statistics/jumping_jacks"
	},		
	"criteria": {
		"trigger": {
			"trigger": "minecraft:location",
			"conditions": {
				"player":  {
					"type_specific": {
						"type": "player",
						"stats": [
							{
								"type": "minecraft:custom",
								"stat": "minecraft:jump",
								"value": {
									"min": 100000
								}
							}
						]
					}
				}
			}
		}
	}
}