{
	"display": {
		"icon": {
			"id": "minecraft:diamond_sword"
		},
		"title": {"translate":"Kill or be Killed"},
		"description": {"color":"dark_purple","translate":"Defeat 25,000 mobs"},
		"announce_to_chat": true,
		"frame": "challenge"
	},
	"parent": "blazeandcave:statistics/bloodthirsty",
	"rewards": {
		"function": "bacap_rewards:statistics/kill_or_be_killed"
	},		
	"criteria": {
		"trigger": {
			"trigger": "minecraft:location",
			"conditions": {
				"player":  {
					"type_specific": {
						"type": "player",
						"stats": [
							{
								"type": "minecraft:custom",
								"stat": "minecraft:mob_kills",
								"value": {
									"min": 25000
								}
							}
						]
					}
				}
			}
		}
	}
}