{
	"display": {
		"icon": {
			"id": "minecraft:leather_leggings",
			"components": {
				"minecraft:dyed_color": 41727
			}
		},
		"title": {"translate":"Laps in the pool"},
		"description": {"color":"green","translate":"Swim 1km"},
		"announce_to_chat": true
	},
	"parent": "blazeandcave:statistics/root",
	"rewards": {
		"function": "bacap_rewards:statistics/laps_in_the_pool"
	},		
	"criteria": {
		"trigger": {
			"trigger": "minecraft:location",
			"conditions": {
				"player":  {
					"type_specific": {
						"type": "player",
						"stats": [
							{
								"type": "minecraft:custom",
								"stat": "minecraft:swim_one_cm",
								"value": {
									"min": 100000
								}
							}
						]
					}
				}
			}
		}
	}
}