{
	"display": {
		"icon": {
			"id": "minecraft:minecart"
		},
		"title": {"translate":"Minecart Rider"},
		"description": {"color":"green","translate":"Ride 1km in a minecart"},
		"announce_to_chat": true
	},
	"parent": "blazeandcave:statistics/root",
	"rewards": {
		"function": "bacap_rewards:statistics/minecart_rider"
	},		
	"criteria": {
		"trigger": {
			"trigger": "minecraft:location",
			"conditions": {
				"player":  {
					"type_specific": {
						"type": "player",
						"stats": [
							{
								"type": "minecraft:custom",
								"stat": "minecraft:minecart_one_cm",
								"value": {
									"min": 100000
								}
							}
						]
					}
				}
			}
		}
	}
}