{
	"display": {
		"icon": {
			"id": "minecraft:stone_sword"
		},
		"title": {"translate":"Mob Hunter"},
		"description": {"color":"green","translate":"Defeat 250 mobs"},
		"announce_to_chat": true
	},
	"parent": "blazeandcave:technical/you_are_a_big_cheater",
	"rewards": {
		"function": "bacap_rewards:statistics/mob_hunter"
	},		
	"criteria": {
		"trigger": {
			"trigger": "minecraft:location",
			"conditions": {
				"player":  {
					"type_specific": {
						"type": "player",
						"stats": [
							{
								"type": "minecraft:custom",
								"stat": "minecraft:mob_kills",
								"value": {
									"min": 250
								}
							}
						]
					}
				}
			}
		}
	}
}