{
	"display": {
		"icon": {
			"id": "minecraft:iron_sword",
			"components": {
				"minecraft:enchantment_glint_override": true
			}
		},
		"title": {"translate":"Novice Enchanter"},
		"description": {"color":"green","translate":"Enchant 10 items"},
		"announce_to_chat": true
	},
	"parent": "blazeandcave:technical/you_are_a_big_cheater",
	"rewards": {
		"function": "bacap_rewards:statistics/novice_enchanter"
	},		
	"criteria": {
		"trigger": {
			"trigger": "minecraft:location",
			"conditions": {
				"player":  {
					"type_specific": {
						"type": "player",
						"stats": [
							{
								"type": "minecraft:custom",
								"stat": "minecraft:enchant_item",
								"value": {
									"min": 10
								}
							}
						]
					}
				}
			}
		}
	}
}