{
	"display": {
		"icon": {
			"id": "minecraft:golden_leggings"
		},
		"title": {"translate":"Olympic Athlete"},
		"description": {"color":"#75E1FF","translate":"Swim 10km"},
		"announce_to_chat": true,
		"frame": "goal"
	},
	"parent": "blazeandcave:statistics/laps_in_the_pool",
	"rewards": {
		"function": "bacap_rewards:statistics/olympic_athlete"
	},		
	"criteria": {
		"trigger": {
			"trigger": "minecraft:location",
			"conditions": {
				"player":  {
					"type_specific": {
						"type": "player",
						"stats": [
							{
								"type": "minecraft:custom",
								"stat": "minecraft:swim_one_cm",
								"value": {
									"min": 1000000
								}
							}
						]
					}
				}
			}
		}
	}
}