{
	"display": {
		"icon": {
			"id": "minecraft:bread"
		},
		"title": {"translate":"Om Nom Nom"},
		"description": {"color":"green","translate":"Eat 200 food items","extra":[{"text":"\n\n"},{"italic":true,"color":"dark_gray","translate":"To view progress, run:"},{"color":"gray","text":"\n/trigger bac_statistics"}]},
		"announce_to_chat": true
	},
	"parent": "blazeandcave:technical/you_are_a_big_cheater",
	"rewards": {
		"function": "bacap_rewards:statistics/om_nom_nom"
	},		
	"criteria": {
		"trigger": {
			"trigger": "minecraft:impossible"
		}
	}
}