{
	"display": {
		"icon": {
			"id": "minecraft:leather_boots"
		},
		"title": {"translate":"Out for a stroll"},
		"description": {"color":"green","translate":"Walk 10km"},
		"announce_to_chat": true
	},
	"parent": "blazeandcave:statistics/root",
	"rewards": {
		"function": "bacap_rewards:statistics/out_for_a_stroll"
	},		
	"criteria": {
		"trigger": {
			"trigger": "minecraft:location",
			"conditions": {
				"player":  {
					"type_specific": {
						"type": "player",
						"stats": [
							{
								"type": "minecraft:custom",
								"stat": "minecraft:walk_one_cm",
								"value": {
									"min": 1000000
								}
							}
						]
					}
				}
			}
		}
	}
}