{
	"display": {
		"icon": {
			"id": "minecraft:enchanted_book",
			"components": {
				"minecraft:enchantment_glint_override": true
			}
		},
		"title": {"translate":"Overlevelling"},
		"description": {"color":"#75E1FF","translate":"Reach 100 experience levels"},
		"announce_to_chat": true,
		"frame": "goal"
	},
	"parent": "blazeandcave:statistics/level_up",
	"rewards": {
		"function": "bacap_rewards:statistics/overlevelling"
	},		
	"criteria": {
		"trigger": {
			"trigger": "minecraft:location",
			"conditions": {
				"player":  {
					"type_specific": {
						"type": "player",
						"level": {
							"min": 100
						}
					}
				}
			}
		}
	}
}