{
	"display": {
		"icon": {
			"id": "minecraft:clock"
		},
		"title": {"translate":"Passing the Time"},
		"description": {"color":"#75E1FF","translate":"Play for 100 days","extra":[{"text":"\n\n"},{"italic":true,"color":"dark_gray","translate":"To view progress, run:"},{"color":"gray","text":"\n/trigger bac_statistics"}]},
		"announce_to_chat": true,
		"frame": "goal"
	},
	"parent": "blazeandcave:statistics/the_first_night",
	"rewards": {
		"function": "bacap_rewards:statistics/passing_the_time"
	},		
	"criteria": {
		"trigger": {
			"trigger": "minecraft:impossible"
		}
	}
}