{
	"display": {
		"icon": {
			"id": "minecraft:spruce_boat"
		},
		"title": {"translate":"Pirate Captain"},
		"description": {"color":"#75E1FF","translate":"Sail 10km in a boat"},
		"announce_to_chat": true,
		"frame": "goal"
	},
	"parent": "blazeandcave:statistics/luxury_cruise",
	"rewards": {
		"function": "bacap_rewards:statistics/pirate_captain"
	},		
	"criteria": {
		"trigger": {
			"trigger": "minecraft:location",
			"conditions": {
				"player":  {
					"type_specific": {
						"type": "player",
						"stats": [
							{
								"type": "minecraft:custom",
								"stat": "minecraft:boat_one_cm",
								"value": {
									"min": 1000000
								}
							}
						]
					}
				}
			}
		}
	}
}