{
	"display": {
		"icon": {
			"id": "minecraft:writable_book"
		},
		"title": {"translate":"Statistics"},
		"description": {"color":"#CCCCCC","translate":"If your numbers go up, you're having more fun"},
		"background": "minecraft:textures/block/loom_side.png",
		"show_toast": false,
		"announce_to_chat": false
	},
	"rewards": {
		"function": "bacap_rewards:statistics/root"
	},		
	"criteria": {
		"the_first_night": {
			"trigger": "minecraft:location",
			"conditions": {
				"player":  {
					"type_specific": {
						"type": "player",
						"advancements": {
							"blazeandcave:statistics/the_first_night": true
						}
					}
				}
			}
		},
		"diamond": {
			"trigger": "minecraft:inventory_changed",
			"conditions": {
				"items": [
					{
						"items": [
							"minecraft:diamond"
						]
					}
				]
			}
		},
		"entered_nether_portal": {
			"trigger": "minecraft:enter_block",
			"conditions": {
				"block": "minecraft:nether_portal"
			}
		},
		"entered_end_portal": {
			"trigger": "minecraft:enter_block",
			"conditions": {
				"block": "minecraft:end_portal"
			}
		}
	},
	"requirements": [
		[
			"the_first_night",
			"diamond",
			"entered_nether_portal",
			"entered_end_portal"
		]
	]
}