{
	"display": {
		"icon": {
			"id": "minecraft:dark_oak_boat"
		},
		"title": {"translate":"Sailor of the Seven Seas"},
		"description": {"color":"dark_purple","translate":"Sail 50km in a boat"},
		"announce_to_chat": true,
		"frame": "challenge"
	},
	"parent": "blazeandcave:statistics/pirate_captain",
	"rewards": {
		"function": "bacap_rewards:statistics/sailor_of_the_seven_seas"
	},		
	"criteria": {
		"trigger": {
			"trigger": "minecraft:location",
			"conditions": {
				"player":  {
					"type_specific": {
						"type": "player",
						"stats": [
							{
								"type": "minecraft:custom",
								"stat": "minecraft:boat_one_cm",
								"value": {
									"min": 5000000
								}
							}
						]
					}
				}
			}
		}
	}
}