{
	"display": {
		"icon": {
			"id": "minecraft:diamond_horse_armor"
		},
		"title": {"translate":"Scourge of the West"},
		"description": {"color":"dark_purple","translate":"Ride 50km on a horse"},
		"announce_to_chat": true,
		"frame": "challenge"
	},
	"parent": "blazeandcave:statistics/sheriff_firearm",
	"rewards": {
		"function": "bacap_rewards:statistics/scourge_of_the_west"
	},		
	"criteria": {
		"trigger": {
			"trigger": "minecraft:location",
			"conditions": {
				"player":  {
					"type_specific": {
						"type": "player",
						"stats": [
							{
								"type": "minecraft:custom",
								"stat": "minecraft:horse_one_cm",
								"value": {
									"min": 5000000
								}
							}
						]
					}
				}
			}
		}
	}
}