{
	"display": {
		"icon": {
			"id": "minecraft:leather_boots",
			"components": {
				"minecraft:dyed_color": 0
			}
		},
		"title": {"translate":"Sneaky Snitch"},
		"description": {"color":"green","translate":"Sneak 100m"},
		"announce_to_chat": true
	},
	"parent": "blazeandcave:statistics/root",
	"rewards": {
		"function": "bacap_rewards:statistics/sneaky_snitch"
	},		
	"criteria": {
		"trigger": {
			"trigger": "minecraft:location",
			"conditions": {
				"player":  {
					"type_specific": {
						"type": "player",
						"stats": [
							{
								"type": "minecraft:custom",
								"stat": "minecraft:crouch_one_cm",
								"value": {
									"min": 10000
								}
							}
						]
					}
				}
			}
		}
	}
}