{
	"display": {
		"icon": {
			"id": "minecraft:carrot_on_a_stick"
		},
		"title": {"translate":"Snout 500"},
		"description": {"color":"#75E1FF","translate":"Ride 1km on a pig"},
		"announce_to_chat": true,
		"frame": "goal"
	},
	"parent": "blazeandcave:statistics/pig_training",
	"rewards": {
		"function": "bacap_rewards:statistics/snout_500"
	},		
	"criteria": {
		"trigger": {
			"trigger": "minecraft:location",
			"conditions": {
				"player":  {
					"type_specific": {
						"type": "player",
						"stats": [
							{
								"type": "minecraft:custom",
								"stat": "minecraft:pig_one_cm",
								"value": {
									"min": 100000
								}
							}
						]
					}
				}
			}
		}
	}
}