{
	"display": {
		"icon": {
			"id": "minecraft:egg"
		},
		"title": {"translate":"STONKS!"},
		"description": {"color":"dark_purple","translate":"Trade with villagers 2500 times"},
		"announce_to_chat": true,
		"frame": "challenge"
	},
	"parent": "blazeandcave:statistics/big_spender",
	"rewards": {
		"function": "bacap_rewards:statistics/stonks"
	},		
	"criteria": {
		"trigger": {
			"trigger": "minecraft:location",
			"conditions": {
				"player":  {
					"type_specific": {
						"type": "player",
						"stats": [
							{
								"type": "minecraft:custom",
								"stat": "minecraft:traded_with_villager",
								"value": {
									"min": 2500
								}
							}
						]
					}
				}
			}
		}
	}
}