{
	"display": {
		"icon": {
			"id": "minecraft:phantom_membrane"
		},
		"title": {"translate":"Take to the Skies"},
		"description": {"color":"green","translate":"Fly 10km with elytra"},
		"announce_to_chat": true
	},
	"parent": "blazeandcave:statistics/root",
	"rewards": {
		"function": "bacap_rewards:statistics/take_to_the_skies"
	},		
	"criteria": {
		"trigger": {
			"trigger": "minecraft:location",
			"conditions": {
				"player":  {
					"type_specific": {
						"type": "player",
						"stats": [
							{
								"type": "minecraft:custom",
								"stat": "minecraft:aviate_one_cm",
								"value": {
									"min": 1000000
								}
							}
						]
					}
				}
			}
		}
	}
}