{
	"display": {
		"icon": {
			"id": "minecraft:lava_bucket"
		},
		"title": {"translate":"Taking It In Stride"},
		"description": {"color":"green","translate":"Ride 100m on a Strider"},
		"announce_to_chat": true,
		"frame": "task"
	},
	"parent": "blazeandcave:statistics/root",
	"rewards": {
		"function": "bacap_rewards:statistics/taking_it_in_stride"
	},		
	"criteria": {
		"trigger": {
			"trigger": "minecraft:location",
			"conditions": {
				"player":  {
					"type_specific": {
						"type": "player",
						"stats": [
							{
								"type": "minecraft:custom",
								"stat": "minecraft:strider_one_cm",
								"value": {
									"min": 10000
								}
							}
						]
					}
				}
			}
		}
	}
}