{
	"display": {
		"icon": {
			"id": "minecraft:porkchop"
		},
		"title": {"translate":"The Parrots and the Bats"},
		"description": {"color":"green","translate":"Breed 100 animals"},
		"announce_to_chat": true
	},
	"parent": "blazeandcave:technical/you_are_a_big_cheater",
	"rewards": {
		"function": "bacap_rewards:statistics/the_parrots_and_the_bats"
	},		
	"criteria": {
		"trigger": {
			"trigger": "minecraft:location",
			"conditions": {
				"player":  {
					"type_specific": {
						"type": "player",
						"stats": [
							{
								"type": "minecraft:custom",
								"stat": "minecraft:animals_bred",
								"value": {
									"min": 100
								}
							}
						]
					}
				}
			}
		}
	}
}