{
	"display": {
		"icon": {
			"id": "minecraft:strider_spawn_egg"
		},
		"title": {"translate":"This Ride Is Lit, Yo!"},
		"description": {"color":"dark_purple","translate":"Ride 10km on a Strider"},
		"announce_to_chat": true,
		"frame": "challenge"
	},
	"parent": "blazeandcave:statistics/who_needs_boats",
	"rewards": {
		"function": "bacap_rewards:statistics/this_ride_is_lit_yo"
	},		
	"criteria": {
		"trigger": {
			"trigger": "minecraft:location",
			"conditions": {
				"player":  {
					"type_specific": {
						"type": "player",
						"stats": [
							{
								"type": "minecraft:custom",
								"stat": "minecraft:strider_one_cm",
								"value": {
									"min": 1000000
								}
							}
						]
					}
				}
			}
		}
	}
}