{
	"display": {
		"icon": {
			"id": "minecraft:chicken"
		},
		"title": {"translate":"Two By Two"},
		"description": {"color":"dark_purple","translate":"Breed 2500 animals"},
		"announce_to_chat": true,
		"frame": "challenge"
	},
	"parent": "blazeandcave:statistics/cupid",
	"rewards": {
		"function": "bacap_rewards:statistics/two_by_two"
	},		
	"criteria": {
		"trigger": {
			"trigger": "minecraft:location",
			"conditions": {
				"player":  {
					"type_specific": {
						"type": "player",
						"stats": [
							{
								"type": "minecraft:custom",
								"stat": "minecraft:animals_bred",
								"value": {
									"min": 2500
								}
							}
						]
					}
				}
			}
		}
	}
}