{
	"display": {
		"icon": {
			"id": "minecraft:iron_boots"
		},
		"title": {"translate":"Who needs cars?"},
		"description": {"color":"#75E1FF","translate":"Walk 50km"},
		"announce_to_chat": true,
		"frame": "goal"
	},
	"parent": "blazeandcave:statistics/out_for_a_stroll",
	"rewards": {
		"function": "bacap_rewards:statistics/who_needs_cars"
	},		
	"criteria": {
		"trigger": {
			"trigger": "minecraft:location",
			"conditions": {
				"player":  {
					"type_specific": {
						"type": "player",
						"stats": [
							{
								"type": "minecraft:custom",
								"stat": "minecraft:walk_one_cm",
								"value": {
									"min": 5000000
								}
							}
						]
					}
				}
			}
		}
	}
}