{
	"display": {
		"icon": {
			"id": "minecraft:warped_fungus_on_a_stick"
		},
		"title": {"translate":"Who Needs Boats?"},
		"description": {"color":"#75E1FF","translate":"Ride 1km on a Strider"},
		"announce_to_chat": true,
		"frame": "goal"
	},
	"parent": "blazeandcave:statistics/taking_it_in_stride",
	"rewards": {
		"function": "bacap_rewards:statistics/who_needs_boats"
	},		
	"criteria": {
		"trigger": {
			"trigger": "minecraft:location",
			"conditions": {
				"player":  {
					"type_specific": {
						"type": "player",
						"stats": [
							{
								"type": "minecraft:custom",
								"stat": "minecraft:strider_one_cm",
								"value": {
									"min": 100000
								}
							}
						]
					}
				}
			}
		}
	}
}