{
	"display": {
		"icon": {
			"id": "minecraft:lapis_block",
			"components": {
				"minecraft:enchantment_glint_override": true
			}
		},
		"title": {"translate":"XP Grinder"},
		"description": {"color":"dark_purple","translate":"Reach 300 experience levels"},
		"announce_to_chat": true,
		"frame": "challenge"
	},
	"parent": "blazeandcave:statistics/overlevelling",
	"rewards": {
		"function": "bacap_rewards:statistics/xp_grinder"
	},		
	"criteria": {
		"trigger": {
			"trigger": "minecraft:location",
			"conditions": {
				"player":  {
					"type_specific": {
						"type": "player",
						"level": {
							"min": 300
						}
					}
				}
			}
		}
	}
}