{
	"display": {
		"icon": {
			"id": "minecraft:chainmail_leggings"
		},
		"title": {"translate":"Your legs must be tired"},
		"description": {"color":"dark_purple","translate":"Sprint 250km"},
		"announce_to_chat": true,
		"frame": "challenge"
	},
	"parent": "blazeandcave:statistics/marathon",
	"rewards": {
		"function": "bacap_rewards:statistics/your_legs_must_be_tired"
	},		
	"criteria": {
		"trigger": {
			"trigger": "minecraft:location",
			"conditions": {
				"player":  {
					"type_specific": {
						"type": "player",
						"stats": [
							{
								"type": "minecraft:custom",
								"stat": "minecraft:sprint_one_cm",
								"value": {
									"min": 25000000
								}
							}
						]
					}
				}
			}
		}
	}
}