{
	"display": {
		"icon": {
			"id": "minecraft:cooked_beef"
		},
		"title": {"translate":"Yum Yum Yummo"},
		"description": {"color":"#75E1FF","translate":"Eat 1000 food items","extra":[{"text":"\n\n"},{"italic":true,"color":"dark_gray","translate":"To view progress, run:"},{"color":"gray","text":"\n/trigger bac_statistics"}]},
		"announce_to_chat": true,
		"frame": "goal"
	},
	"parent": "blazeandcave:statistics/om_nom_nom",
	"rewards": {
		"function": "bacap_rewards:statistics/yum_yum_yummo"
	},		
	"criteria": {
		"trigger": {
			"trigger": "minecraft:impossible"
		}
	}
}