{
  "type": "minecraft:tree",
  "config": {
    "ignore_vines": true,
    "force_dirt": false,
    "minimum_size": {
      "type": "minecraft:two_layers_feature_size",
      "limit": 2,
      "lower_size": 0,
      "upper_size": 2
    },
    "dirt_provider": {
      "type": "minecraft:simple_state_provider",
      "state": {
        "Name": "minecraft:dirt"
      }
    },
    "trunk_provider": {
      "type": "minecraft:simple_state_provider",
      "state": {
        "Name": "minecraft:jungle_log",
        "Properties": {
          "axis": "y"
        }
      }
    },
    "foliage_provider": {
      "type": "minecraft:simple_state_provider",
      "state": {
        "Name": "minecraft:jungle_leaves",
        "Properties": {
          "distance": "7",
          "persistent": "false",
          "waterlogged": "false"
        }
      }
    },
    "trunk_placer": {
      "type": "minecraft:cherry_trunk_placer",
      "base_height": 6,
      "height_rand_a": 11,
      "height_rand_b": 0,
      "branch_count": {
        "type": "minecraft:weighted_list",
        "distribution": [
          {
            "weight": 1,
            "data": 2
          },
          {
            "weight": 1,
            "data": 3
          }
        ]
      },
      "branch_horizontal_length": {
        "type": "minecraft:uniform",
          "min_inclusive": 2,
          "max_inclusive": 3
      },
      "branch_start_offset_from_top": {
        "min_inclusive": -4,
        "max_inclusive": -3
      },
      "branch_end_offset_from_top": {
        "type": "minecraft:uniform",
          "min_inclusive": -1,
          "max_inclusive": 0
      }
    },
    "foliage_placer": {
      "type": "minecraft:jungle_foliage_placer",
      "radius": 1,
      "offset": 0,
      "height": 1
    },
    "decorators": [
      {
        "type": "minecraft:attached_to_leaves",
        "probability": 0.35,
        "exclusion_radius_xz": 0,
        "exclusion_radius_y": 0,
        "required_empty_blocks": 1,
        "block_provider": {
          "type": "minecraft:simple_state_provider",
          "state": {
            "Name": "minecraft:jungle_leaves",
            "Properties": {
              "distance": "7",
              "persistent": "false",
              "waterlogged": "false"
            }
          }
        },
        "directions": [
          "down"
        ]
      },
      {
        "type": "minecraft:leave_vine",
        "probability": 0.05
      },
      {
        "type": "minecraft:beehive",
        "probability": 0.01
      }
    ]
  }
}
