{
  "criteria": {
    "requirement": {
      "trigger": "minecraft:player_hurt_entity",
      "conditions": {
        "player": {
          "equipment": {
            "mainhand": {
              "items": "#minecraft:swords",
              "predicates": {
                "minecraft:attribute_modifiers": {
                  "modifiers": {
                    "contains": [
                      {
                        "id": "attack_damage.greatsword"
                      }
                    ]
                  }
                },
                "minecraft:enchantments": [
                  {
                    "enchantments": "minecraft:sweeping_edge",
                    "levels": 1
                  }
                ]
              }
            }
          }
        }
      }
    }
  },
  "rewards": {
    "function": "ppgwe:item/greatsword/wide_sweep_check_1"
  }
}
