{
  "condition": "minecraft:entity_properties",
  "entity": "this",
  "predicate": {
    "equipment": {
      "mainhand": {
        "items": "#minecraft:swords",
        "predicates": {
          "minecraft:attribute_modifiers": {
            "modifiers": {
              "contains": [
                {
                  "id": "attack_damage.twinblade"
                },
                {
                  "id": "attack_speed.spin_combo_spin1",
                  "amount": {
                    "min": 0.1
                  }
                }
              ]
            }
          }
        }
      }
    }
  }
}
