{
	"type": "minecraft:vegetation_patch",
	"config": {
		"surface": "floor",
		"depth": 1,
		"vertical_range": 4,
		"extra_bottom_block_chance": 0,
		"extra_edge_column_chance": 0.3,
		"vegetation_chance": 1,
		"xz_radius": {
			"type": "minecraft:biased_to_bottom",
			
				"min_inclusive": 3,
				"max_inclusive": 5
			
		},
		"replaceable": "#cavernous:biomes/lush/marshy_caves/ground",
		"ground_state": {
			"type": "minecraft:simple_state_provider",
			"state": {
				"Name": "minecraft:grass_block",
				"Properties": {
					"snowy": "false"
				}
			}
		},
		"vegetation_feature": {
			"feature": {
				"type": "minecraft:no_op",
				"config": {}
			},
			"placement": []
		}
	}
}
