{
	"type": "minecraft:waterlogged_vegetation_patch",
	"config": {
		"surface": "floor",
		"depth": 3,
		"vertical_range": 5,
		"extra_bottom_block_chance": 0.8,
		"extra_edge_column_chance": 0.7,
		"vegetation_chance": 0.2,
		"xz_radius": {
			"type": "minecraft:uniform",
			
				"min_inclusive": 3,
				"max_inclusive": 7
			
		},
		"replaceable": "#cavernous:biomes/lush/marshy_caves/ground",
		"ground_state": {
			"type": "minecraft:simple_state_provider",
			"state": {
				"Name": "minecraft:mud"
			}
		},
		"vegetation_feature": {
			"feature": {
				"type": "minecraft:block_column",
				"config": {
					"direction": "up",
					"allowed_placement": {
						"type": "minecraft:true"
					},
					"prioritize_tip": true,
					"layers": [
						{
							"height": 1,
							"provider": {
								"type": "minecraft:simple_state_provider",
								"state": {
									"Name": "minecraft:water",
									"Properties": {
										"level": "0"
									}
								}
							}
						},
						{
							"height": 1,
							"provider": {
								"type": "minecraft:simple_state_provider",
								"state": {
									"Name": "minecraft:lily_pad"
								}
							}
						}
					]
				}
			},
			"placement": []
		}
	}
}
