{
  "display": {
    "icon": {
      "id": "minecraft:clock",
      "components": {
        "minecraft:custom_model_data": {
          "floats": [
            6548003
          ]
        }
      }
    },
    "title": {
      "translate": "rrc.h-nigh.advancement.eternal_night.title",
      "fallback": "A Night Even Longer...",
      "color": "dark_red",
      "bold": true,
      "italic": true,
      "underlined": false,
      "strikethrough": false,
      "obfuscated": false
    },
    "description": {
      "translate": "rrc.h-nigh.advancement.eternal_night.description",
      "fallback": "Survive a SUPER Moon...",
      "bold": false,
      "italic": true,
      "underlined": false,
      "strikethrough": false,
      "obfuscated": false
    },
    "frame": "challenge",
    "show_toast": true,
    "announce_to_chat": true,
    "hidden": false
  },
  "parent": "h-nigh:long_night",
  "criteria": {
    "Long Night": {
      "trigger": "minecraft:impossible"
    }
  },
  "rewards": {
    "experience": 2000
  }
}