{
  "display": {
    "icon": {
      "id": "minecraft:clock",
      "components": {
        "minecraft:custom_model_data": {
          "floats": [
            6548002
          ]
        }
      }
    },
    "title": {
      "translate": "rrc.h-nigh.advancement.many_nights.title",
      "fallback": "Nightly Dedication!",
      "color": "dark_red",
      "bold": true,
      "underlined": false,
      "strikethrough": false,
      "obfuscated": false
    },
    "description": [
      {
        "translate": "rrc.h-nigh.advancement.many_nights.description",
        "fallback": "Survive 100 Blood Moons...",
        "color": "#FF2A2A",
        "bold": false,
        "italic": true,
        "underlined": false,
        "strikethrough": false,
        "obfuscated": false
      },
      "\n\n",
      {
        "translate": "rrc.generic.identifier.h-nigh.title",
        "fallback": "Horde Nights",
        "color": "#BA0000",
        "bold": true,
        "italic": true
      }
    ],
    "frame": "challenge",
    "show_toast": true,
    "announce_to_chat": true,
    "hidden": false
  },
  "parent": "blazeandcave:challenges/the_world_is_ending",
  "criteria": {
    "Long Night": {
      "trigger": "minecraft:impossible"
    }
  },
  "rewards": {
    "experience": 10000
  }
}