{
    "name": "luistercorp:champivaca",
    "fallback": "minecraft:empty",
    "elements": [
      {
        "weight": 1,
        "element": {
          "element_type": "minecraft:single_pool_element",
          "projection": "rigid",
          "location": "luistercorp:champivaca/tronco_hongo_marron_mycelio",
          "processors": "minecraft:empty"
        }
      },
      {
        "weight": 1,
        "element": {
          "element_type": "minecraft:single_pool_element",
          "projection": "rigid",
          "location": "luistercorp:champivaca/tronco_hongo_rojo_mycelio",
          "processors": "minecraft:empty"
        }
      },
      {
        "weight": 1,
        "element": {
          "element_type": "minecraft:single_pool_element",
          "projection": "rigid",
          "location": "luistercorp:champivaca/tronco_hongo_marron_mycelio_variacion",
          "processors": "minecraft:empty"
        }
      },
      {
        "weight": 1,
        "element": {
          "element_type": "minecraft:single_pool_element",
          "projection": "rigid",
          "location": "luistercorp:champivaca/tronco_hongo_rojo_mycelio_variacion",
          "processors": "minecraft:empty"
        }
      }
    ]
  }