{
    "criteria": {
        "requirement": {
            "trigger": "minecraft:placed_block",
            "conditions": {
                "location": [
                    {
                        "condition": "minecraft:location_check",
                        "predicate": {
                            "block": {
                                "blocks": "#rbp:valid_container",
                                "nbt": "{components:{\"minecraft:custom_data\":{chestpack:1}}}"
                            }
                        }
                    }
                ]
            }
        }
    },
    "rewards": {
        "function": "rbp:place/container"
    }
}