{
  "display": {
    "icon": {
      "id": "minecraft:golden_axe",
      "count": 1
    },
    "title": "The Piglin Lumberjack",
    "description": "Find all Fallen Fungus in the Nether",
    "frame": "challenge",
    "show_toast": true,
    "announce_to_chat": true,
    "hidden": false
  },
  "parent": "minecraft:nether/distract_piglin",
  "criteria": {
    "warped": {
      "trigger": "minecraft:location",
      "conditions": {
        "player": [
          {
            "condition": "minecraft:entity_properties",
            "entity": "this",
            "predicate": {
              "location": {
                "structures": "luistercorp:fallen_fungus_warped"
              }
            }
          }
        ]
      }
    },
    "crimson": {
      "trigger": "minecraft:location",
      "conditions": {
        "player": [
          {
            "condition": "minecraft:entity_properties",
            "entity": "this",
            "predicate": {
              "location": {
                "structures": "luistercorp:fallen_fungus_crimson"
              }
            }
          }
        ]
      }
    }
  },
  "requirements": [
    [
      "warped"
    ],
    [
      "crimson"
    ]
  ]
}