{
  "display": {
    "icon": {
      "id": "minecraft:red_mushroom",
      "count": 1
    },
    "title": "Our Princess is in another Mushroom!",
    "description": "Find all Fallen Mushrooms in the Overworld",
    "frame": "challenge",
    "show_toast": true,
    "announce_to_chat": true,
    "hidden": false
  },
  "parent": "minecraft:story/smelt_iron",
  "criteria": {
    "champivaca": {
      "trigger": "minecraft:location",
      "conditions": {
        "player": [
          {
            "condition": "minecraft:entity_properties",
            "entity": "this",
            "predicate": {
              "location": {
                "structures": "luistercorp:fallen_mushroom_mycelium"
              }
            }
          }
        ]
      }
    },
    "roble_oscuro": {
      "trigger": "minecraft:location",
      "conditions": {
        "player": [
          {
            "condition": "minecraft:entity_properties",
            "entity": "this",
            "predicate": {
              "location": {
                "structures": "luistercorp:fallen_mushroom_dark_oak"
              }
            }
          }
        ]
      }
    }
  },
  "requirements": [
    [
      "champivaca"
    ],
    [
      "roble_oscuro"
    ]
  ]
}