{
    "fallback": "minecraft:empty",
    "elements": [
        {
            "weight": 1,
            "element": {
                "projection": "rigid",
                "element_type": "minecraft:empty_pool_element"
            }
        },
        {
            "weight": 1,
            "element": {
                "location": "forsaken:wells/rustic/oak/small/hole/end/water/1",
                "processors": "forsaken:wells/rustic/oak/hole",
                "projection": "rigid",
                "element_type": "minecraft:single_pool_element"
            }
        },
        {
            "weight": 1,
            "element": {
                "location": "forsaken:wells/rustic/oak/small/hole/end/water/2",
                "processors": "forsaken:wells/rustic/oak/hole",
                "projection": "rigid",
                "element_type": "minecraft:single_pool_element"
            }
        },
        {
            "weight": 1,
            "element": {
                "location": "forsaken:wells/rustic/oak/small/hole/end/water/3",
                "processors": "forsaken:wells/rustic/oak/hole",
                "projection": "rigid",
                "element_type": "minecraft:single_pool_element"
            }
        },
        {
            "weight": 1,
            "element": {
                "location": "forsaken:wells/rustic/oak/small/hole/end/water/4",
                "processors": "forsaken:wells/rustic/oak/hole",
                "projection": "rigid",
                "element_type": "minecraft:single_pool_element"
            }
        }
    ]
}