{
    "type": "minecraft:random_patch",
    "config": {
        "tries": 5,
        "xz_spread": 5,
        "y_spread": 5,
        "feature": {
            "feature": {
                "type": "minecraft:simple_block",
                "config": {
                    "to_place": {
                        "type": "minecraft:simple_state_provider",
                        "state": {
                            "Name": "minecraft:frogspawn"
                        }
                    }
                }
            },
            "placement": [
                {
                    "type": "minecraft:block_predicate_filter",
                    "predicate": {
                        "type": "minecraft:all_of",
                        "predicates": [
                            {
                                "type": "minecraft:matching_blocks",
                                "offset": [
                                    0,
                                    0,
                                    0
                                ],
                                "blocks": "minecraft:air"
                            },
                            {
                                "type": "minecraft:would_survive",
                                "offset": [
                                    0,
                                    0,
                                    0
                                ],
                                "state": {
                                    "Name": "minecraft:frogspawn"
                                }
                            }
                        ]
                    }
                }
            ]
        }
    }
}