{
  "elements": [
    {
      "element": {
        "element_type": "minecraft:single_pool_element",
        "location": "pale_formations:fountain/large_fountain_1",
        "processors": "pale_formations:fountain/fountain",
        "projection": "rigid"
      },
      "weight": 1
    },
    {
      "element": {
        "element_type": "minecraft:single_pool_element",
        "location": "pale_formations:fountain/large_fountain_2",
        "processors": "pale_formations:fountain/fountain",
        "projection": "rigid"
      },
      "weight": 1
    },
    {
      "element": {
        "element_type": "minecraft:single_pool_element",
        "location": "pale_formations:fountain/small_fountain_1",
        "processors": "pale_formations:fountain/fountain",
        "projection": "rigid"
      },
      "weight": 1
    },
    {
      "element": {
        "element_type": "minecraft:single_pool_element",
        "location": "pale_formations:fountain/small_fountain_2",
        "processors": "pale_formations:fountain/destroyed_fountain",
        "projection": "rigid"
      },
      "weight": 1
    }
  ],
  "fallback": "minecraft:empty"
}