{
    "fallback": "minecraft:empty",
    "elements": [
        {
            "weight": 1,
            "element": {
                "location": "forsaken:homes/desert/small1",
                "processors": "forsaken:homes/desert",
                "projection": "rigid",
                "element_type": "minecraft:legacy_single_pool_element"
            }
        },
        {
            "weight": 1,
            "element": {
                "location": "forsaken:homes/desert/small2",
                "processors": "forsaken:homes/desert",
                "projection": "rigid",
                "element_type": "minecraft:legacy_single_pool_element"
            }
        },
        {
            "weight": 1,
            "element": {
                "location": "forsaken:homes/desert/small3",
                "processors": "forsaken:homes/desert",
                "projection": "rigid",
                "element_type": "minecraft:legacy_single_pool_element"
            }
        },
        {
            "weight": 1,
            "element": {
                "location": "forsaken:homes/desert/medium1",
                "processors": "forsaken:homes/desert",
                "projection": "rigid",
                "element_type": "minecraft:legacy_single_pool_element"
            }
        },
        {
            "weight": 1,
            "element": {
                "location": "forsaken:homes/desert/medium2",
                "processors": "forsaken:homes/desert",
                "projection": "rigid",
                "element_type": "minecraft:legacy_single_pool_element"
            }
        },
        {
            "weight": 1,
            "element": {
                "location": "forsaken:homes/desert/medium3",
                "processors": "forsaken:homes/desert",
                "projection": "rigid",
                "element_type": "minecraft:legacy_single_pool_element"
            }
        },
        {
            "weight": 1,
            "element": {
                "location": "forsaken:homes/desert/big1",
                "processors": "forsaken:homes/desert",
                "projection": "rigid",
                "element_type": "minecraft:legacy_single_pool_element"
            }
        },
        {
            "weight": 1,
            "element": {
                "location": "forsaken:homes/desert/big2",
                "processors": "forsaken:homes/desert",
                "projection": "rigid",
                "element_type": "minecraft:legacy_single_pool_element"
            }
        },
        {
            "weight": 1,
            "element": {
                "location": "forsaken:homes/desert/big3",
                "processors": "forsaken:homes/desert",
                "projection": "rigid",
                "element_type": "minecraft:legacy_single_pool_element"
            }
        }
    ]
}