{
    "fallback": "minecraft:empty",
    "elements": [
        {
            "weight": 1,
            "element": {
                "location": "forsaken:homes/cellar/bricks/ladder",
                "processors": "forsaken:homes/cellar/bricks",
                "projection": "rigid",
                "element_type": "minecraft:single_pool_element"
            }
        },
        {
            "weight": 1,
            "element": {
                "location": "forsaken:homes/cellar/bricks/small1",
                "processors": "forsaken:homes/cellar/bricks",
                "projection": "rigid",
                "element_type": "minecraft:single_pool_element"
            }
        },
        {
            "weight": 1,
            "element": {
                "location": "forsaken:homes/cellar/bricks/small2",
                "processors": "forsaken:homes/cellar/bricks",
                "projection": "rigid",
                "element_type": "minecraft:single_pool_element"
            }
        },
        {
            "weight": 1,
            "element": {
                "location": "forsaken:homes/cellar/bricks/small3",
                "processors": "forsaken:homes/cellar/bricks",
                "projection": "rigid",
                "element_type": "minecraft:single_pool_element"
            }
        },
        {
            "weight": 1,
            "element": {
                "location": "forsaken:homes/cellar/bricks/small4",
                "processors": "forsaken:homes/cellar/bricks",
                "projection": "rigid",
                "element_type": "minecraft:single_pool_element"
            }
        },
        {
            "weight": 1,
            "element": {
                "location": "forsaken:homes/cellar/bricks/medium1",
                "processors": "forsaken:homes/cellar/bricks",
                "projection": "rigid",
                "element_type": "minecraft:single_pool_element"
            }
        },
        {
            "weight": 1,
            "element": {
                "location": "forsaken:homes/cellar/bricks/medium2",
                "processors": "forsaken:homes/cellar/bricks",
                "projection": "rigid",
                "element_type": "minecraft:single_pool_element"
            }
        },
        {
            "weight": 1,
            "element": {
                "location": "forsaken:homes/cellar/bricks/medium3",
                "processors": "forsaken:homes/cellar/bricks",
                "projection": "rigid",
                "element_type": "minecraft:single_pool_element"
            }
        },
        {
            "weight": 1,
            "element": {
                "location": "forsaken:homes/cellar/bricks/medium4",
                "processors": "forsaken:homes/cellar/bricks",
                "projection": "rigid",
                "element_type": "minecraft:single_pool_element"
            }
        },
        {
            "weight": 1,
            "element": {
                "location": "forsaken:homes/cellar/bricks/medium5",
                "processors": "forsaken:homes/cellar/bricks",
                "projection": "rigid",
                "element_type": "minecraft:single_pool_element"
            }
        },
        {
            "weight": 1,
            "element": {
                "location": "forsaken:homes/cellar/bricks/medium6",
                "processors": "forsaken:homes/cellar/bricks",
                "projection": "rigid",
                "element_type": "minecraft:single_pool_element"
            }
        },
        {
            "weight": 1,
            "element": {
                "location": "forsaken:homes/cellar/bricks/big1",
                "processors": "forsaken:homes/cellar/bricks",
                "projection": "rigid",
                "element_type": "minecraft:single_pool_element"
            }
        },
        {
            "weight": 1,
            "element": {
                "location": "forsaken:homes/cellar/bricks/big2",
                "processors": "forsaken:homes/cellar/bricks",
                "projection": "rigid",
                "element_type": "minecraft:single_pool_element"
            }
        },
        {
            "weight": 1,
            "element": {
                "location": "forsaken:homes/cellar/bricks/big3",
                "processors": "forsaken:homes/cellar/bricks",
                "projection": "rigid",
                "element_type": "minecraft:single_pool_element"
            }
        },
        {
            "weight": 1,
            "element": {
                "location": "forsaken:homes/cellar/bricks/big4",
                "processors": "forsaken:homes/cellar/bricks",
                "projection": "rigid",
                "element_type": "minecraft:single_pool_element"
            }
        }
    ]
}