{
    "fallback": "minecraft:empty",
    "elements": [
        {
            "weight": 1,
            "element": {
                "location": "forsaken:homes/cellar/snowy/ladder",
                "processors": "forsaken:homes/cellar/snowy",
                "projection": "rigid",
                "element_type": "minecraft:single_pool_element"
            }
        },
        {
            "weight": 1,
            "element": {
                "location": "forsaken:homes/cellar/snowy/small1",
                "processors": "forsaken:homes/cellar/snowy",
                "projection": "rigid",
                "element_type": "minecraft:single_pool_element"
            }
        },
        {
            "weight": 1,
            "element": {
                "location": "forsaken:homes/cellar/snowy/small2",
                "processors": "forsaken:homes/cellar/snowy",
                "projection": "rigid",
                "element_type": "minecraft:single_pool_element"
            }
        },
        {
            "weight": 1,
            "element": {
                "location": "forsaken:homes/cellar/snowy/small3",
                "processors": "forsaken:homes/cellar/snowy",
                "projection": "rigid",
                "element_type": "minecraft:single_pool_element"
            }
        },
        {
            "weight": 1,
            "element": {
                "location": "forsaken:homes/cellar/snowy/small4",
                "processors": "forsaken:homes/cellar/snowy",
                "projection": "rigid",
                "element_type": "minecraft:single_pool_element"
            }
        },
        {
            "weight": 1,
            "element": {
                "location": "forsaken:homes/cellar/snowy/medium1",
                "processors": "forsaken:homes/cellar/snowy",
                "projection": "rigid",
                "element_type": "minecraft:single_pool_element"
            }
        },
        {
            "weight": 1,
            "element": {
                "location": "forsaken:homes/cellar/snowy/medium2",
                "processors": "forsaken:homes/cellar/snowy",
                "projection": "rigid",
                "element_type": "minecraft:single_pool_element"
            }
        },
        {
            "weight": 1,
            "element": {
                "location": "forsaken:homes/cellar/snowy/medium3",
                "processors": "forsaken:homes/cellar/snowy",
                "projection": "rigid",
                "element_type": "minecraft:single_pool_element"
            }
        },
        {
            "weight": 1,
            "element": {
                "location": "forsaken:homes/cellar/snowy/medium4",
                "processors": "forsaken:homes/cellar/snowy",
                "projection": "rigid",
                "element_type": "minecraft:single_pool_element"
            }
        },
        {
            "weight": 1,
            "element": {
                "location": "forsaken:homes/cellar/snowy/medium5",
                "processors": "forsaken:homes/cellar/snowy",
                "projection": "rigid",
                "element_type": "minecraft:single_pool_element"
            }
        },
        {
            "weight": 1,
            "element": {
                "location": "forsaken:homes/cellar/snowy/medium6",
                "processors": "forsaken:homes/cellar/snowy",
                "projection": "rigid",
                "element_type": "minecraft:single_pool_element"
            }
        },
        {
            "weight": 1,
            "element": {
                "location": "forsaken:homes/cellar/snowy/big1",
                "processors": "forsaken:homes/cellar/snowy",
                "projection": "rigid",
                "element_type": "minecraft:single_pool_element"
            }
        },
        {
            "weight": 1,
            "element": {
                "location": "forsaken:homes/cellar/snowy/big2",
                "processors": "forsaken:homes/cellar/snowy",
                "projection": "rigid",
                "element_type": "minecraft:single_pool_element"
            }
        },
        {
            "weight": 1,
            "element": {
                "location": "forsaken:homes/cellar/snowy/big3",
                "processors": "forsaken:homes/cellar/snowy",
                "projection": "rigid",
                "element_type": "minecraft:single_pool_element"
            }
        },
        {
            "weight": 1,
            "element": {
                "location": "forsaken:homes/cellar/snowy/big4",
                "processors": "forsaken:homes/cellar/snowy",
                "projection": "rigid",
                "element_type": "minecraft:single_pool_element"
            }
        }
    ]
}