{
    "display": {
        "icon": {
            "id": "minecraft:goat_horn"
        },
        "title": "Call Your Horse                                                                                                                  ",
        "description": [
          "",
          {
              "text": "Easily call your horse with a goat horn\n",
              "color": "white"
          },
          {
              "text": "\n",
              "color": "yellow"
          },
          {
              "text": "/trigger",
              "color": "yellow"
          },
          {
              "text": " help.callyourhorse\n",
              "color": "yellow"
          },
          {
              "text": "for help\n",
              "color": "white"
          },
          {
              "text": "\n",
              "color": "green"
          },
          {
              "text": "Datapack version: ",
              "color": "dark_green"
          },
          {
              "text": "v.1.2.4",
              "color": "green"
          },
          {
              "text": "\n",
              "color": "green"
          },
          {
              "text": "Game version: ",
              "color": "dark_green"
          },
          {
              "text": "1.21",
              "color": "green"
          },
          {
              "text": "\n",
              "color": "green"
          },
          {
              "text": "\n",
              "color": "green"
          },
          {
              "text": "modrinth.com/datapack/call-your-horse",
              "color": "dark_purple"
          }
      ],
        "frame": "task",
        "show_toast": false,
        "announce_to_chat": false
    },
    "parent": "jodek:utility",
    "criteria": {
        "tick": {
            "trigger": "minecraft:tick"
        }
    }
}