{
    "type": "minecraft:command",
    "pools": [
      {
        "rolls": {
          "type": "minecraft:score",
          "target": "this",
          "score": "mcs_nether.item_count",
          "scale": 1
        },
        "entries": [
          {
            "type": "minecraft:item",
            "name": "minecraft:wolf_spawn_egg",
            "functions": [
              {
                "function": "minecraft:set_components",
                "components": {
                  "minecraft:item_name": "\"Warped Creeper Spawn Egg\"",
                  "minecraft:custom_data": "{mcs_nether.warped_creeper.spawn_egg:1b,mcs_nether.spawn_egg:2b,mcs_nether.item:1b}",
                  "minecraft:item_model": "mcs_nether:item/spawn_eggs/warped_creeper",
                  "minecraft:entity_data": {
                    "id": "minecraft:area_effect_cloud",
                    "Tags": [
                      "mcs_nether.spawn_egg",
                      "mcs_nether.summon.warped_creeper"
                    ],
                    "Duration": 1,
                    "Radius": 0
                  }
                }
              }
            ]
          }
        ]
      }
    ]
  }