{
  "type": "minecraft:crafting_shaped",
  "category": "equipment",
  "pattern": [
    "1 1",
    "1 1",
    "   "
  ],
  "key": {
    "1": [
      "minecraft:amethyst_shard"
    ]
  },
  "result": {
    "id": "minecraft:chainmail_boots",
    "components": {
      "minecraft:attribute_modifiers": {
        "modifiers": [
          {
            "type": "minecraft:armor",
            "id": "minecraft:armor.boots",
            "amount": 2,
            "operation": "add_value",
            "slot": "feet"
          },
          {
            "type": "minecraft:explosion_knockback_resistance",
            "id": "explosion_knockback",
            "amount": 1,
            "operation": "add_value",
            "slot": "feet"
          }
        ],
        "show_in_tooltip": true
      },
      "minecraft:damage": 0,
      "minecraft:enchantable": {
        "value": 22
      },
      "minecraft:rarity": "uncommon",
      "minecraft:repairable": {
        "items": "minecraft:amethyst_shard"
      },
      "minecraft:item_model": "amethyst_boots",
      "minecraft:custom_name": "\"Botas de amatista\"",
      "minecraft:max_damage": 100,
      "minecraft:repair_cost": 1,
      "minecraft:tooltip_style": "amethyst",
      "minecraft:equippable": {
        "slot": "feet",
        "equip_sound": "minecraft:block.amethyst_block.hit",
        "asset_id": "amethyst"
      }
    }
  }
}