{
  "type": "minecraft:crafting_shaped",
  "category": "equipment",
  "pattern": [
    "111",
    " 0 ",
    " 0 "
  ],
  "key": {
    "0": [
      "minecraft:stick",
      "minecraft:bamboo"
    ],
    "1": [
      "minecraft:amethyst_shard"
    ]
  },
  "result": {
    "id": "minecraft:wooden_pickaxe",
    "components": {
      "minecraft:attribute_modifiers": {
        "modifiers": [
          {
            "type": "minecraft:attack_damage",
            "id": "base_attack_damage",
            "amount": 3,
            "operation": "add_value",
            "slot": "mainhand"
          },
          {
            "type": "minecraft:attack_speed",
            "id": "base_attack_speed",
            "amount": -2.9,
            "operation": "add_value",
            "slot": "mainhand"
          }
        ],
        "show_in_tooltip": true
      },
      "minecraft:damage": 0,
      "minecraft:enchantable": {
        "value": 22
      },
      "minecraft:rarity": "uncommon",
      "minecraft:repairable": {
        "items": "minecraft:amethyst_shard"
      },
      "minecraft:tool": {
        "rules": [
          {
            "blocks": "#minecraft:incorrect_for_iron_tool",
            "correct_for_drops": false
          },
          {
            "blocks": "#minecraft:mineable/pickaxe",
            "speed": 9,
            "correct_for_drops": true
          }
        ]
      },
      "minecraft:item_model": "amethyst_pickaxe",
      "minecraft:custom_name": "\"Pico de Amatista\"",
      "minecraft:tooltip_style": "amethyst",
      "minecraft:max_damage": 100,
      "minecraft:repair_cost": 1
    }
  }
}