{
  "type": "minecraft:archaeology",
  "pools": [
    {
      "rolls": 1,
      "entries": [
        {
          "type": "minecraft:item",
          "weight": 1,
          "name": "minecraft:wheat_seeds"
        },
        {
          "type": "minecraft:item",
          "weight": 1,
          "name": "minecraft:wheat"
        },
        {
          "type": "minecraft:item",
          "weight": 1,
          "name": "minecraft:brown_dye"
        },
        {
          "type": "minecraft:item",
          "weight": 1,
          "name": "minecraft:wooden_hoe"
        },
        {
          "type": "minecraft:item",
          "weight": 1,
          "name": "minecraft:lead"
        },
        {
          "type": "minecraft:item",
          "weight": 1,
          "name": "minecraft:beetroot_seeds"
        },
        {
          "type": "minecraft:item",
          "weight": 1,
          "name": "minecraft:flower_pot"
        },
        {
          "type": "minecraft:item",
          "weight": 1,
          "name": "minecraft:dead_bush"
        },
        {
          "type": "minecraft:item",
          "weight": 1,
          "name": "minecraft:coal"
        },
        {
          "type": "minecraft:item",
          "weight": 1,
          "name": "minecraft:string"
        },
        {
          "type": "minecraft:item",
          "weight": 1,
          "name": "minecraft:candle"
        },
        {
          "type": "minecraft:item",
          "weight": 1,
          "name": "minecraft:brick"
        },
        {
          "type": "minecraft:item",
          "weight": 1,
          "name": "minecraft:emerald"
        },
        {
          "type": "minecraft:item",
          "weight": 1,
          "name": "minecraft:dune_armor_trim_smithing_template"
        },
        {
          "type": "minecraft:item",
          "name": "minecraft:sheaf_pottery_sherd"
        },
        {
          "type": "minecraft:item",
          "weight": 1,
          "name": "minecraft:friend_pottery_sherd"
        },
        {
          "type": "minecraft:item",
          "weight": 1,
          "name": "minecraft:miner_pottery_sherd"
        },
        {
          "type": "minecraft:item",
          "weight": 1,
          "name": "minecraft:skull_pottery_sherd"
        },
        {
          "type": "minecraft:item",
          "weight": 1,
          "name": "minecraft:blade_pottery_sherd"
        },
        {
          "type": "minecraft:item",
          "weight": 1,
          "name": "minecraft:burn_pottery_sherd"
        }
      ]
    }
  ]
}
