{
    "type": "minecraft:chest",
    "pools": [
      {
        "rolls": 1,
        "entries": [
          {
            "type": "minecraft:item",
            "name": "minecraft:diamond",
            "weight": 1
          },
          {
            "type": "minecraft:item",
            "name": "minecraft:emerald_block",
            "weight": 1
          },
          {
            "type": "minecraft:empty",
            "weight": 5
          }
        ]
      },
      {
        "rolls": 5,
        "entries": [
          {
            "type": "minecraft:item",
            "name": "minecraft:cooked_salmon",
            "weight": 1
          },
          {
            "type": "minecraft:item",
            "name": "minecraft:cooked_cod",
            "weight": 1
          },
          {
            "type": "minecraft:item",
            "name": "minecraft:iron_ingot",
            "weight": 1
          },
          {
            "type": "minecraft:item",
            "name": "minecraft:bread",
            "weight": 2
          },
          {
            "type": "minecraft:item",
            "name": "minecraft:emerald",
            "weight": 2
          }
        ]
      }
    ]
  }