{
    "type": "minecraft:chest",
    "pools": [
      {
        "rolls": {
          "type": "minecraft:uniform",
          "min": 1,
          "max": 3
        },
        "entries": [
          {
            "type": "minecraft:item",
            "name": "minecraft:diamond"
          }
        ]
      },
      {
        "rolls": 4,
        "entries": [
          {
            "type": "minecraft:item",
            "name": "minecraft:emerald"
          },
          {
            "type": "minecraft:item",
            "name": "minecraft:gold_ingot"
          }
        ]
      },
      {
        "rolls": 1,
        "entries": [
          {
            "type": "minecraft:item",
            "name": "minecraft:compass"
          }
        ]
      },
      {
        "rolls": 1,
        "entries": [
          {
            "type": "minecraft:item",
            "name": "minecraft:map"
          }
        ]
      }
    ]
  }