{
    "type": "minecraft:chest",
    "pools": [
      {
        "rolls": 3,
        "entries": [
          {
            "type": "minecraft:item",
            "name": "minecraft:golden_apple"
          },
          {
            "type": "minecraft:item",
            "name": "minecraft:diamond"
          }
        ]
      },
      {
        "rolls": {
          "type": "minecraft:uniform",
          "min": 3,
          "max": 6
        },
        "entries": [
          {
            "type": "minecraft:item",
            "name": "minecraft:emerald_block"
          },
          {
            "type": "minecraft:item",
            "name": "minecraft:emerald"
          }
        ]
      },
      {
        "rolls": 6,
        "entries": [
          {
            "type": "minecraft:item",
            "name": "minecraft:gold_ingot"
          },
          {
            "type": "minecraft:item",
            "name": "minecraft:gold_nugget"
          },
          {
            "type": "minecraft:item",
            "name": "minecraft:gold_block"
          }
        ]
      },
      {
        "rolls": 1,
        "entries": [
          {
            "type": "minecraft:item",
            "name": "minecraft:totem_of_undying"
          }
        ]
      }
    ]
  }