{
  "type": "minecraft:vegetation_patch",
  "config": {
    "surface": "floor",
    "depth": 1,
    "vertical_range": 1,
    "extra_bottom_block_chance": 0,
    "extra_edge_column_chance": 0,
    "vegetation_chance": 1,
    "xz_radius": 0,
    "replaceable": "#minecraft:air",
    "ground_state": {
      "type": "minecraft:simple_state_provider",
      "state": {
        "Name": "minecraft:grass_block",
        "Properties": {
          "snowy": "false"
        }
      }
    },
    "vegetation_feature": {
      "feature": {
        "type": "minecraft:random_boolean_selector",
        "config": {
          "feature_false": {
            "feature": {
              "type": "minecraft:block_column",
              "config": {
                "direction": "north",
                "allowed_placement": {
                  "type": "minecraft:all_of",
                  "predicates": [
                    {
                      "type": "matching_block_tag",
                      "offset": [
                        0,
                        0,
                        0
                      ],
                      "tag": "blooming_biosphere:permeable"
                    },
                    {
                      "type": "not",
                      "predicate": {
                        "type": "matching_block_tag",
                        "offset": [
                          0,
                          -1,
                          0
                        ],
                        "tag": "blooming_biosphere:permeable"
                      }
                    }
                  ]
                },
                "prioritize_tip": false,
                "layers": [
                  {
                    "height": {
                      "type": "minecraft:uniform",
                      "min_inclusive": 4,
                      "max_inclusive": 6
                    },
                    "provider": {
                      "type": "minecraft:simple_state_provider",
                      "state": {
                        "Name": "minecraft:pale_oak_log",
                        "Properties": {
                          "axis": "z"
                        }
                      }
                    }
                  }
                ]
              }
            },
            "placement": []
          },
          "feature_true": {
            "feature": {
              "type": "minecraft:block_column",
              "config": {
                "direction": "east",
                "allowed_placement": {
                  "type": "minecraft:all_of",
                  "predicates": [
                    {
                      "type": "matching_block_tag",
                      "offset": [
                        0,
                        0,
                        0
                      ],
                      "tag": "blooming_biosphere:permeable"
                    },
                    {
                      "type": "not",
                      "predicate": {
                        "type": "matching_block_tag",
                        "offset": [
                          0,
                          -1,
                          0
                        ],
                        "tag": "blooming_biosphere:permeable"
                      }
                    }
                  ]
                },
                "prioritize_tip": false,
                "layers": [
                  {
                    "height": {
                      "type": "minecraft:uniform",
                      "min_inclusive": 4,
                      "max_inclusive": 6
                    },
                    "provider": {
                      "type": "minecraft:simple_state_provider",
                      "state": {
                        "Name": "minecraft:pale_oak_log",
                        "Properties": {
                          "axis": "x"
                        }
                      }
                    }
                  }
                ]
              }
            },
            "placement": []
          }
        }
      },
      "placement": []
    }
  }
}