{
  "type": "minecraft:tree",
  "config": {
    "decorators": [
      {
        "type": "minecraft:pale_moss",
        "ground_probability": 0,
        "leaves_probability": 0.07,
        "trunk_probability": 0.1
      }
    ],
    "dirt_provider": {
      "type": "minecraft:simple_state_provider",
      "state": {
        "Name": "minecraft:dirt"
      }
    },
    "foliage_placer": {
      "type": "minecraft:fancy_foliage_placer",
      "radius": {
        "type": "uniform",
        "max_inclusive": 3,
        "min_inclusive": 2
      },
      "offset": 0,
      "height": 2
    },
    "foliage_provider": {
      "type": "minecraft:simple_state_provider",
      "state": {
        "Name": "minecraft:oak_leaves",
        "Properties": {
          "distance": "7",
          "persistent": "false",
          "waterlogged": "false"
        }
      }
    },
    "force_dirt": false,
    "ignore_vines": true,
    "minimum_size": {
      "type": "minecraft:three_layers_feature_size",
      "limit": 1,
      "lower_size": 0,
      "middle_size": 1,
      "upper_limit": 1,
      "upper_size": 2
    },
    "trunk_placer": {
      "type": "minecraft:cherry_trunk_placer",
      "base_height": 5,
      "height_rand_a": 3,
      "height_rand_b": 1,
      "branch_count": {
        "type": "minecraft:weighted_list",
        "distribution": [
          {
            "weight": 2,
            "data": 1
          },
          {
            "weight": 1,
            "data": 2
          }
        ]
      },
      "branch_horizontal_length": 2,
      "branch_start_offset_from_top": {
        "min_inclusive": -4,
        "max_inclusive": -3
      },
      "branch_end_offset_from_top": {
        "type": "minecraft:uniform",
        "min_inclusive": -1,
        "max_inclusive": 0
      }
    },
    "trunk_provider": {
      "type": "minecraft:simple_state_provider",
      "state": {
        "Name": "minecraft:oak_log",
        "Properties": {
          "axis": "y"
        }
      }
    }
  }
}