{
  "type": "minecraft:crafting_shaped",
  "category": "equipment",
  "key": {
    "#": "minecraft:stick",
    "X": "minecraft:copper_ingot"
  },
  "pattern": [
    "XXX",
    " # ",
    " # "
  ],
  "result": {
    "components": {
      "minecraft:max_damage": 59,
      "minecraft:custom_data": {
        "gearplus": {
          "id": "copper_pickaxe"
        }
      },
      "minecraft:item_model": "gearplus:copper_pickaxe",
      "minecraft:item_name": "\"Copper Pickaxe\"",
      "minecraft:tool": {
        "rules": [
          {
            "blocks": "#minecraft:diamond_ores",
            "correct_for_drops": false
          },
          {
            "blocks": "#minecraft:incorrect_for_iron_tool",
            "speed": 4.5,
            "correct_for_drops": false
          },
          {
            "blocks": "#minecraft:mineable/pickaxe",
            "speed": 4.5,
            "correct_for_drops": true
          }
        ],
        "default_mining_speed": 1,
        "damage_per_block": 1
      },
      "minecraft:enchantable": {
        "value": 5
      },
      "minecraft:repairable": {
        "items": "minecraft:copper_ingot"
      }
    },
    "count": 1,
    "id": "minecraft:golden_pickaxe"
  }
}