{
  "type": "minecraft:crafting_shaped",
  "category": "equipment",
  "key": {
    "#": "minecraft:stick",
    "X": "minecraft:copper_ingot"
  },
  "pattern": [
    "X",
    "X",
    "#"
  ],
  "result": {
    "components": {
      "minecraft:max_damage": 59,
      "minecraft:custom_data": {
        "gearplus": {
          "id": "copper_sword"
        }
      },
      "minecraft:item_model": "gearplus:copper_sword",
      "minecraft:item_name": "\"Copper Sword\"",
      "minecraft:enchantable": {
        "value": 5
      },
      "minecraft:repairable": {
        "items": "minecraft:copper_ingot"
      }
    },
    "count": 1,
    "id": "minecraft:golden_sword"
  }
}