{
  "type": "minecraft:smithing_transform",
  "base": "minecraft:golden_sword",
  "addition": "minecraft:music_disc_blocks",
  "template": "minecraft:gold_nugget",
  "result": {
    "components": {
      "minecraft:max_damage": 350,
      "minecraft:custom_data": {
        "gearplus": {
          "id": "rose_gold_sword"
        }
      },
      "minecraft:item_model": "gearplus:rose_gold_sword",
      "minecraft:item_name": "\"Rose Gold Sword\"",
      "minecraft:enchantable": {
        "value": 29
      },
      "minecraft:repairable": {
        "items": [
          "minecraft:music_disc_blocks",
          "minecraft:gold_ingot",
          "minecraft:copper_ingot"
        ]
      }
    },
    "count": 1,
    "id": "minecraft:iron_sword"
  }
}