{
  "type": "minecraft:smithing_transform",
  "base": "minecraft:golden_shovel",
  "addition": "minecraft:music_disc_blocks",
  "template": "minecraft:gold_nugget",
  "result": {
    "components": {
      "minecraft:max_damage": 350,
      "minecraft:custom_data": {
        "gearplus": {
          "id": "rose_gold_shovel"
        }
      },
      "minecraft:item_model": "gearplus:rose_gold_shovel",
      "minecraft:item_name": "\"Rose Gold Shovel\"",
      "minecraft:tool": {
        "rules": [
          {
            "blocks": "#minecraft:incorrect_for_iron_tool",
            "speed": 7,
            "correct_for_drops": false
          },
          {
            "blocks": "#minecraft:mineable/shovel",
            "speed": 7,
            "correct_for_drops": true
          }
        ],
        "default_mining_speed": 1,
        "damage_per_block": 1
      },
      "minecraft:enchantable": {
        "value": 29
      },
      "minecraft:repairable": {
        "items": [
          "minecraft:music_disc_blocks",
          "minecraft:gold_ingot",
          "minecraft:copper_ingot"
        ]
      }
    },
    "count": 1,
    "id": "minecraft:iron_shovel"
  }
}