{
  "type": "minecraft:crafting_shapeless",
  "group": "rose_gold_ingot",
  "category": "misc",
  "ingredients": [
    "minecraft:copper_ingot",
    "minecraft:copper_ingot",
    "minecraft:copper_ingot",
    "minecraft:copper_ingot",
    "minecraft:gold_ingot",
    "minecraft:gold_ingot",
    "minecraft:gold_ingot",
    "minecraft:gold_ingot"
  ],
  "result": {
    "components": {
      "minecraft:custom_data": {
        "gearplus": {
          "id": "rose_gold_ingot"
        }
      },
      "minecraft:item_name": "\"Rose Gold Ingot\"",
      "minecraft:rarity": "common",
      "minecraft:item_model": "gearplus:rose_gold_ingot",
      "!minecraft:jukebox_playable": {},
      "minecraft:max_stack_size": 64
    },
    "count": 4,
    "id": "minecraft:music_disc_blocks"
  }
}