{
  "display": {
    "icon": {
      "id": "minecraft:acacia_planks",
      "count": 1
    },
    "title": {
      "text": "Eyes Over the Plains.."
    },
    "description": {
      "text": "Find the Savanna Watchtower"
    },
    "frame": "challenge",
    "show_toast": true,
    "announce_to_chat": true,
    "hidden": true
  },
  "parent": "luistercorp:adventure/savanna_wandering_cabin",
  "criteria": {
    "barco_prismarina": {
      "trigger": "minecraft:location",
      "conditions": {
        "player": [
          {
            "condition": "minecraft:entity_properties",
            "entity": "this",
            "predicate": {
              "location": {
                "structures": "luistercorp:savanna_watchtower"
              }
            }
          }
        ]
      }
    }
  },
  "sends_telemetry_event": true
}