{
  "anvil_cost": 4,
  "description": {
    "translate": "enchantment.minecraft.fire_aspect"
  },
  "effects": {
    "minecraft:post_attack": [
      {
        "affected": "attacker",
        "effect": {
          "type": "minecraft:ignite",
          "duration": {
            "type": "minecraft:linear",
            "base": 4.0,
            "per_level_above_first": 4.0
          }
        },
        "enchanted": "victim"
      }
    ]
  },
  "max_cost": {
    "base": 60,
    "per_level_above_first": 20
  },
  "max_level": 2,
  "min_cost": {
    "base": 10,
    "per_level_above_first": 20
  },
  "slots": [
    "mainhand"
  ],
  "supported_items": "stick",
  "weight": 2
}