{ 
  "condition": "minecraft:all_of",
  "terms": [
    {
      "condition": "minecraft:inverted",
      "term": {
        "condition": "minecraft:entity_scores",
        "entity": "this",
        "scores": {
          "mcs_nether.hurt": 1
        }
      }
    },
    {
      "condition": "minecraft:inverted",
      "term": {
        "condition": "minecraft:entity_properties",
        "entity": "this",
        "predicate": {
          "vehicle": {
            "nbt": "{HurtTime:0s}"
          }
        }
      }
    }
  ]
}