{
    "type": "minecraft:entity",
    "pools": [
      {
        "rolls": 1,
        "entries": [
          {
            "type": "minecraft:item",
            "name": "minecraft:name_tag",
            "functions": [
              {
                "function": "minecraft:set_name",
                "entity": "this",
                "name": {
                  "nbt": "CustomName",
                  "entity": "@s",
                  "interpret": true
                }
              },
              {
                "function": "minecraft:set_components",
                "components": {
                  "minecraft:repair_cost": 0
                }
              }
            ]
          }
        ]
      }
    ]
  }
  