{
    "criteria": {
      "deflected_projectile": {
        "conditions": {
          "damage": {
            "type": {
              "tags": [
                {
                  "expected": false,
                  "id": "minecraft:is_projectile"
                }
              ]
            },
            "blocked": true
          }
        },
        "trigger": "minecraft:entity_hurt_player"
      }
    },
    "requirements": [
      [
        "deflected_projectile"
      ]
    ],
    "rewards": {
      "function": "nerere:parry"
    }
  }