{
    "type": "minecraft:tree",
    "config": {
      "decorators": [],
      "dirt_provider": {
        "type": "minecraft:simple_state_provider",
        "state": {
          "Name": "minecraft:dirt"
        }
      },
      "foliage_placer": {
        "type": "minecraft:cherry_foliage_placer",
        "corner_hole_chance": 0.25,
        "hanging_leaves_chance": 0.16666667,
        "hanging_leaves_extension_chance": 0.33333334,
        "height": 4,
        "offset": 0,
        "radius": 4,
        "wide_bottom_layer_hole_chance": 0.25
      },
      "foliage_provider": {
        "type": "minecraft:simple_state_provider",
        "state": {
          "Name": "minecraft:birch_leaves",
          "Properties": {
            "distance": "7",
            "persistent": "false",
            "waterlogged": "false"
          }
        }
      },
      "force_dirt": false,
      "ignore_vines": true,
      "minimum_size": {
        "type": "minecraft:two_layers_feature_size",
        "limit": 1,
        "lower_size": 0,
        "upper_size": 1
      },
      "trunk_placer": {
        "type": "minecraft:straight_trunk_placer",
        "base_height": 8,
        "height_rand_a": 2,
        "height_rand_b": 0
      },
      "trunk_provider": {
        "type": "minecraft:simple_state_provider",
        "state": {
          "Name": "minecraft:birch_log",
          "Properties": {
            "axis": "y"
          }
        }
      }
    }
  }