{
  "type": "minecraft:tree",
  "config": {
    "decorators": [],
    "dirt_provider": {
      "type": "minecraft:simple_state_provider",
      "state": {
        "Name": "minecraft:dirt"
      }
    },
    "foliage_placer": {
      "type": "minecraft:spruce_foliage_placer",
      "offset": {
        "type": "minecraft:uniform",
        "max_inclusive": 2,
        "min_inclusive": 0
      },
      "radius": {
        "type": "minecraft:uniform",
        "max_inclusive": 3,
        "min_inclusive": 2
      },
      "trunk_height": {
        "type": "minecraft:uniform",
        "max_inclusive": 2,
        "min_inclusive": 1
      }
    },
    "foliage_provider": {
      "type": "minecraft:simple_state_provider",
      "state": {
        "Name": "minecraft:birch_leaves",
        "Properties": {
          "distance": "7",
          "persistent": "false",
          "waterlogged": "false"
        }
      }
    },
    "force_dirt": false,
    "ignore_vines": true,
    "minimum_size": {
      "type": "minecraft:two_layers_feature_size",
      "limit": 2,
      "lower_size": 0,
      "upper_size": 2
    },
    "trunk_placer": {
      "type": "minecraft:straight_trunk_placer",
      "base_height": 7,
      "height_rand_a": 2,
      "height_rand_b": 1
    },
    "trunk_provider": {
      "type": "minecraft:simple_state_provider",
      "state": {
        "Name": "minecraft:birch_log",
        "Properties": {
          "axis": "y"
        }
      }
    }
  }
}