{
    "type": "minecraft:tree",
    "config": {
      "decorators": [],
      "dirt_provider": {
        "type": "minecraft:simple_state_provider",
        "state": {
          "Name": "minecraft:dirt"
        }
      },
      "foliage_placer": {
        "type": "minecraft:blob_foliage_placer",
        "offset": 2,
        "radius": 3,
        "height": 3
      },
      "foliage_provider": {
        "type": "minecraft:simple_state_provider",
        "state": {
          "Name": "minecraft:cherry_leaves",
          "Properties": {
            "distance": "7",
            "persistent": "false",
            "waterlogged": "false"
          }
        }
      },
      "force_dirt": false,
      "ignore_vines": false,
      "minimum_size": {
        "type": "minecraft:two_layers_feature_size",
        "limit": 0,
        "lower_size": 0,
        "upper_size": 0
      },
      "trunk_placer": {
        "type": "minecraft:straight_trunk_placer",
        "base_height": 4,
        "height_rand_a": 1,
        "height_rand_b": 1
      },
      "trunk_provider": {
        "type": "minecraft:simple_state_provider",
        "state": {
          "Name": "minecraft:birch_log",
          "Properties": {
            "axis": "y"
          }
        }
      }
    }
  }