{
  "type": "minecraft:archaeology",
  "pools": [
    {
      "rolls": 1,
      "entries": [
        {
          "type": "minecraft:item",
          "weight": 2,
          "name": "minecraft:orange_concrete"
        },
        {
          "type": "minecraft:item",
          "weight": 2,
          "name": "minecraft:yellow_concrete"
        },
        {
          "type": "minecraft:item",
          "weight": 2,
          "name": "minecraft:lime_concrete"
        },
        {
          "type": "minecraft:item",
          "weight": 2,
          "name": "minecraft:light_blue_concrete"
        },
        {
          "type": "minecraft:item",
          "weight": 2,
          "name": "minecraft:white_concrete"
        },
        {
          "type": "minecraft:item",
          "weight": 2,
          "name": "minecraft:magenta_concrete"
        },
        {
          "type": "minecraft:item",
          "weight": 6,
          "name": "minecraft:sugar_cane"
        },
        {
          "type": "minecraft:item",
          "weight": 6,
          "name": "minecraft:granite"
        },
        {
          "type": "minecraft:item",
          "weight": 6,
          "name": "minecraft:glass_bottle"
        },
        {
          "type": "minecraft:item",
          "weight": 6,
          "name": "minecraft:redstone"
        },
        {
          "type": "minecraft:item",
          "weight": 6,
          "name": "minecraft:terracotta"
        },
        {
          "type": "minecraft:item",
          "weight": 3,
          "name": "minecraft:experience_bottle"
        },
        {
          "type": "minecraft:item",
          "weight": 3,
          "name": "minecraft:plenty_pottery_sherd"
        },
        {
          "type": "minecraft:item",
          "weight": 3,
          "name": "minecraft:miner_pottery_sherd"
        },
        {
          "type": "minecraft:item",
          "weight": 6,
          "name": "minecraft:stick"
        },
        {
          "type": "minecraft:item",
          "weight": 3,
          "name": "minecraft:iron_ingot"
        }
      ]
    }
  ],
  "random_sequence": "wabi_sabi_structures:archaeology/concrete_mill_ruins/concrete_mill_ruins_desert_archaeology"
}
