{
  "type": "minecraft:crafting_shaped",
  "category": "equipment",
  "pattern": [
    "XXX",
    "X#X",
    " # "
  ],
  "key": {
    "#": "minecraft:stick",
    "X": "#minecraft:planks"
  },
  "result": {
    "id": "minecraft:wooden_axe",
    "count": 1,
    "components": {
      "minecraft:item_name": "{'text':'Wooden Battle Axe'}",
      "minecraft:attribute_modifiers": {
        "modifiers": [
          {
            "type": "minecraft:attack_damage",
            "id": "attack_damage.battle_axe",
            "amount": 7,
            "operation": "add_value",
            "slot": "mainhand"
          },
          {
            "type": "minecraft:attack_speed",
            "id": "attack_speed",
            "amount": -3.4,
            "operation": "add_value",
            "slot": "mainhand"
          },
          {
            "type": "minecraft:entity_interaction_range",
            "id": "entity_interaction_range",
            "amount": 0.25,
            "operation": "add_value",
            "slot": "mainhand"
          }
        ],
        "show_in_tooltip": false
      },
      "lore": [
        "{'text':' '}",
        "{'color':'gray','italic':false,'text':'When in Main Hand:'}",
        "{'color':'dark_green','italic':false,'text':' 8 Attack Damage'}",
        "{'color':'dark_green','italic':false,'text':' 0.6 Attack Speed'}",
        "{'color':'dark_green','italic':false,'text':' +0.25 Entity Reach'}"
      ],
      "minecraft:item_model": "ppg:we/battle_axe/wooden"
    }
  }
}
