{
	"credit": "Made with Blockbench",
	"textures": {
		"0": "custom/abomb_head",
		"1": "custom/abomb_jaw",
		"2": "custom/abomb_teeth",
		"particle": "custom/abomb_head"
	},
	"elements": [
		{
			"name": "Head",
			"from": [2, 14, -8],
			"to": [14, 26, 0],
			"rotation": {"angle": 0, "axis": "y", "origin": [13, 25, 2]},
			"faces": {
				"north": {"uv": [0, 8, 16, 15.5], "texture": "#0"},
				"east": {"uv": [0, 0, 16, 8.5], "texture": "#0"},
				"south": {"uv": [0, 0, 16, 8.5], "texture": "#0"},
				"west": {"uv": [0, 0, 16, 8.5], "texture": "#0"},
				"up": {"uv": [0, 0, 16, 8], "texture": "#0"},
				"down": {"uv": [0, 0, 16, 8], "texture": "#0"}
			}
		},
		{
			"name": "Head",
			"from": [2, 14, -14],
			"to": [14, 18, -8],
			"rotation": {"angle": 0, "axis": "y", "origin": [13, 18, 2]},
			"faces": {
				"north": {"uv": [0, 6, 16, 13.5], "texture": "#1"},
				"east": {"uv": [0, 6, 16, 14], "texture": "#1"},
				"south": {"uv": [0, 0, 16, 7], "texture": "#0"},
				"west": {"uv": [0, 6, 16, 14], "texture": "#1"},
				"up": {"uv": [0, 6.5, 16, 8], "texture": "#0"},
				"down": {"uv": [0, 0, 16, 5.5], "texture": "#0"}
			}
		},
		{
			"name": "Head",
			"from": [2, 22, -14],
			"to": [14, 26, -8],
			"rotation": {"angle": 0, "axis": "y", "origin": [13, 25, 2]},
			"faces": {
				"north": {"uv": [0, 0, 16, 7.5], "texture": "#1"},
				"east": {"uv": [0, 0, 16, 7.5], "texture": "#1"},
				"south": {"uv": [0, 0, 16, 7.5], "texture": "#0"},
				"west": {"uv": [0, 0, 16, 8], "texture": "#1"},
				"up": {"uv": [0, 0, 16, 5.5], "texture": "#0"},
				"down": {"uv": [0, 0, 16, 8], "texture": "#0"}
			}
		},
		{
			"name": "Eye",
			"from": [4, 26, -12],
			"to": [6, 27, -11],
			"rotation": {"angle": 0, "axis": "y", "origin": [15, 30, 4]},
			"faces": {
				"north": {"uv": [9, 13, 16, 16], "texture": "#2"},
				"east": {"uv": [0, 15, 1, 16], "texture": "#2"},
				"south": {"uv": [0, 15, 2, 16], "texture": "#2"},
				"west": {"uv": [0, 15, 1, 16], "texture": "#2"},
				"up": {"uv": [0, 15, 2, 16], "texture": "#2"},
				"down": {"uv": [0, 15, 2, 16], "texture": "#2"}
			}
		},
		{
			"name": "Eye",
			"from": [10, 26, -12],
			"to": [12, 27, -11],
			"rotation": {"angle": 0, "axis": "y", "origin": [21, 30, 4]},
			"faces": {
				"north": {"uv": [9, 13, 16, 16], "texture": "#2"},
				"east": {"uv": [0, 15, 1, 16], "texture": "#2"},
				"south": {"uv": [0, 15, 2, 16], "texture": "#2"},
				"west": {"uv": [0, 15, 1, 16], "texture": "#2"},
				"up": {"uv": [0, 15, 2, 16], "texture": "#2"},
				"down": {"uv": [0, 15, 2, 16], "texture": "#2"}
			}
		},
		{
			"name": "Lower Mouth",
			"from": [2.25, 18, -13.5],
			"to": [13.75, 18.25, -8],
			"rotation": {"angle": 0, "axis": "y", "origin": [13, 17.25, 2]},
			"faces": {
				"north": {"uv": [0, 0, 12, 4], "texture": "#0"},
				"east": {"uv": [0, 0, 6, 4], "texture": "#0"},
				"south": {"uv": [0, 0, 12, 4], "texture": "#0"},
				"west": {"uv": [0, 0, 6, 4], "texture": "#0"},
				"up": {"uv": [0, 8.5, 16, 16], "texture": "#0"},
				"down": {"uv": [0, 10, 12, 16], "texture": "#0"}
			}
		},
		{
			"name": "Upper Mouth",
			"from": [2.25, 21.75, -13],
			"to": [13.75, 22, -8],
			"rotation": {"angle": 0, "axis": "y", "origin": [13, 21, 2]},
			"faces": {
				"north": {"uv": [0, 0, 12, 4], "texture": "#0"},
				"east": {"uv": [0, 0, 6, 4], "texture": "#0"},
				"south": {"uv": [0, 0, 12, 4], "texture": "#0"},
				"west": {"uv": [0, 0, 6, 4], "texture": "#0"},
				"up": {"uv": [0, 0, 12, 6], "texture": "#0"},
				"down": {"uv": [1.5, 9, 14, 12], "texture": "#0"}
			}
		},
		{
			"name": "Teeth",
			"from": [13, 18, -11.5],
			"to": [14, 19, -9.5],
			"rotation": {"angle": 0, "axis": "y", "origin": [13.5, 18.5, -10.5]},
			"faces": {
				"north": {"uv": [0, 0, 5, 5], "texture": "#2"},
				"east": {"uv": [0, 0, 2, 1], "texture": "#2"},
				"south": {"uv": [0, 0, 1, 1], "texture": "#2"},
				"west": {"uv": [0, 0, 2, 1], "texture": "#2"},
				"up": {"uv": [0, 0, 2, 1], "rotation": 270, "texture": "#2"},
				"down": {"uv": [0, 0, 2, 1], "rotation": 90, "texture": "#2"}
			}
		},
		{
			"name": "Teeth",
			"from": [12, 18, -14],
			"to": [14, 19, -13],
			"rotation": {"angle": 0, "axis": "y", "origin": [23, 22, 2]},
			"faces": {
				"north": {"uv": [0, 0, 5, 5], "texture": "#2"},
				"east": {"uv": [0, 0, 1, 1], "texture": "#2"},
				"south": {"uv": [0, 0, 2, 1], "texture": "#2"},
				"west": {"uv": [0, 0, 1, 1], "texture": "#2"},
				"up": {"uv": [0, 0, 5, 3], "texture": "#2"},
				"down": {"uv": [0, 0, 2, 1], "texture": "#2"}
			}
		},
		{
			"name": "Teeth",
			"from": [10, 18, -14],
			"to": [11, 19, -13],
			"rotation": {"angle": 0, "axis": "y", "origin": [20, 22, 2]},
			"faces": {
				"north": {"uv": [0, 0, 5, 5], "texture": "#2"},
				"east": {"uv": [0, 0, 1, 1], "texture": "#2"},
				"south": {"uv": [0, 0, 1, 1], "texture": "#2"},
				"west": {"uv": [0, 0, 1, 1], "texture": "#2"},
				"up": {"uv": [0, 0, 1, 1], "texture": "#2"},
				"down": {"uv": [0, 0, 1, 1], "texture": "#2"}
			}
		},
		{
			"name": "Teeth",
			"from": [8, 18, -14],
			"to": [9, 19, -13],
			"rotation": {"angle": 0, "axis": "y", "origin": [18, 22, 2]},
			"faces": {
				"north": {"uv": [0, 0, 5, 5], "texture": "#2"},
				"east": {"uv": [0, 0, 1, 1], "texture": "#2"},
				"south": {"uv": [0, 0, 1, 1], "texture": "#2"},
				"west": {"uv": [0, 0, 1, 1], "texture": "#2"},
				"up": {"uv": [0, 0, 1, 1], "texture": "#2"},
				"down": {"uv": [0, 0, 1, 1], "texture": "#2"}
			}
		},
		{
			"name": "Teeth",
			"from": [5, 18, -14],
			"to": [6, 19, -13],
			"rotation": {"angle": 0, "axis": "y", "origin": [15, 22, 2]},
			"faces": {
				"north": {"uv": [0, 0, 5, 5], "texture": "#2"},
				"east": {"uv": [0, 0, 1, 1], "texture": "#2"},
				"south": {"uv": [0, 0, 1, 1], "texture": "#2"},
				"west": {"uv": [0, 0, 1, 1], "texture": "#2"},
				"up": {"uv": [0, 0, 1, 1], "texture": "#2"},
				"down": {"uv": [0, 0, 1, 1], "texture": "#2"}
			}
		},
		{
			"name": "Teeth",
			"from": [2, 18, -14],
			"to": [4, 19, -13],
			"rotation": {"angle": 0, "axis": "y", "origin": [13, 22, 2]},
			"faces": {
				"north": {"uv": [0, 0, 5, 5], "texture": "#2"},
				"east": {"uv": [0, 0, 1, 1], "texture": "#2"},
				"south": {"uv": [0, 0, 2, 1], "texture": "#2"},
				"west": {"uv": [0, 0, 1, 1], "texture": "#2"},
				"up": {"uv": [0, 0, 5, 3], "texture": "#2"},
				"down": {"uv": [0, 0, 2, 1], "texture": "#2"}
			}
		},
		{
			"name": "Teeth",
			"from": [2, 18, -11.5],
			"to": [3, 19, -9.5],
			"rotation": {"angle": 0, "axis": "y", "origin": [2.5, 18.5, -10.5]},
			"faces": {
				"north": {"uv": [0, 0, 5, 5], "texture": "#2"},
				"east": {"uv": [0, 0, 2, 1], "texture": "#2"},
				"south": {"uv": [0, 0, 1, 1], "texture": "#2"},
				"west": {"uv": [0, 0, 2, 1], "texture": "#2"},
				"up": {"uv": [0, 0, 2, 1], "rotation": 270, "texture": "#2"},
				"down": {"uv": [0, 0, 2, 1], "rotation": 90, "texture": "#2"}
			}
		},
		{
			"name": "Teeth",
			"from": [13, 21, -11.5],
			"to": [14, 22, -9.5],
			"rotation": {"angle": 0, "axis": "y", "origin": [13.5, 21.5, -10.5]},
			"faces": {
				"north": {"uv": [0, 0, 5, 5], "texture": "#2"},
				"east": {"uv": [0, 0, 2, 1], "texture": "#2"},
				"south": {"uv": [0, 0, 1, 1], "texture": "#2"},
				"west": {"uv": [0, 0, 2, 1], "texture": "#2"},
				"up": {"uv": [0, 0, 2, 1], "rotation": 270, "texture": "#2"},
				"down": {"uv": [0, 0, 2, 1], "rotation": 90, "texture": "#2"}
			}
		},
		{
			"name": "Teeth",
			"from": [12, 21, -14],
			"to": [14, 22, -13],
			"rotation": {"angle": 0, "axis": "y", "origin": [23, 25, 2]},
			"faces": {
				"north": {"uv": [0, 0, 5, 5], "texture": "#2"},
				"east": {"uv": [0, 0, 1, 1], "texture": "#2"},
				"south": {"uv": [0, 0, 2, 1], "texture": "#2"},
				"west": {"uv": [0, 0, 1, 1], "texture": "#2"},
				"up": {"uv": [0, 0, 2, 1], "texture": "#2"},
				"down": {"uv": [0, 0, 2, 1], "texture": "#2"}
			}
		},
		{
			"name": "Teeth",
			"from": [7, 21, -14],
			"to": [8, 22, -13],
			"rotation": {"angle": 0, "axis": "y", "origin": [17, 25, 2]},
			"faces": {
				"north": {"uv": [0, 0, 5, 5], "texture": "#2"},
				"east": {"uv": [0, 0, 1, 1], "texture": "#2"},
				"south": {"uv": [0, 0, 1, 1], "texture": "#2"},
				"west": {"uv": [0, 0, 1, 1], "texture": "#2"},
				"up": {"uv": [0, 0, 1, 1], "texture": "#2"},
				"down": {"uv": [0, 0, 1, 1], "texture": "#2"}
			}
		},
		{
			"name": "Teeth",
			"from": [10, 21, -14],
			"to": [11, 22, -13],
			"rotation": {"angle": 0, "axis": "y", "origin": [20, 25, 2]},
			"faces": {
				"north": {"uv": [0, 0, 5, 5], "texture": "#2"},
				"east": {"uv": [0, 0, 1, 1], "texture": "#2"},
				"south": {"uv": [0, 0, 1, 1], "texture": "#2"},
				"west": {"uv": [0, 0, 1, 1], "texture": "#2"},
				"up": {"uv": [0, 0, 1, 1], "texture": "#2"},
				"down": {"uv": [0, 0, 1, 1], "texture": "#2"}
			}
		},
		{
			"name": "Teeth",
			"from": [2, 21, -14],
			"to": [4, 22, -13],
			"rotation": {"angle": 0, "axis": "y", "origin": [13, 25, 2]},
			"faces": {
				"north": {"uv": [0, 0, 5, 5], "texture": "#2"},
				"east": {"uv": [0, 0, 1, 1], "texture": "#2"},
				"south": {"uv": [0, 0, 2, 1], "texture": "#2"},
				"west": {"uv": [0, 0, 1, 1], "texture": "#2"},
				"up": {"uv": [0, 0, 2, 1], "texture": "#2"},
				"down": {"uv": [0, 0, 2, 1], "texture": "#2"}
			}
		},
		{
			"name": "Teeth",
			"from": [5, 21, -14],
			"to": [6, 22, -13],
			"rotation": {"angle": 0, "axis": "y", "origin": [15, 25, 2]},
			"faces": {
				"north": {"uv": [0, 0, 5, 5], "texture": "#2"},
				"east": {"uv": [0, 0, 1, 1], "texture": "#2"},
				"south": {"uv": [0, 0, 1, 1], "texture": "#2"},
				"west": {"uv": [0, 0, 1, 1], "texture": "#2"},
				"up": {"uv": [0, 0, 1, 1], "texture": "#2"},
				"down": {"uv": [0, 0, 1, 1], "texture": "#2"}
			}
		},
		{
			"name": "Teeth",
			"from": [2, 21, -11.5],
			"to": [3, 22, -9.5],
			"rotation": {"angle": 0, "axis": "y", "origin": [2.5, 21.5, -10.5]},
			"faces": {
				"north": {"uv": [0, 0, 5, 5], "texture": "#2"},
				"east": {"uv": [0, 0, 2, 1], "texture": "#2"},
				"south": {"uv": [0, 0, 1, 1], "texture": "#2"},
				"west": {"uv": [0, 0, 2, 1], "texture": "#2"},
				"up": {"uv": [0, 0, 2, 1], "rotation": 270, "texture": "#2"},
				"down": {"uv": [0, 0, 2, 1], "rotation": 90, "texture": "#2"}
			}
		},
		{
			"from": [4, 20, 0],
			"to": [12, 27, 8],
			"rotation": {"angle": 0, "axis": "y", "origin": [12, 28, 10]},
			"faces": {
				"north": {"uv": [0, 0, 8, 7], "texture": "#0"},
				"east": {"uv": [0, 0, 8, 7], "texture": "#0"},
				"south": {"uv": [0, 0, 8, 7], "texture": "#0"},
				"west": {"uv": [0, 0, 8, 7], "texture": "#0"},
				"up": {"uv": [0, 0, 16, 8], "texture": "#0"},
				"down": {"uv": [0, 0, 8, 8], "texture": "#0"}
			}
		}
	],
	"display": {
		"head": {
			"translation": [0, -15.5, 4],
			"scale": [1, 1.25, 1]
		}
	},
	"groups": [
		{
			"name": "Abomination_Head",
			"origin": [8, 8, 8],
			"color": 0,
			"children": [
				{
					"name": "Head",
					"origin": [21, 30, 4],
					"color": 0,
					"children": [0, 1, 2, 3, 4, 5, 6]
				},
				{
					"name": "Teeth",
					"origin": [2.5, 21.5, -10.5],
					"color": 0,
					"children": [7, 8, 9, 10, 11, 12, 13, 14, 15, 16, 17, 18, 19, 20]
				},
				{
					"name": "Neck",
					"origin": [12, 28, 10],
					"color": 0,
					"children": [21]
				}
			]
		}
	]
}