{
	"credit": "Made with Blockbench",
	"textures": {
		"1": "custom/abomb_head",
		"particle": "custom/abomb_jaw"
	},
	"elements": [
		{
			"from": [4, 0, 4],
			"to": [12, 16, 12],
			"rotation": {"angle": 0, "axis": "y", "origin": [12, 8, 14]},
			"faces": {
				"north": {"uv": [0, 0.5, 14, 10.5], "texture": "#1"},
				"east": {"uv": [1.5, 0, 13.5, 9.5], "texture": "#1"},
				"south": {"uv": [2, 0.5, 13, 9.5], "texture": "#1"},
				"west": {"uv": [2, 0, 13.5, 9.5], "texture": "#1"},
				"up": {"uv": [0, 0, 8, 8], "texture": "#1"},
				"down": {"uv": [0, 0, 8, 8], "texture": "#1"}
			}
		},
		{
			"from": [10, -3, 1],
			"to": [16, 0, 7],
			"rotation": {"angle": 0, "axis": "x", "origin": [17, -8, 10]},
			"faces": {
				"north": {"uv": [0, 0, 6, 3], "texture": "#1"},
				"east": {"uv": [0, 0, 6, 3], "texture": "#1"},
				"south": {"uv": [0, 0, 6, 3], "texture": "#1"},
				"west": {"uv": [0, 0, 6, 3], "texture": "#1"},
				"up": {"uv": [9.5, 7, 15.5, 13], "texture": "#1"},
				"down": {"uv": [0, 0, 6, 6], "texture": "#1"}
			}
		},
		{
			"from": [12, -12, -1],
			"to": [18, -4, 5],
			"rotation": {"angle": 0, "axis": "x", "origin": [19, -12, 8]},
			"faces": {
				"north": {"uv": [0, 0, 6, 8], "texture": "#1"},
				"east": {"uv": [0, 0, 6, 8], "texture": "#1"},
				"south": {"uv": [0, 0, 6, 8], "texture": "#1"},
				"west": {"uv": [0, 0, 6, 8], "texture": "#1"},
				"up": {"uv": [0, 0, 6, 6], "texture": "#1"},
				"down": {"uv": [6.5, 10, 12.5, 16], "texture": "#1"}
			}
		},
		{
			"from": [1, -3, 1],
			"to": [7, 0, 7],
			"rotation": {"angle": 0, "axis": "x", "origin": [8, -8, 10]},
			"faces": {
				"north": {"uv": [0, 0, 6, 3], "texture": "#1"},
				"east": {"uv": [0, 0, 6, 3], "texture": "#1"},
				"south": {"uv": [0, 0, 6, 3], "texture": "#1"},
				"west": {"uv": [0, 0, 6, 3], "texture": "#1"},
				"up": {"uv": [0, 6.5, 6, 12.5], "texture": "#1"},
				"down": {"uv": [0, 0, 6, 6], "texture": "#1"}
			}
		},
		{
			"from": [0, -8, -1],
			"to": [6, -3, 5],
			"rotation": {"angle": 0, "axis": "x", "origin": [7, -11, 8]},
			"faces": {
				"north": {"uv": [0, 0, 6, 5], "texture": "#1"},
				"east": {"uv": [0, 0, 6, 5], "texture": "#1"},
				"south": {"uv": [0, 0, 6, 5], "texture": "#1"},
				"west": {"uv": [0, 0, 6, 5], "texture": "#1"},
				"up": {"uv": [0, 0, 6, 6], "texture": "#1"},
				"down": {"uv": [0, 0, 6, 6], "texture": "#1"}
			}
		},
		{
			"from": [11, -7, 0],
			"to": [17, -2, 6],
			"rotation": {"angle": 0, "axis": "x", "origin": [18, -10, 9]},
			"faces": {
				"north": {"uv": [0, 0, 6, 5], "texture": "#1"},
				"east": {"uv": [0, 0, 6, 5], "texture": "#1"},
				"south": {"uv": [0, 0, 6, 5], "texture": "#1"},
				"west": {"uv": [0, 0, 6, 5], "texture": "#1"},
				"up": {"uv": [0, 0, 6, 6], "texture": "#1"},
				"down": {"uv": [0, 0, 6, 6], "texture": "#1"}
			}
		},
		{
			"from": [-1, -16, -2],
			"to": [5, -8, 4],
			"rotation": {"angle": 0, "axis": "x", "origin": [6, -16, 7]},
			"faces": {
				"north": {"uv": [0, 0, 6, 8], "texture": "#1"},
				"east": {"uv": [0, 0, 6, 8], "texture": "#1"},
				"south": {"uv": [0, 0, 6, 8], "texture": "#1"},
				"west": {"uv": [0, 0, 6, 8], "texture": "#1"},
				"up": {"uv": [0, 0, 6, 6], "texture": "#1"},
				"down": {"uv": [5, 10, 11, 16], "texture": "#1"}
			}
		},
		{
			"from": [10, -3, 10],
			"to": [16, 0, 16],
			"rotation": {"angle": 0, "axis": "x", "origin": [17, -8, 19]},
			"faces": {
				"north": {"uv": [0, 0, 6, 3], "texture": "#1"},
				"east": {"uv": [0, 0, 6, 3], "texture": "#1"},
				"south": {"uv": [0, 0, 6, 3], "texture": "#1"},
				"west": {"uv": [0, 0, 6, 3], "texture": "#1"},
				"up": {"uv": [0, 7, 6, 13], "rotation": 180, "texture": "#1"},
				"down": {"uv": [0, 0, 6, 6], "texture": "#1"}
			}
		},
		{
			"from": [13, -16, 11],
			"to": [19, -8, 17],
			"rotation": {"angle": 0, "axis": "x", "origin": [20, -16, 20]},
			"faces": {
				"north": {"uv": [0, 0, 6, 8], "texture": "#1"},
				"east": {"uv": [0, 0, 6, 8], "texture": "#1"},
				"south": {"uv": [0, 0, 6, 8], "texture": "#1"},
				"west": {"uv": [0, 0, 6, 8], "texture": "#1"},
				"up": {"uv": [0, 0, 6, 6], "texture": "#1"},
				"down": {"uv": [4.5, 10, 10.5, 16], "texture": "#1"}
			}
		},
		{
			"from": [1, -3, 10],
			"to": [7, 0, 16],
			"rotation": {"angle": 0, "axis": "y", "origin": [8, -8, 19]},
			"faces": {
				"north": {"uv": [0, 0, 6, 3], "texture": "#1"},
				"east": {"uv": [0, 0, 6, 3], "texture": "#1"},
				"south": {"uv": [0, 0, 6, 3], "texture": "#1"},
				"west": {"uv": [0, 0, 6, 3], "texture": "#1"},
				"up": {"uv": [0, 7, 6, 13], "rotation": 270, "texture": "#1"},
				"down": {"uv": [0, 0, 6, 6], "texture": "#1"}
			}
		},
		{
			"from": [-1, -14, 11],
			"to": [5, -6, 17],
			"rotation": {"angle": 0, "axis": "y", "origin": [6, -14, 20]},
			"faces": {
				"north": {"uv": [0, 0, 6, 8], "texture": "#1"},
				"east": {"uv": [0, 0, 6, 8], "texture": "#1"},
				"south": {"uv": [0, 0, 6, 8], "texture": "#1"},
				"west": {"uv": [0, 0, 6, 8], "texture": "#1"},
				"up": {"uv": [0, 0, 6, 6], "texture": "#1"},
				"down": {"uv": [4.5, 10, 10.5, 16], "texture": "#1"}
			}
		},
		{
			"from": [12, -8, 9],
			"to": [18, -3, 15],
			"rotation": {"angle": 0, "axis": "x", "origin": [19, -11, 18]},
			"faces": {
				"north": {"uv": [0, 0, 6, 5], "texture": "#1"},
				"east": {"uv": [0, 0, 6, 5], "texture": "#1"},
				"south": {"uv": [0, 0, 6, 5], "texture": "#1"},
				"west": {"uv": [0, 0, 6, 5], "texture": "#1"},
				"up": {"uv": [0, 0, 6, 6], "texture": "#1"},
				"down": {"uv": [0, 0, 6, 6], "texture": "#1"}
			}
		},
		{
			"from": [0, -7, 8],
			"to": [6, -2, 14],
			"rotation": {"angle": 0, "axis": "x", "origin": [7, -10, 17]},
			"faces": {
				"north": {"uv": [0, 0, 6, 5], "texture": "#1"},
				"east": {"uv": [0, 0, 6, 5], "texture": "#1"},
				"south": {"uv": [0, 0, 6, 5], "texture": "#1"},
				"west": {"uv": [0, 0, 6, 5], "texture": "#1"},
				"up": {"uv": [0, 0, 6, 6], "texture": "#1"},
				"down": {"uv": [0, 0, 6, 6], "texture": "#1"}
			}
		},
		{
			"from": [4, 16, 5],
			"to": [12, 23, 13],
			"rotation": {"angle": 0, "axis": "y", "origin": [12, 24, 15]},
			"faces": {
				"north": {"uv": [0, 0, 8, 7], "texture": "#1"},
				"east": {"uv": [0, 0, 8, 7], "texture": "#1"},
				"south": {"uv": [0, 0, 8, 7], "texture": "#1"},
				"west": {"uv": [0, 0, 8, 7], "texture": "#1"},
				"up": {"uv": [0, 0, 16, 8], "texture": "#1"},
				"down": {"uv": [0, 0, 8, 8], "texture": "#1"}
			}
		}
	],
	"display": {
		"head": {
			"translation": [0, -68.5, 4],
			"scale": [1.5, 1.6, 1.5]
		}
	},
	"groups": [
		{
			"name": "Head",
			"origin": [13, 29, 18],
			"color": 0,
			"children": [
				{
					"name": "Jaw_Bottom",
					"origin": [13, 29, 18],
					"color": 0,
					"children": []
				},
				{
					"name": "Jaw_top",
					"origin": [8, 8, 8],
					"color": 0,
					"children": []
				}
			]
		},
		{
			"name": "Torso",
			"origin": [12, 8, 14],
			"color": 0,
			"children": [0]
		},
		{
			"name": "Neck",
			"origin": [8, 8, 8],
			"color": 0,
			"children": []
		},
		{
			"name": "Legs",
			"origin": [8, 8, 8],
			"color": 0,
			"children": [
				{
					"name": "Legs_Front",
					"origin": [8, 8, 8],
					"color": 0,
					"children": [1, 2, 3, 4, 5, 6]
				},
				{
					"name": "Legs_Back",
					"origin": [8, 8, 8],
					"color": 0,
					"children": [7, 8, 9, 10, 11, 12]
				}
			]
		},
		{
			"name": "group",
			"origin": [8, 8, 8],
			"color": 0,
			"children": [
				{
					"name": "Neck",
					"origin": [8, 8, 8],
					"color": 0,
					"children": [13]
				}
			]
		}
	]
}