{
	"credit": "Made with Blockbench",
	"textures": {
		"0": "custom/abomb_jaw_dmg",
		"1": "custom/abomb_head_dmg",
		"2": "custom/abomb_teeth_dmg",
		"particle": "custom/abomb_jaw_dmg"
	},
	"elements": [
		{
			"name": "Head",
			"from": [2, 14, -8],
			"to": [14, 26, 0],
			"rotation": {"angle": 0, "axis": "y", "origin": [13, 25, 2]},
			"faces": {
				"north": {"uv": [0, 8, 16, 15.5], "texture": "#1"},
				"east": {"uv": [0, 0, 16, 8.5], "texture": "#1"},
				"south": {"uv": [0, 0, 16, 8.5], "texture": "#1"},
				"west": {"uv": [0, 0, 16, 8.5], "texture": "#1"},
				"up": {"uv": [0, 0, 16, 8], "texture": "#1"},
				"down": {"uv": [0, 0, 16, 8], "texture": "#1"}
			}
		},
		{
			"name": "Head",
			"from": [2, 22, -14],
			"to": [14, 26, -8],
			"rotation": {"angle": 0, "axis": "y", "origin": [13, 25, 2]},
			"faces": {
				"north": {"uv": [0, 0, 16, 7.5], "texture": "#0"},
				"east": {"uv": [0, 0, 16, 7.5], "texture": "#0"},
				"south": {"uv": [0, 0, 16, 7.5], "texture": "#0"},
				"west": {"uv": [0, 0, 16, 8], "texture": "#0"},
				"up": {"uv": [0, 0, 16, 5.5], "texture": "#0"},
				"down": {"uv": [0, 0, 16, 8], "texture": "#0"}
			}
		},
		{
			"name": "Upper Mouth",
			"from": [2.25, 21.75, -13],
			"to": [13.75, 22, -8],
			"rotation": {"angle": 0, "axis": "y", "origin": [13, 21, 2]},
			"faces": {
				"north": {"uv": [0, 0, 12, 4], "texture": "#1"},
				"east": {"uv": [0, 0, 6, 4], "texture": "#1"},
				"south": {"uv": [0, 0, 12, 4], "texture": "#1"},
				"west": {"uv": [0, 0, 6, 4], "texture": "#1"},
				"up": {"uv": [0, 0, 12, 6], "texture": "#1"},
				"down": {"uv": [1.5, 9, 14, 12], "texture": "#1"}
			}
		},
		{
			"name": "Teeth",
			"from": [13, 21, -11.5],
			"to": [14, 22, -9.5],
			"rotation": {"angle": 0, "axis": "y", "origin": [13.5, 21.5, -10.5]},
			"faces": {
				"north": {"uv": [0, 0, 5, 5], "texture": "#2"},
				"east": {"uv": [0, 0, 2, 1], "texture": "#2"},
				"south": {"uv": [0, 0, 1, 1], "texture": "#2"},
				"west": {"uv": [0, 0, 2, 1], "texture": "#2"},
				"up": {"uv": [0, 0, 2, 1], "rotation": 270, "texture": "#2"},
				"down": {"uv": [0, 0, 2, 1], "rotation": 90, "texture": "#2"}
			}
		},
		{
			"name": "Teeth",
			"from": [12, 21, -14],
			"to": [14, 22, -13],
			"rotation": {"angle": 0, "axis": "y", "origin": [23, 25, 2]},
			"faces": {
				"north": {"uv": [0, 0, 5, 5], "texture": "#2"},
				"east": {"uv": [0, 0, 1, 1], "texture": "#2"},
				"south": {"uv": [0, 0, 2, 1], "texture": "#2"},
				"west": {"uv": [0, 0, 1, 1], "texture": "#2"},
				"up": {"uv": [0, 0, 2, 1], "texture": "#2"},
				"down": {"uv": [0, 0, 2, 1], "texture": "#2"}
			}
		},
		{
			"name": "Teeth",
			"from": [10, 21, -14],
			"to": [11, 22, -13],
			"rotation": {"angle": 0, "axis": "y", "origin": [20, 25, 2]},
			"faces": {
				"north": {"uv": [0, 0, 5, 5], "texture": "#2"},
				"east": {"uv": [0, 0, 1, 1], "texture": "#2"},
				"south": {"uv": [0, 0, 1, 1], "texture": "#2"},
				"west": {"uv": [0, 0, 1, 1], "texture": "#2"},
				"up": {"uv": [0, 0, 1, 1], "texture": "#2"},
				"down": {"uv": [0, 0, 1, 1], "texture": "#2"}
			}
		},
		{
			"name": "Teeth",
			"from": [7, 21, -14],
			"to": [8, 22, -13],
			"rotation": {"angle": 0, "axis": "y", "origin": [17, 25, 2]},
			"faces": {
				"north": {"uv": [0, 0, 5, 5], "texture": "#2"},
				"east": {"uv": [0, 0, 1, 1], "texture": "#2"},
				"south": {"uv": [0, 0, 1, 1], "texture": "#2"},
				"west": {"uv": [0, 0, 1, 1], "texture": "#2"},
				"up": {"uv": [0, 0, 1, 1], "texture": "#2"},
				"down": {"uv": [0, 0, 1, 1], "texture": "#2"}
			}
		},
		{
			"name": "Teeth",
			"from": [5, 21, -14],
			"to": [6, 22, -13],
			"rotation": {"angle": 0, "axis": "y", "origin": [15, 25, 2]},
			"faces": {
				"north": {"uv": [0, 0, 5, 5], "texture": "#2"},
				"east": {"uv": [0, 0, 1, 1], "texture": "#2"},
				"south": {"uv": [0, 0, 1, 1], "texture": "#2"},
				"west": {"uv": [0, 0, 1, 1], "texture": "#2"},
				"up": {"uv": [0, 0, 1, 1], "texture": "#2"},
				"down": {"uv": [0, 0, 1, 1], "texture": "#2"}
			}
		},
		{
			"name": "Teeth",
			"from": [2, 21, -14],
			"to": [4, 22, -13],
			"rotation": {"angle": 0, "axis": "y", "origin": [13, 25, 2]},
			"faces": {
				"north": {"uv": [0, 0, 5, 5], "texture": "#2"},
				"east": {"uv": [0, 0, 1, 1], "texture": "#2"},
				"south": {"uv": [0, 0, 2, 1], "texture": "#2"},
				"west": {"uv": [0, 0, 1, 1], "texture": "#2"},
				"up": {"uv": [0, 0, 2, 1], "texture": "#2"},
				"down": {"uv": [0, 0, 2, 1], "texture": "#2"}
			}
		},
		{
			"name": "Eye",
			"from": [4, 26, -12],
			"to": [6, 27, -11],
			"rotation": {"angle": 0, "axis": "y", "origin": [15, 30, 4]},
			"faces": {
				"north": {"uv": [9, 13, 16, 16], "texture": "#2"},
				"east": {"uv": [0, 15, 1, 16], "texture": "#2"},
				"south": {"uv": [0, 15, 2, 16], "texture": "#2"},
				"west": {"uv": [0, 15, 1, 16], "texture": "#2"},
				"up": {"uv": [0, 15, 2, 16], "texture": "#2"},
				"down": {"uv": [0, 15, 2, 16], "texture": "#2"}
			}
		},
		{
			"name": "Eye",
			"from": [10, 26, -12],
			"to": [12, 27, -11],
			"rotation": {"angle": 0, "axis": "y", "origin": [21, 30, 4]},
			"faces": {
				"north": {"uv": [9, 13, 16, 16], "texture": "#2"},
				"east": {"uv": [0, 15, 1, 16], "texture": "#2"},
				"south": {"uv": [0, 15, 2, 16], "texture": "#2"},
				"west": {"uv": [0, 15, 1, 16], "texture": "#2"},
				"up": {"uv": [0, 15, 2, 16], "texture": "#2"},
				"down": {"uv": [0, 15, 2, 16], "texture": "#2"}
			}
		},
		{
			"name": "Teeth",
			"from": [2, 21, -11.5],
			"to": [3, 22, -9.5],
			"rotation": {"angle": 0, "axis": "y", "origin": [2.5, 21.5, -10.5]},
			"faces": {
				"north": {"uv": [0, 0, 5, 5], "texture": "#2"},
				"east": {"uv": [0, 0, 2, 1], "texture": "#2"},
				"south": {"uv": [0, 0, 1, 1], "texture": "#2"},
				"west": {"uv": [0, 0, 2, 1], "texture": "#2"},
				"up": {"uv": [0, 0, 2, 1], "rotation": 270, "texture": "#2"},
				"down": {"uv": [0, 0, 2, 1], "rotation": 90, "texture": "#2"}
			}
		},
		{
			"name": "Teeth",
			"from": [13, 15, -9.5],
			"to": [14, 16, -7.5],
			"rotation": {"angle": -45, "axis": "x", "origin": [8.05556, 14.18056, -10.25]},
			"faces": {
				"north": {"uv": [0, 0, 5, 5], "texture": "#2"},
				"east": {"uv": [0, 0, 2, 1], "texture": "#2"},
				"south": {"uv": [0, 0, 1, 1], "texture": "#2"},
				"west": {"uv": [0, 0, 2, 1], "texture": "#2"},
				"up": {"uv": [0, 0, 2, 1], "rotation": 270, "texture": "#2"},
				"down": {"uv": [0, 0, 2, 1], "rotation": 90, "texture": "#2"}
			}
		},
		{
			"name": "Teeth",
			"from": [12, 15, -12],
			"to": [14, 16, -11],
			"rotation": {"angle": -45, "axis": "x", "origin": [8.05556, 14.18056, -10.25]},
			"faces": {
				"north": {"uv": [0, 0, 5, 5], "texture": "#2"},
				"east": {"uv": [0, 0, 1, 1], "texture": "#2"},
				"south": {"uv": [0, 0, 2, 1], "texture": "#2"},
				"west": {"uv": [0, 0, 1, 1], "texture": "#2"},
				"up": {"uv": [0, 0, 5, 3], "texture": "#2"},
				"down": {"uv": [0, 0, 2, 1], "texture": "#2"}
			}
		},
		{
			"name": "Head",
			"from": [2, 11, -12],
			"to": [14, 15, -6],
			"rotation": {"angle": -45, "axis": "x", "origin": [8.05556, 14.18056, -10.25]},
			"faces": {
				"north": {"uv": [0, 6, 16, 13.5], "texture": "#0"},
				"east": {"uv": [0, 6, 16, 14], "texture": "#0"},
				"south": {"uv": [0, 0, 16, 7], "texture": "#0"},
				"west": {"uv": [0, 6, 16, 13.5], "texture": "#0"},
				"up": {"uv": [0, 6.5, 16, 8], "texture": "#0"},
				"down": {"uv": [0, 0, 16, 5.5], "texture": "#0"}
			}
		},
		{
			"name": "Teeth",
			"from": [10, 15, -12],
			"to": [11, 16, -11],
			"rotation": {"angle": -45, "axis": "x", "origin": [8.05556, 14.18056, -10.25]},
			"faces": {
				"north": {"uv": [0, 0, 5, 5], "texture": "#2"},
				"east": {"uv": [0, 0, 1, 1], "texture": "#2"},
				"south": {"uv": [0, 0, 1, 1], "texture": "#2"},
				"west": {"uv": [0, 0, 1, 1], "texture": "#2"},
				"up": {"uv": [0, 0, 1, 1], "texture": "#2"},
				"down": {"uv": [0, 0, 1, 1], "texture": "#2"}
			}
		},
		{
			"name": "Teeth",
			"from": [8, 15, -12],
			"to": [9, 16, -11],
			"rotation": {"angle": -45, "axis": "x", "origin": [8.05556, 14.18056, -10.25]},
			"faces": {
				"north": {"uv": [0, 0, 5, 5], "texture": "#2"},
				"east": {"uv": [0, 0, 1, 1], "texture": "#2"},
				"south": {"uv": [0, 0, 1, 1], "texture": "#2"},
				"west": {"uv": [0, 0, 1, 1], "texture": "#2"},
				"up": {"uv": [0, 0, 1, 1], "texture": "#2"},
				"down": {"uv": [0, 0, 1, 1], "texture": "#2"}
			}
		},
		{
			"name": "Teeth",
			"from": [5, 15, -12],
			"to": [6, 16, -11],
			"rotation": {"angle": -45, "axis": "x", "origin": [8.05556, 14.18056, -10.25]},
			"faces": {
				"north": {"uv": [0, 0, 5, 5], "texture": "#2"},
				"east": {"uv": [0, 0, 1, 1], "texture": "#2"},
				"south": {"uv": [0, 0, 1, 1], "texture": "#2"},
				"west": {"uv": [0, 0, 1, 1], "texture": "#2"},
				"up": {"uv": [0, 0, 1, 1], "texture": "#2"},
				"down": {"uv": [0, 0, 1, 1], "texture": "#2"}
			}
		},
		{
			"name": "Teeth",
			"from": [2, 15, -12],
			"to": [4, 16, -11],
			"rotation": {"angle": -45, "axis": "x", "origin": [8.05556, 14.18056, -10.25]},
			"faces": {
				"north": {"uv": [0, 0, 5, 5], "texture": "#2"},
				"east": {"uv": [0, 0, 1, 1], "texture": "#2"},
				"south": {"uv": [0, 0, 2, 1], "texture": "#2"},
				"west": {"uv": [0, 0, 1, 1], "texture": "#2"},
				"up": {"uv": [0, 0, 5, 3], "texture": "#2"},
				"down": {"uv": [0, 0, 2, 1], "texture": "#2"}
			}
		},
		{
			"name": "Teeth",
			"from": [2, 15, -9.5],
			"to": [3, 16, -7.5],
			"rotation": {"angle": -45, "axis": "x", "origin": [8.05556, 14.18056, -10.25]},
			"faces": {
				"north": {"uv": [0, 0, 5, 5], "texture": "#2"},
				"east": {"uv": [0, 0, 2, 1], "texture": "#2"},
				"south": {"uv": [0, 0, 1, 1], "texture": "#2"},
				"west": {"uv": [0, 0, 2, 1], "texture": "#2"},
				"up": {"uv": [0, 0, 2, 1], "rotation": 270, "texture": "#2"},
				"down": {"uv": [0, 0, 2, 1], "rotation": 90, "texture": "#2"}
			}
		},
		{
			"name": "Lower Mouth",
			"from": [2.25, 15, -11.5],
			"to": [13.75, 15.25, -6],
			"rotation": {"angle": -45, "axis": "x", "origin": [8.05556, 14.18056, -10.25]},
			"faces": {
				"north": {"uv": [0, 0, 12, 4], "texture": "#1"},
				"east": {"uv": [0, 0, 6, 4], "texture": "#1"},
				"south": {"uv": [0, 0, 12, 4], "texture": "#1"},
				"west": {"uv": [0, 0, 6, 4], "texture": "#1"},
				"up": {"uv": [0, 8.5, 16, 16], "texture": "#1"},
				"down": {"uv": [0, 10, 12, 16], "texture": "#1"}
			}
		},
		{
			"from": [4, 0, 4],
			"to": [12, 16, 12],
			"rotation": {"angle": 0, "axis": "y", "origin": [12, 8, 14]},
			"faces": {
				"north": {"uv": [0, 0.5, 14, 10.5], "texture": "#1"},
				"east": {"uv": [1.5, 0, 13.5, 9.5], "texture": "#1"},
				"south": {"uv": [2, 0.5, 13, 9.5], "texture": "#1"},
				"west": {"uv": [2, 0, 13.5, 9.5], "texture": "#1"},
				"up": {"uv": [0, 0, 8, 8], "texture": "#1"},
				"down": {"uv": [0, 0, 8, 8], "texture": "#1"}
			}
		},
		{
			"from": [4, 16, 5],
			"to": [12, 23, 13],
			"rotation": {"angle": 0, "axis": "y", "origin": [12, 24, 15]},
			"faces": {
				"north": {"uv": [0, 0, 8, 7], "texture": "#1"},
				"east": {"uv": [0, 0, 8, 7], "texture": "#1"},
				"south": {"uv": [0, 0, 8, 7], "texture": "#1"},
				"west": {"uv": [0, 0, 8, 7], "texture": "#1"},
				"up": {"uv": [0, 0, 16, 8], "texture": "#1"},
				"down": {"uv": [0, 0, 8, 8], "texture": "#1"}
			}
		},
		{
			"from": [4, 20, 0],
			"to": [12, 27, 8],
			"rotation": {"angle": 0, "axis": "y", "origin": [12, 28, 10]},
			"faces": {
				"north": {"uv": [0, 0, 8, 7], "texture": "#1"},
				"east": {"uv": [0, 0, 8, 7], "texture": "#1"},
				"south": {"uv": [0, 0, 8, 7], "texture": "#1"},
				"west": {"uv": [0, 0, 8, 7], "texture": "#1"},
				"up": {"uv": [0, 0, 16, 8], "texture": "#1"},
				"down": {"uv": [0, 0, 8, 8], "texture": "#1"}
			}
		},
		{
			"from": [10, -3, 1],
			"to": [16, 0, 7],
			"rotation": {"angle": 0, "axis": "x", "origin": [17, -8, 10]},
			"faces": {
				"north": {"uv": [0, 0, 6, 3], "texture": "#1"},
				"east": {"uv": [0, 0, 6, 3], "texture": "#1"},
				"south": {"uv": [0, 0, 6, 3], "texture": "#1"},
				"west": {"uv": [0, 0, 6, 3], "texture": "#1"},
				"up": {"uv": [9.5, 7, 15.5, 13], "texture": "#1"},
				"down": {"uv": [0, 0, 6, 6], "texture": "#1"}
			}
		},
		{
			"from": [12, -13, -1],
			"to": [18, -5, 5],
			"rotation": {"angle": 0, "axis": "x", "origin": [19, -16, 8]},
			"faces": {
				"north": {"uv": [0, 0, 6, 8], "texture": "#1"},
				"east": {"uv": [0, 0, 6, 8], "texture": "#1"},
				"south": {"uv": [0, 0, 6, 8], "texture": "#1"},
				"west": {"uv": [0, 0, 6, 8], "texture": "#1"},
				"up": {"uv": [0, 0, 6, 6], "texture": "#1"},
				"down": {"uv": [6.5, 10, 12.5, 16], "texture": "#1"}
			}
		},
		{
			"from": [1, -3, 1],
			"to": [7, 0, 7],
			"rotation": {"angle": 0, "axis": "x", "origin": [8, -8, 10]},
			"faces": {
				"north": {"uv": [0, 0, 6, 3], "texture": "#1"},
				"east": {"uv": [0, 0, 6, 3], "texture": "#1"},
				"south": {"uv": [0, 0, 6, 3], "texture": "#1"},
				"west": {"uv": [0, 0, 6, 3], "texture": "#1"},
				"up": {"uv": [0, 6.5, 6, 12.5], "texture": "#1"},
				"down": {"uv": [0, 0, 6, 6], "texture": "#1"}
			}
		},
		{
			"from": [0, -6, 0],
			"to": [6, -1, 6],
			"rotation": {"angle": 0, "axis": "x", "origin": [7, -11, 9]},
			"faces": {
				"north": {"uv": [0, 0, 6, 5], "texture": "#1"},
				"east": {"uv": [0, 0, 6, 5], "texture": "#1"},
				"south": {"uv": [0, 0, 6, 5], "texture": "#1"},
				"west": {"uv": [0, 0, 6, 5], "texture": "#1"},
				"up": {"uv": [0, 0, 6, 6], "texture": "#1"},
				"down": {"uv": [0, 0, 6, 6], "texture": "#1"}
			}
		},
		{
			"from": [11, -6, 0],
			"to": [17, -1, 6],
			"rotation": {"angle": 0, "axis": "x", "origin": [18, -11, 9]},
			"faces": {
				"north": {"uv": [0, 0, 6, 5], "texture": "#1"},
				"east": {"uv": [0, 0, 6, 5], "texture": "#1"},
				"south": {"uv": [0, 0, 6, 5], "texture": "#1"},
				"west": {"uv": [0, 0, 6, 5], "texture": "#1"},
				"up": {"uv": [0, 0, 6, 6], "texture": "#1"},
				"down": {"uv": [0, 0, 6, 6], "texture": "#1"}
			}
		},
		{
			"from": [-1, -13, -1],
			"to": [5, -5, 5],
			"rotation": {"angle": 0, "axis": "x", "origin": [6, -16, 8]},
			"faces": {
				"north": {"uv": [0, 0, 6, 8], "texture": "#1"},
				"east": {"uv": [0, 0, 6, 8], "texture": "#1"},
				"south": {"uv": [0, 0, 6, 8], "texture": "#1"},
				"west": {"uv": [0, 0, 6, 8], "texture": "#1"},
				"up": {"uv": [0, 0, 6, 6], "texture": "#1"},
				"down": {"uv": [5, 10, 11, 16], "texture": "#1"}
			}
		},
		{
			"from": [10, -3, 10],
			"to": [16, 0, 16],
			"rotation": {"angle": 0, "axis": "x", "origin": [17, -8, 19]},
			"faces": {
				"north": {"uv": [0, 0, 6, 3], "texture": "#1"},
				"east": {"uv": [0, 0, 6, 3], "texture": "#1"},
				"south": {"uv": [0, 0, 6, 3], "texture": "#1"},
				"west": {"uv": [0, 0, 6, 3], "texture": "#1"},
				"up": {"uv": [0, 7, 6, 13], "rotation": 180, "texture": "#1"},
				"down": {"uv": [0, 0, 6, 6], "texture": "#1"}
			}
		},
		{
			"from": [13, -16, 11],
			"to": [19, -8, 17],
			"rotation": {"angle": 0, "axis": "x", "origin": [20, -16, 20]},
			"faces": {
				"north": {"uv": [0, 0, 6, 8], "texture": "#1"},
				"east": {"uv": [0, 0, 6, 8], "texture": "#1"},
				"south": {"uv": [0, 0, 6, 8], "texture": "#1"},
				"west": {"uv": [0, 0, 6, 8], "texture": "#1"},
				"up": {"uv": [0, 0, 6, 6], "texture": "#1"},
				"down": {"uv": [4.5, 10, 10.5, 16], "texture": "#1"}
			}
		},
		{
			"from": [1, -3, 10],
			"to": [7, 0, 16],
			"rotation": {"angle": 0, "axis": "y", "origin": [8, -8, 19]},
			"faces": {
				"north": {"uv": [0, 0, 6, 3], "texture": "#1"},
				"east": {"uv": [0, 0, 6, 3], "texture": "#1"},
				"south": {"uv": [0, 0, 6, 3], "texture": "#1"},
				"west": {"uv": [0, 0, 6, 3], "texture": "#1"},
				"up": {"uv": [0, 7, 6, 13], "rotation": 270, "texture": "#1"},
				"down": {"uv": [0, 0, 6, 6], "texture": "#1"}
			}
		},
		{
			"from": [-1, -16, 11],
			"to": [5, -8, 17],
			"rotation": {"angle": 0, "axis": "y", "origin": [6, -16, 20]},
			"faces": {
				"north": {"uv": [0, 0, 6, 8], "texture": "#1"},
				"east": {"uv": [0, 0, 6, 8], "texture": "#1"},
				"south": {"uv": [0, 0, 6, 8], "texture": "#1"},
				"west": {"uv": [0, 0, 6, 8], "texture": "#1"},
				"up": {"uv": [0, 0, 6, 6], "texture": "#1"},
				"down": {"uv": [4.5, 10, 10.5, 16], "texture": "#1"}
			}
		},
		{
			"from": [12, -8, 9],
			"to": [18, -3, 15],
			"rotation": {"angle": 0, "axis": "x", "origin": [19, -11, 18]},
			"faces": {
				"north": {"uv": [0, 0, 6, 5], "texture": "#1"},
				"east": {"uv": [0, 0, 6, 5], "texture": "#1"},
				"south": {"uv": [0, 0, 6, 5], "texture": "#1"},
				"west": {"uv": [0, 0, 6, 5], "texture": "#1"},
				"up": {"uv": [0, 0, 6, 6], "texture": "#1"},
				"down": {"uv": [0, 0, 6, 6], "texture": "#1"}
			}
		},
		{
			"from": [0, -8, 8],
			"to": [6, -3, 14],
			"rotation": {"angle": 0, "axis": "x", "origin": [7, -11, 17]},
			"faces": {
				"north": {"uv": [0, 0, 6, 5], "texture": "#1"},
				"east": {"uv": [0, 0, 6, 5], "texture": "#1"},
				"south": {"uv": [0, 0, 6, 5], "texture": "#1"},
				"west": {"uv": [0, 0, 6, 5], "texture": "#1"},
				"up": {"uv": [0, 0, 6, 6], "texture": "#1"},
				"down": {"uv": [0, 0, 6, 6], "texture": "#1"}
			}
		}
	],
	"display": {
		"head": {
			"translation": [0, -15.5, 4],
			"scale": [1, 1.25, 1]
		}
	},
	"groups": [
		{
			"name": "Head",
			"origin": [13, 29, 18],
			"color": 0,
			"children": [0,
				{
					"name": "Jaw_top",
					"origin": [8, 8, 8],
					"color": 0,
					"children": [1, 2, 3, 4, 5, 6, 7, 8, 9, 10, 11]
				},
				{
					"name": "Jaw_Bottom",
					"origin": [13, 29, 18],
					"color": 0,
					"children": [12, 13, 14, 15, 16, 17, 18, 19, 20]
				}
			]
		},
		{
			"name": "Torso",
			"origin": [12, 8, 14],
			"color": 0,
			"children": [21]
		},
		{
			"name": "Neck",
			"origin": [8, 8, 8],
			"color": 0,
			"children": [22, 23]
		},
		{
			"name": "Legs",
			"origin": [8, 8, 8],
			"color": 0,
			"children": [
				{
					"name": "Legs_Front",
					"origin": [8, 8, 8],
					"color": 0,
					"children": [24, 25, 26, 27, 28, 29]
				},
				{
					"name": "Legs_Back",
					"origin": [8, 8, 8],
					"color": 0,
					"children": [30, 31, 32, 33, 34, 35]
				}
			]
		}
	]
}