{
	"credit": "Made with Blockbench",
	"textures": {
		"0": "custom/abomb_head",
		"1": "custom/abomb_teeth",
		"2": "custom/abysal_jaw",
		"particle": "custom/abomb_head"
	},
	"elements": [
		{
			"name": "Head",
			"from": [1, 18, 6],
			"to": [15, 30, 17],
			"rotation": {"angle": 0, "axis": "y", "origin": [13, 29, 14]},
			"faces": {
				"north": {"uv": [0, 8, 16, 15.5], "texture": "#0"},
				"east": {"uv": [0, 0, 16, 8.5], "texture": "#0"},
				"south": {"uv": [0, 0, 16, 8.5], "texture": "#0"},
				"west": {"uv": [0, 0, 16, 8.5], "texture": "#0"},
				"up": {"uv": [0, 0, 16, 8], "texture": "#0"},
				"down": {"uv": [0, 0, 16, 8], "texture": "#0"}
			}
		},
		{
			"name": "Teeth",
			"from": [12, 18, 3.5],
			"to": [15, 19, 5.5],
			"rotation": {"angle": -45, "axis": "x", "origin": [7.94737, 15.58553, 3.59211]},
			"faces": {
				"north": {"uv": [0, 0, 5, 5], "texture": "#1"},
				"east": {"uv": [0, 0, 2, 1], "texture": "#1"},
				"south": {"uv": [0, 0, 1, 1], "texture": "#1"},
				"west": {"uv": [0, 0, 2, 1], "texture": "#1"},
				"up": {"uv": [0, 0, 2, 1], "rotation": 270, "texture": "#1"},
				"down": {"uv": [0, 0, 2, 1], "rotation": 90, "texture": "#1"}
			}
		},
		{
			"name": "Teeth",
			"from": [12, 18, 6.5],
			"to": [15, 19, 8.5],
			"rotation": {"angle": -45, "axis": "x", "origin": [7.94737, 15.58553, 3.59211]},
			"faces": {
				"north": {"uv": [0, 0, 5, 5], "texture": "#1"},
				"east": {"uv": [0, 0, 2, 1], "texture": "#1"},
				"south": {"uv": [0, 0, 1, 1], "texture": "#1"},
				"west": {"uv": [0, 0, 2, 1], "texture": "#1"},
				"up": {"uv": [0, 0, 2, 1], "rotation": 270, "texture": "#1"},
				"down": {"uv": [0, 0, 2, 1], "rotation": 90, "texture": "#1"}
			}
		},
		{
			"name": "Teeth",
			"from": [11, 18, 1],
			"to": [15, 19, 2],
			"rotation": {"angle": -45, "axis": "x", "origin": [7.94737, 15.58553, 3.59211]},
			"faces": {
				"north": {"uv": [0, 0, 5, 5], "texture": "#1"},
				"east": {"uv": [0, 0, 1, 1], "texture": "#1"},
				"south": {"uv": [0, 0, 2, 1], "texture": "#1"},
				"west": {"uv": [0, 0, 1, 1], "texture": "#1"},
				"up": {"uv": [0, 0, 5, 3], "texture": "#1"},
				"down": {"uv": [0, 0, 2, 1], "texture": "#1"}
			}
		},
		{
			"name": "Head",
			"from": [1, 14, 1],
			"to": [15, 18, 9],
			"rotation": {"angle": -45, "axis": "x", "origin": [7.94737, 15.58553, 3.59211]},
			"faces": {
				"north": {"uv": [0, 6, 16, 13.5], "texture": "#2"},
				"east": {"uv": [0, 6, 16, 14], "texture": "#2"},
				"south": {"uv": [0, 0, 16, 7], "texture": "#2"},
				"west": {"uv": [0, 6, 16, 14], "texture": "#2"},
				"up": {"uv": [0, 6.5, 16, 8], "texture": "#2"},
				"down": {"uv": [0, 0, 16, 5.5], "texture": "#2"}
			}
		},
		{
			"name": "Teeth",
			"from": [7, 18, 1],
			"to": [9, 19, 2],
			"rotation": {"angle": -45, "axis": "x", "origin": [7.94737, 15.58553, 3.59211]},
			"faces": {
				"north": {"uv": [0, 0, 5, 5], "texture": "#1"},
				"east": {"uv": [0, 0, 1, 1], "texture": "#1"},
				"south": {"uv": [0, 0, 1, 1], "texture": "#1"},
				"west": {"uv": [0, 0, 1, 1], "texture": "#1"},
				"up": {"uv": [0, 0, 1, 1], "texture": "#1"},
				"down": {"uv": [0, 0, 1, 1], "texture": "#1"}
			}
		},
		{
			"name": "Teeth",
			"from": [1, 18, 1],
			"to": [5, 19, 2],
			"rotation": {"angle": -45, "axis": "x", "origin": [7.94737, 15.58553, 3.59211]},
			"faces": {
				"north": {"uv": [0, 0, 5, 5], "texture": "#1"},
				"east": {"uv": [0, 0, 1, 1], "texture": "#1"},
				"south": {"uv": [0, 0, 2, 1], "texture": "#1"},
				"west": {"uv": [0, 0, 1, 1], "texture": "#1"},
				"up": {"uv": [0, 0, 5, 3], "texture": "#1"},
				"down": {"uv": [0, 0, 2, 1], "texture": "#1"}
			}
		},
		{
			"name": "Teeth",
			"from": [1, 18, 3.5],
			"to": [4, 19, 5.5],
			"rotation": {"angle": -45, "axis": "x", "origin": [7.94737, 15.58553, 3.59211]},
			"faces": {
				"north": {"uv": [0, 0, 5, 5], "texture": "#1"},
				"east": {"uv": [0, 0, 2, 1], "texture": "#1"},
				"south": {"uv": [0, 0, 1, 1], "texture": "#1"},
				"west": {"uv": [0, 0, 2, 1], "texture": "#1"},
				"up": {"uv": [0, 0, 2, 1], "rotation": 270, "texture": "#1"},
				"down": {"uv": [0, 0, 2, 1], "rotation": 90, "texture": "#1"}
			}
		},
		{
			"name": "Blood",
			"from": [6, 11, 2.5],
			"to": [7, 14, 3.5],
			"rotation": {"angle": -45, "axis": "x", "origin": [7.94737, 15.58553, 3.59211]},
			"faces": {
				"north": {"uv": [5, 9, 6.5, 12], "texture": "#0"},
				"east": {"uv": [11, 14.5, 13, 15.5], "texture": "#0"},
				"south": {"uv": [4.5, 9.5, 5.5, 12.5], "texture": "#0"},
				"west": {"uv": [4.5, 11, 6.5, 12], "texture": "#0"},
				"up": {"uv": [5, 11, 7, 12], "rotation": 270, "texture": "#0"},
				"down": {"uv": [5.5, 10.5, 7.5, 11.5], "rotation": 90, "texture": "#0"}
			}
		},
		{
			"name": "Blood",
			"from": [3, 12, 2],
			"to": [4, 14, 3],
			"rotation": {"angle": -45, "axis": "x", "origin": [7.94737, 15.58553, 3.59211]},
			"faces": {
				"north": {"uv": [5, 9, 6.5, 12], "texture": "#0"},
				"east": {"uv": [11, 14.5, 13, 15.5], "texture": "#0"},
				"south": {"uv": [4.5, 9.5, 5.5, 12.5], "texture": "#0"},
				"west": {"uv": [4.5, 11, 6.5, 12], "texture": "#0"},
				"up": {"uv": [5, 11, 7, 12], "rotation": 270, "texture": "#0"},
				"down": {"uv": [5.5, 10.5, 7.5, 11.5], "rotation": 90, "texture": "#0"}
			}
		},
		{
			"name": "Blood",
			"from": [8, 13, 1],
			"to": [9, 14, 2],
			"rotation": {"angle": -45, "axis": "x", "origin": [7.94737, 15.58553, 3.59211]},
			"faces": {
				"north": {"uv": [5, 9, 6.5, 12], "texture": "#0"},
				"east": {"uv": [11, 14.5, 13, 15.5], "texture": "#0"},
				"south": {"uv": [4.5, 9.5, 5.5, 12.5], "texture": "#0"},
				"west": {"uv": [4.5, 11, 6.5, 12], "texture": "#0"},
				"up": {"uv": [5, 11, 7, 12], "rotation": 270, "texture": "#0"},
				"down": {"uv": [5.5, 10.5, 7.5, 11.5], "rotation": 90, "texture": "#0"}
			}
		},
		{
			"name": "Blood",
			"from": [1, 13, 2],
			"to": [2, 14, 3],
			"rotation": {"angle": -45, "axis": "x", "origin": [7.94737, 15.58553, 3.59211]},
			"faces": {
				"north": {"uv": [5, 9, 6.5, 12], "texture": "#0"},
				"east": {"uv": [11, 14.5, 13, 15.5], "texture": "#0"},
				"south": {"uv": [4.5, 9.5, 5.5, 12.5], "texture": "#0"},
				"west": {"uv": [4.5, 11, 6.5, 12], "texture": "#0"},
				"up": {"uv": [5, 11, 7, 12], "rotation": 270, "texture": "#0"},
				"down": {"uv": [5.5, 10.5, 7.5, 11.5], "rotation": 90, "texture": "#0"}
			}
		},
		{
			"name": "Blood",
			"from": [6, 13, 5],
			"to": [7, 14, 6],
			"rotation": {"angle": -45, "axis": "x", "origin": [7.94737, 15.58553, 3.59211]},
			"faces": {
				"north": {"uv": [5, 9, 6.5, 12], "texture": "#0"},
				"east": {"uv": [11, 14.5, 13, 15.5], "texture": "#0"},
				"south": {"uv": [4.5, 9.5, 5.5, 12.5], "texture": "#0"},
				"west": {"uv": [4.5, 11, 6.5, 12], "texture": "#0"},
				"up": {"uv": [5, 11, 7, 12], "rotation": 270, "texture": "#0"},
				"down": {"uv": [5.5, 10.5, 7.5, 11.5], "rotation": 90, "texture": "#0"}
			}
		},
		{
			"name": "Blood",
			"from": [3, 13, 1],
			"to": [4, 14, 2],
			"rotation": {"angle": -45, "axis": "x", "origin": [7.94737, 15.58553, 3.59211]},
			"faces": {
				"north": {"uv": [5, 9, 6.5, 12], "texture": "#0"},
				"east": {"uv": [11, 14.5, 13, 15.5], "texture": "#0"},
				"south": {"uv": [4.5, 9.5, 5.5, 12.5], "texture": "#0"},
				"west": {"uv": [4.5, 11, 6.5, 12], "texture": "#0"},
				"up": {"uv": [5, 11, 7, 12], "rotation": 270, "texture": "#0"},
				"down": {"uv": [5.5, 10.5, 7.5, 11.5], "rotation": 90, "texture": "#0"}
			}
		},
		{
			"name": "Blood",
			"from": [13, 13, 1],
			"to": [14, 14, 2],
			"rotation": {"angle": -45, "axis": "x", "origin": [7.94737, 15.58553, 3.59211]},
			"faces": {
				"north": {"uv": [5, 9, 6.5, 12], "texture": "#0"},
				"east": {"uv": [11, 14.5, 13, 15.5], "texture": "#0"},
				"south": {"uv": [4.5, 9.5, 5.5, 12.5], "texture": "#0"},
				"west": {"uv": [4.5, 11, 6.5, 12], "texture": "#0"},
				"up": {"uv": [5, 11, 7, 12], "rotation": 270, "texture": "#0"},
				"down": {"uv": [5.5, 10.5, 7.5, 11.5], "rotation": 90, "texture": "#0"}
			}
		},
		{
			"name": "Blood",
			"from": [11, 13, 1],
			"to": [12, 14, 2],
			"rotation": {"angle": -45, "axis": "x", "origin": [7.94737, 15.58553, 3.59211]},
			"faces": {
				"north": {"uv": [5, 9, 6.5, 12], "texture": "#0"},
				"east": {"uv": [11, 14.5, 13, 15.5], "texture": "#0"},
				"south": {"uv": [4.5, 9.5, 5.5, 12.5], "texture": "#0"},
				"west": {"uv": [4.5, 11, 6.5, 12], "texture": "#0"},
				"up": {"uv": [5, 11, 7, 12], "rotation": 270, "texture": "#0"},
				"down": {"uv": [5.5, 10.5, 7.5, 11.5], "rotation": 90, "texture": "#0"}
			}
		},
		{
			"name": "Blood",
			"from": [10, 12, 3.5],
			"to": [11, 14, 4.5],
			"rotation": {"angle": -45, "axis": "x", "origin": [7.94737, 15.58553, 3.59211]},
			"faces": {
				"north": {"uv": [5, 9, 6.5, 12], "texture": "#0"},
				"east": {"uv": [11, 14.5, 13, 15.5], "texture": "#0"},
				"south": {"uv": [4.5, 9.5, 5.5, 12.5], "texture": "#0"},
				"west": {"uv": [4.5, 11, 6.5, 12], "texture": "#0"},
				"up": {"uv": [5, 11, 7, 12], "rotation": 270, "texture": "#0"},
				"down": {"uv": [5.5, 10.5, 7.5, 11.5], "rotation": 90, "texture": "#0"}
			}
		},
		{
			"name": "Blood",
			"from": [13, 12, 5.5],
			"to": [14, 14, 6.5],
			"rotation": {"angle": -45, "axis": "x", "origin": [7.94737, 15.58553, 3.59211]},
			"faces": {
				"north": {"uv": [5, 9, 6.5, 12], "texture": "#0"},
				"east": {"uv": [11, 14.5, 13, 15.5], "texture": "#0"},
				"south": {"uv": [4.5, 9.5, 5.5, 12.5], "texture": "#0"},
				"west": {"uv": [4.5, 11, 6.5, 12], "texture": "#0"},
				"up": {"uv": [5, 11, 7, 12], "rotation": 270, "texture": "#0"},
				"down": {"uv": [5.5, 10.5, 7.5, 11.5], "rotation": 90, "texture": "#0"}
			}
		},
		{
			"name": "Teeth",
			"from": [1, 18, 6.5],
			"to": [4, 19, 8.5],
			"rotation": {"angle": -45, "axis": "x", "origin": [7.94737, 15.58553, 3.59211]},
			"faces": {
				"north": {"uv": [0, 0, 5, 5], "texture": "#1"},
				"east": {"uv": [0, 0, 2, 1], "texture": "#1"},
				"south": {"uv": [0, 0, 1, 1], "texture": "#1"},
				"west": {"uv": [0, 0, 2, 1], "texture": "#1"},
				"up": {"uv": [0, 0, 2, 1], "rotation": 270, "texture": "#1"},
				"down": {"uv": [0, 0, 2, 1], "rotation": 90, "texture": "#1"}
			}
		},
		{
			"name": "Lower Mouth",
			"from": [1.25, 18, 1.5],
			"to": [14.75, 18.25, 9],
			"rotation": {"angle": -45, "axis": "x", "origin": [7.94737, 15.58553, 3.59211]},
			"faces": {
				"north": {"uv": [0, 0, 12, 4], "texture": "#0"},
				"east": {"uv": [0, 0, 6, 4], "texture": "#0"},
				"south": {"uv": [0, 0, 12, 4], "texture": "#0"},
				"west": {"uv": [0, 0, 6, 4], "texture": "#0"},
				"up": {"uv": [0, 8.5, 16, 16], "texture": "#0"},
				"down": {"uv": [0, 10, 12, 16], "texture": "#0"}
			}
		},
		{
			"name": "Head",
			"from": [1, 27, -2],
			"to": [15, 31, 6],
			"rotation": {"angle": 0, "axis": "y", "origin": [13, 30, 14]},
			"faces": {
				"north": {"uv": [0, 0, 16, 7.5], "texture": "#2"},
				"east": {"uv": [0, 0, 16, 7.5], "texture": "#2"},
				"south": {"uv": [0, 0, 16, 7.5], "texture": "#2"},
				"west": {"uv": [0, 0, 16, 8], "texture": "#2"},
				"up": {"uv": [0, 0, 16, 5.5], "texture": "#2"},
				"down": {"uv": [0, 0, 16, 8], "texture": "#2"}
			}
		},
		{
			"name": "Upper Mouth",
			"from": [1.25, 26.75, -1],
			"to": [14.75, 27, 6],
			"rotation": {"angle": 0, "axis": "y", "origin": [13, 26, 14]},
			"faces": {
				"north": {"uv": [0, 0, 12, 4], "texture": "#0"},
				"east": {"uv": [0, 0, 6, 4], "texture": "#0"},
				"south": {"uv": [0, 0, 12, 4], "texture": "#0"},
				"west": {"uv": [0, 0, 6, 4], "texture": "#0"},
				"up": {"uv": [0, 0, 12, 6], "texture": "#0"},
				"down": {"uv": [1.5, 9, 14, 12], "texture": "#0"}
			}
		},
		{
			"name": "Teeth",
			"from": [12, 26, 0.5],
			"to": [15, 27, 2.5],
			"rotation": {"angle": 0, "axis": "y", "origin": [13.5, 26.5, 1.5]},
			"faces": {
				"north": {"uv": [0, 0, 5, 5], "texture": "#1"},
				"east": {"uv": [0, 0, 2, 1], "texture": "#1"},
				"south": {"uv": [0, 0, 1, 1], "texture": "#1"},
				"west": {"uv": [0, 0, 2, 1], "texture": "#1"},
				"up": {"uv": [0, 0, 2, 1], "rotation": 270, "texture": "#1"},
				"down": {"uv": [0, 0, 2, 1], "rotation": 90, "texture": "#1"}
			}
		},
		{
			"name": "Teeth",
			"from": [12, 26, 3.5],
			"to": [15, 27, 5.5],
			"rotation": {"angle": 0, "axis": "y", "origin": [13.5, 26.5, 4.5]},
			"faces": {
				"north": {"uv": [0, 0, 5, 5], "texture": "#1"},
				"east": {"uv": [0, 0, 2, 1], "texture": "#1"},
				"south": {"uv": [0, 0, 1, 1], "texture": "#1"},
				"west": {"uv": [0, 0, 2, 1], "texture": "#1"},
				"up": {"uv": [0, 0, 2, 1], "rotation": 270, "texture": "#1"},
				"down": {"uv": [0, 0, 2, 1], "rotation": 90, "texture": "#1"}
			}
		},
		{
			"name": "Teeth",
			"from": [12, 26, -2],
			"to": [14, 27, -1],
			"rotation": {"angle": 0, "axis": "y", "origin": [23, 30, 14]},
			"faces": {
				"north": {"uv": [0, 0, 5, 5], "texture": "#1"},
				"east": {"uv": [0, 0, 1, 1], "texture": "#1"},
				"south": {"uv": [0, 0, 2, 1], "texture": "#1"},
				"west": {"uv": [0, 0, 1, 1], "texture": "#1"},
				"up": {"uv": [0, 0, 2, 1], "texture": "#1"},
				"down": {"uv": [0, 0, 2, 1], "texture": "#1"}
			}
		},
		{
			"name": "Teeth",
			"from": [9, 26, -2],
			"to": [11, 27, -1],
			"rotation": {"angle": 0, "axis": "y", "origin": [19, 30, 14]},
			"faces": {
				"north": {"uv": [0, 0, 5, 5], "texture": "#1"},
				"east": {"uv": [0, 0, 1, 1], "texture": "#1"},
				"south": {"uv": [0, 0, 1, 1], "texture": "#1"},
				"west": {"uv": [0, 0, 1, 1], "texture": "#1"},
				"up": {"uv": [0, 0, 1, 1], "texture": "#1"},
				"down": {"uv": [0, 0, 1, 1], "texture": "#1"}
			}
		},
		{
			"name": "Teeth",
			"from": [5, 26, -2],
			"to": [7, 27, -1],
			"rotation": {"angle": 0, "axis": "y", "origin": [16, 30, 14]},
			"faces": {
				"north": {"uv": [0, 0, 5, 5], "texture": "#1"},
				"east": {"uv": [0, 0, 1, 1], "texture": "#1"},
				"south": {"uv": [0, 0, 1, 1], "texture": "#1"},
				"west": {"uv": [0, 0, 1, 1], "texture": "#1"},
				"up": {"uv": [0, 0, 1, 1], "texture": "#1"},
				"down": {"uv": [0, 0, 1, 1], "texture": "#1"}
			}
		},
		{
			"name": "Teeth",
			"from": [2, 26, -2],
			"to": [4, 27, -1],
			"rotation": {"angle": 0, "axis": "y", "origin": [13, 30, 14]},
			"faces": {
				"north": {"uv": [0, 0, 5, 5], "texture": "#1"},
				"east": {"uv": [0, 0, 1, 1], "texture": "#1"},
				"south": {"uv": [0, 0, 2, 1], "texture": "#1"},
				"west": {"uv": [0, 0, 1, 1], "texture": "#1"},
				"up": {"uv": [0, 0, 2, 1], "texture": "#1"},
				"down": {"uv": [0, 0, 2, 1], "texture": "#1"}
			}
		},
		{
			"name": "Eye",
			"from": [2, 31, 0],
			"to": [7, 32, 1],
			"rotation": {"angle": 0, "axis": "y", "origin": [15, 35, 16]},
			"faces": {
				"north": {"uv": [9, 13, 16, 16], "texture": "#1"},
				"east": {"uv": [0, 15, 1, 16], "texture": "#1"},
				"south": {"uv": [0, 15, 2, 16], "texture": "#1"},
				"west": {"uv": [0, 15, 1, 16], "texture": "#1"},
				"up": {"uv": [0, 15, 2, 16], "texture": "#1"},
				"down": {"uv": [0, 15, 2, 16], "texture": "#1"}
			}
		},
		{
			"name": "Eye",
			"from": [9, 31, 0],
			"to": [14, 32, 1],
			"rotation": {"angle": 0, "axis": "y", "origin": [21, 35, 16]},
			"faces": {
				"north": {"uv": [9, 13, 16, 16], "texture": "#1"},
				"east": {"uv": [0, 15, 1, 16], "texture": "#1"},
				"south": {"uv": [0, 15, 2, 16], "texture": "#1"},
				"west": {"uv": [0, 15, 1, 16], "texture": "#1"},
				"up": {"uv": [0, 15, 2, 16], "texture": "#1"},
				"down": {"uv": [0, 15, 2, 16], "texture": "#1"}
			}
		},
		{
			"name": "Teeth",
			"from": [1, 26, 0.5],
			"to": [4, 27, 2.5],
			"rotation": {"angle": 0, "axis": "y", "origin": [2.5, 26.5, 1.5]},
			"faces": {
				"north": {"uv": [0, 0, 5, 5], "texture": "#1"},
				"east": {"uv": [0, 0, 2, 1], "texture": "#1"},
				"south": {"uv": [0, 0, 1, 1], "texture": "#1"},
				"west": {"uv": [0, 0, 2, 1], "texture": "#1"},
				"up": {"uv": [0, 0, 2, 1], "rotation": 270, "texture": "#1"},
				"down": {"uv": [0, 0, 2, 1], "rotation": 90, "texture": "#1"}
			}
		},
		{
			"name": "Teeth",
			"from": [1, 26, 3.5],
			"to": [4, 27, 5.5],
			"rotation": {"angle": 0, "axis": "y", "origin": [2.5, 26.5, 4.5]},
			"faces": {
				"north": {"uv": [0, 0, 5, 5], "texture": "#1"},
				"east": {"uv": [0, 0, 2, 1], "texture": "#1"},
				"south": {"uv": [0, 0, 1, 1], "texture": "#1"},
				"west": {"uv": [0, 0, 2, 1], "texture": "#1"},
				"up": {"uv": [0, 0, 2, 1], "rotation": 270, "texture": "#1"},
				"down": {"uv": [0, 0, 2, 1], "rotation": 90, "texture": "#1"}
			}
		},
		{
			"from": [4, 16, 7],
			"to": [12, 23, 15],
			"rotation": {"angle": 0, "axis": "y", "origin": [12, 24, 17]},
			"faces": {
				"north": {"uv": [0, 0, 8, 7], "texture": "#0"},
				"east": {"uv": [0, 0, 8, 7], "texture": "#0"},
				"south": {"uv": [0.5, 1, 8.5, 8], "texture": "#0"},
				"west": {"uv": [0, 0, 8, 7], "texture": "#0"},
				"up": {"uv": [0, 0, 16, 8], "texture": "#0"},
				"down": {"uv": [0, 0, 8, 8], "texture": "#0"}
			}
		}
	],
	"display": {
		"head": {
			"translation": [0, -11.5, -10],
			"scale": [1, 1.07, 1]
		}
	},
	"groups": [
		{
			"name": "group",
			"origin": [8, 8, 8],
			"children": [
				{
					"name": "Head",
					"origin": [13, 29, 18],
					"children": [0,
						{
							"name": "Jaw_Bottom",
							"origin": [13, 29, 18],
							"children": [1, 2, 3, 4, 5, 6, 7, 8, 9, 10, 11, 12, 13, 14, 15, 16, 17, 18, 19]
						},
						{
							"name": "Jaw_top",
							"origin": [8, 8, 8],
							"children": [20, 21, 22, 23, 24, 25, 26, 27, 28, 29, 30, 31]
						}
					]
				}, 32]
		}
	]
}