{
	"credit": "Made with Blockbench",
	"textures": {
		"0": "custom/abomb_head",
		"particle": "custom/abomb_head"
	},
	"elements": [
		{
			"from": [2, 0, 5],
			"to": [14, 15, 11],
			"rotation": {"angle": -22.5, "axis": "x", "origin": [8, 7.5, 8]},
			"faces": {
				"north": {"uv": [1.5, 1.5, 13.5, 11.5], "texture": "#0"},
				"east": {"uv": [2.5, 1.5, 12, 11], "texture": "#0"},
				"south": {"uv": [0.5, 2, 14, 11.5], "texture": "#0"},
				"west": {"uv": [1, 1, 12.5, 10.5], "texture": "#0"},
				"up": {"uv": [0, 0, 8, 8], "texture": "#0"},
				"down": {"uv": [0, 0, 8, 8], "texture": "#0"}
			}
		},
		{
			"from": [10, -3, 5],
			"to": [16, 0, 11],
			"rotation": {"angle": 0, "axis": "y", "origin": [17, -8, 14]},
			"faces": {
				"north": {"uv": [9, 7, 15, 10], "rotation": 180, "texture": "#0"},
				"east": {"uv": [0, 0, 6, 3], "texture": "#0"},
				"south": {"uv": [0, 6.5, 6, 9.5], "rotation": 180, "texture": "#0"},
				"west": {"uv": [0, 0, 6, 3], "texture": "#0"},
				"up": {"uv": [0, 8.5, 6, 14.5], "rotation": 180, "texture": "#0"},
				"down": {"uv": [0, 0, 6, 6], "texture": "#0"}
			}
		},
		{
			"from": [13, -14, 6],
			"to": [19, -6, 12],
			"rotation": {"angle": 0, "axis": "y", "origin": [20, -14, 15]},
			"faces": {
				"north": {"uv": [0, 0, 6, 8], "texture": "#0"},
				"east": {"uv": [0, 0, 6, 8], "texture": "#0"},
				"south": {"uv": [0, 0, 6, 8], "texture": "#0"},
				"west": {"uv": [0, 0, 6, 8], "texture": "#0"},
				"up": {"uv": [0, 0, 6, 6], "texture": "#0"},
				"down": {"uv": [4.5, 10, 10.5, 16], "texture": "#0"}
			}
		},
		{
			"from": [1, -3, 5],
			"to": [7, 0, 11],
			"rotation": {"angle": 0, "axis": "y", "origin": [8, -8, 14]},
			"faces": {
				"north": {"uv": [0, 7, 6, 10], "rotation": 180, "texture": "#0"},
				"east": {"uv": [0, 0, 6, 3], "texture": "#0"},
				"south": {"uv": [8.5, 7, 14.5, 10], "rotation": 180, "texture": "#0"},
				"west": {"uv": [0, 0, 6, 3], "texture": "#0"},
				"up": {"uv": [1.5, 7, 7.5, 13], "rotation": 270, "texture": "#0"},
				"down": {"uv": [0, 0, 6, 6], "texture": "#0"}
			}
		},
		{
			"from": [-1, -16, 6],
			"to": [5, -8, 12],
			"rotation": {"angle": 0, "axis": "y", "origin": [6, -16, 15]},
			"faces": {
				"north": {"uv": [0, 0, 6, 8], "texture": "#0"},
				"east": {"uv": [0, 0, 6, 8], "texture": "#0"},
				"south": {"uv": [0, 0, 6, 8], "texture": "#0"},
				"west": {"uv": [0, 0, 6, 8], "texture": "#0"},
				"up": {"uv": [0, 0, 6, 6], "texture": "#0"},
				"down": {"uv": [4.5, 10, 10.5, 16], "texture": "#0"}
			}
		},
		{
			"from": [12, -7, 3],
			"to": [18, -2, 9],
			"rotation": {"angle": 0, "axis": "y", "origin": [19, -10, 12]},
			"faces": {
				"north": {"uv": [0, 0, 6, 5], "texture": "#0"},
				"east": {"uv": [0, 0, 6, 5], "texture": "#0"},
				"south": {"uv": [0, 0, 6, 5], "texture": "#0"},
				"west": {"uv": [0, 0, 6, 5], "texture": "#0"},
				"up": {"uv": [0, 0, 6, 6], "texture": "#0"},
				"down": {"uv": [0, 0, 6, 6], "texture": "#0"}
			}
		},
		{
			"from": [0, -8, 2],
			"to": [6, -3, 8],
			"rotation": {"angle": 0, "axis": "y", "origin": [7, -11, 11]},
			"faces": {
				"north": {"uv": [0, 0, 6, 5], "texture": "#0"},
				"east": {"uv": [0, 0, 6, 5], "texture": "#0"},
				"south": {"uv": [0, 0, 6, 5], "texture": "#0"},
				"west": {"uv": [0, 0, 6, 5], "texture": "#0"},
				"up": {"uv": [0, 0, 6, 6], "texture": "#0"},
				"down": {"uv": [0, 0, 6, 6], "texture": "#0"}
			}
		},
		{
			"from": [-3, 1.40289, 5.79285],
			"to": [2, 6.40289, 10.79285],
			"rotation": {"angle": -22.5, "axis": "x", "origin": [8, 2.20815, -2.19869]},
			"faces": {
				"north": {"uv": [0, 0, 5, 5], "texture": "#0"},
				"east": {"uv": [0, 0, 5, 5], "texture": "#0"},
				"south": {"uv": [0, 0, 5, 5], "texture": "#0"},
				"west": {"uv": [0, 0, 5, 5], "texture": "#0"},
				"up": {"uv": [0, 0, 5, 5], "texture": "#0"},
				"down": {"uv": [0, 0, 5, 5], "texture": "#0"}
			}
		},
		{
			"from": [-6, 0.40289, 1.79285],
			"to": [-1, 5.40289, 6.79285],
			"rotation": {"angle": -22.5, "axis": "x", "origin": [8, 2.20815, -2.19869]},
			"faces": {
				"north": {"uv": [0, 0, 5, 5], "texture": "#0"},
				"east": {"uv": [0, 0, 5, 5], "texture": "#0"},
				"south": {"uv": [0, 0, 5, 5], "texture": "#0"},
				"west": {"uv": [0, 0, 5, 5], "texture": "#0"},
				"up": {"uv": [0, 0, 5, 5], "texture": "#0"},
				"down": {"uv": [0, 0, 5, 5], "texture": "#0"}
			}
		},
		{
			"from": [-8, -0.59711, -4.20715],
			"to": [-3, 4.40289, 2.79285],
			"rotation": {"angle": -22.5, "axis": "x", "origin": [8, 2.20815, -2.19869]},
			"faces": {
				"north": {"uv": [5.5, 10, 10.5, 15], "texture": "#0"},
				"east": {"uv": [4, 5, 9, 10], "rotation": 270, "texture": "#0"},
				"south": {"uv": [0, 0, 5, 5], "texture": "#0"},
				"west": {"uv": [5, 5, 10, 10], "rotation": 90, "texture": "#0"},
				"up": {"uv": [5, 5, 10, 10], "rotation": 180, "texture": "#0"},
				"down": {"uv": [7, 4.5, 12, 9.5], "texture": "#0"}
			}
		},
		{
			"from": [-8, 3.37827, -5.22643],
			"to": [-7, 4.37827, -4.22643],
			"rotation": {"angle": -22.5, "axis": "x", "origin": [8, 2.20815, -2.19869]},
			"faces": {
				"north": {"uv": [5.5, 12, 9.5, 13], "texture": "#0"},
				"east": {"uv": [8, 11, 10.5, 12], "texture": "#0"},
				"south": {"uv": [0, 0, 1, 1], "texture": "#0"},
				"west": {"uv": [4, 12, 7, 13], "texture": "#0"},
				"up": {"uv": [4.5, 11.5, 8.5, 12.5], "texture": "#0"},
				"down": {"uv": [5.5, 12.5, 8.5, 13.5], "texture": "#0"}
			}
		},
		{
			"from": [-8, 1.37827, -5.22643],
			"to": [-7, 2.37827, -4.22643],
			"rotation": {"angle": -22.5, "axis": "x", "origin": [8, 2.20815, -2.19869]},
			"faces": {
				"north": {"uv": [5.5, 12, 9.5, 13], "texture": "#0"},
				"east": {"uv": [8, 11, 10.5, 12], "texture": "#0"},
				"south": {"uv": [0, 0, 1, 1], "texture": "#0"},
				"west": {"uv": [4, 12, 7, 13], "texture": "#0"},
				"up": {"uv": [4.5, 11.5, 8.5, 12.5], "texture": "#0"},
				"down": {"uv": [5.5, 12.5, 8.5, 13.5], "texture": "#0"}
			}
		},
		{
			"from": [-8, -0.62173, -5.22643],
			"to": [-7, 0.37827, -4.22643],
			"rotation": {"angle": -22.5, "axis": "x", "origin": [8, 2.20815, -2.19869]},
			"faces": {
				"north": {"uv": [5.5, 12, 9.5, 13], "texture": "#0"},
				"east": {"uv": [8, 11, 10.5, 12], "texture": "#0"},
				"south": {"uv": [0, 0, 1, 1], "texture": "#0"},
				"west": {"uv": [4, 12, 7, 13], "texture": "#0"},
				"up": {"uv": [4.5, 11.5, 8.5, 12.5], "texture": "#0"},
				"down": {"uv": [5.5, 12.5, 8.5, 13.5], "texture": "#0"}
			}
		},
		{
			"from": [-6, -0.62173, -5.22643],
			"to": [-5, 0.37827, -4.22643],
			"rotation": {"angle": -22.5, "axis": "x", "origin": [8, 2.20815, -2.19869]},
			"faces": {
				"north": {"uv": [5.5, 12, 9.5, 13], "texture": "#0"},
				"east": {"uv": [8, 11, 10.5, 12], "texture": "#0"},
				"south": {"uv": [0, 0, 1, 1], "texture": "#0"},
				"west": {"uv": [4, 12, 7, 13], "texture": "#0"},
				"up": {"uv": [4.5, 11.5, 8.5, 12.5], "texture": "#0"},
				"down": {"uv": [5.5, 12.5, 8.5, 13.5], "texture": "#0"}
			}
		},
		{
			"from": [-4, -0.62173, -5.22643],
			"to": [-3, 0.37827, -4.22643],
			"rotation": {"angle": -22.5, "axis": "x", "origin": [8, 2.20815, -2.19869]},
			"faces": {
				"north": {"uv": [5.5, 12, 9.5, 13], "texture": "#0"},
				"east": {"uv": [8, 11, 10.5, 12], "texture": "#0"},
				"south": {"uv": [0, 0, 1, 1], "texture": "#0"},
				"west": {"uv": [4, 12, 7, 13], "texture": "#0"},
				"up": {"uv": [4.5, 11.5, 8.5, 12.5], "texture": "#0"},
				"down": {"uv": [5.5, 12.5, 8.5, 13.5], "texture": "#0"}
			}
		},
		{
			"from": [-4, 1.37827, -5.22643],
			"to": [-3, 2.37827, -4.22643],
			"rotation": {"angle": -22.5, "axis": "x", "origin": [8, 2.20815, -2.19869]},
			"faces": {
				"north": {"uv": [5.5, 12, 9.5, 13], "texture": "#0"},
				"east": {"uv": [8, 11, 10.5, 12], "texture": "#0"},
				"south": {"uv": [0, 0, 1, 1], "texture": "#0"},
				"west": {"uv": [4, 12, 7, 13], "texture": "#0"},
				"up": {"uv": [4.5, 11.5, 8.5, 12.5], "texture": "#0"},
				"down": {"uv": [5.5, 12.5, 8.5, 13.5], "texture": "#0"}
			}
		},
		{
			"from": [-4, 3.37827, -5.22643],
			"to": [-3, 4.37827, -4.22643],
			"rotation": {"angle": -22.5, "axis": "x", "origin": [8, 2.20815, -2.19869]},
			"faces": {
				"north": {"uv": [5.5, 12, 9.5, 13], "texture": "#0"},
				"east": {"uv": [8, 11, 10.5, 12], "texture": "#0"},
				"south": {"uv": [0, 0, 1, 1], "texture": "#0"},
				"west": {"uv": [4, 12, 7, 13], "texture": "#0"},
				"up": {"uv": [4.5, 11.5, 8.5, 12.5], "texture": "#0"},
				"down": {"uv": [5.5, 12.5, 8.5, 13.5], "texture": "#0"}
			}
		},
		{
			"from": [-6, 3.52924, -5.24559],
			"to": [-5, 4.52924, -4.24559],
			"rotation": {"angle": -22.5, "axis": "x", "origin": [8, 2.20815, -2.19869]},
			"faces": {
				"north": {"uv": [5.5, 12, 9.5, 13], "texture": "#0"},
				"east": {"uv": [8, 11, 10.5, 12], "texture": "#0"},
				"south": {"uv": [0, 0, 1, 1], "texture": "#0"},
				"west": {"uv": [4, 12, 7, 13], "texture": "#0"},
				"up": {"uv": [4.5, 11.5, 8.5, 12.5], "texture": "#0"},
				"down": {"uv": [5.5, 12.5, 8.5, 13.5], "texture": "#0"}
			}
		},
		{
			"from": [14, 5.5313, 6.04402],
			"to": [19, 10.5313, 11.04402],
			"rotation": {"angle": 0, "axis": "x", "origin": [20.86364, 6.30352, -2.06437]},
			"faces": {
				"north": {"uv": [0, 0, 5, 5], "texture": "#0"},
				"east": {"uv": [0, 0, 5, 5], "texture": "#0"},
				"south": {"uv": [0, 0, 5, 5], "texture": "#0"},
				"west": {"uv": [0, 0, 5, 5], "texture": "#0"},
				"up": {"uv": [0, 0, 5, 5], "texture": "#0"},
				"down": {"uv": [0, 0, 5, 5], "texture": "#0"}
			}
		},
		{
			"from": [17, 4.5313, 2.04402],
			"to": [22, 9.5313, 7.04402],
			"rotation": {"angle": 0, "axis": "x", "origin": [20.86364, 6.30352, -2.06437]},
			"faces": {
				"north": {"uv": [0, 0, 5, 5], "texture": "#0"},
				"east": {"uv": [0, 0, 5, 5], "texture": "#0"},
				"south": {"uv": [0, 0, 5, 5], "texture": "#0"},
				"west": {"uv": [0, 0, 5, 5], "texture": "#0"},
				"up": {"uv": [0, 0, 5, 5], "texture": "#0"},
				"down": {"uv": [0, 0, 5, 5], "texture": "#0"}
			}
		},
		{
			"from": [19, 3.5313, -3.95598],
			"to": [24, 8.5313, 3.04402],
			"rotation": {"angle": 0, "axis": "x", "origin": [20.86364, 6.30352, -2.06437]},
			"faces": {
				"north": {"uv": [5, 11, 10, 16], "texture": "#0"},
				"east": {"uv": [3, 5, 8, 10], "rotation": 270, "texture": "#0"},
				"south": {"uv": [0, 0, 5, 5], "texture": "#0"},
				"west": {"uv": [6.5, 6, 11.5, 11], "rotation": 90, "texture": "#0"},
				"up": {"uv": [5.5, 5.5, 10.5, 10.5], "rotation": 180, "texture": "#0"},
				"down": {"uv": [4, 5, 9, 10], "texture": "#0"}
			}
		},
		{
			"from": [19, 7.5306, -4.91752],
			"to": [20, 8.5306, -3.91752],
			"rotation": {"angle": 0, "axis": "x", "origin": [20.86364, 6.30352, -2.06437]},
			"faces": {
				"north": {"uv": [5.5, 12, 9.5, 13], "texture": "#0"},
				"east": {"uv": [8, 11, 10.5, 12], "texture": "#0"},
				"south": {"uv": [0, 0, 1, 1], "texture": "#0"},
				"west": {"uv": [4, 12, 7, 13], "texture": "#0"},
				"up": {"uv": [4.5, 11.5, 8.5, 12.5], "texture": "#0"},
				"down": {"uv": [5.5, 12.5, 8.5, 13.5], "texture": "#0"}
			}
		},
		{
			"from": [19, 5.5306, -4.91752],
			"to": [20, 6.5306, -3.91752],
			"rotation": {"angle": 0, "axis": "x", "origin": [20.86364, 6.30352, -2.06437]},
			"faces": {
				"north": {"uv": [5.5, 12, 9.5, 13], "texture": "#0"},
				"east": {"uv": [8, 11, 10.5, 12], "texture": "#0"},
				"south": {"uv": [0, 0, 1, 1], "texture": "#0"},
				"west": {"uv": [4, 12, 7, 13], "texture": "#0"},
				"up": {"uv": [4.5, 11.5, 8.5, 12.5], "texture": "#0"},
				"down": {"uv": [5.5, 12.5, 8.5, 13.5], "texture": "#0"}
			}
		},
		{
			"from": [19, 3.5306, -4.91752],
			"to": [20, 4.5306, -3.91752],
			"rotation": {"angle": 0, "axis": "x", "origin": [20.86364, 6.30352, -2.06437]},
			"faces": {
				"north": {"uv": [5.5, 12, 9.5, 13], "texture": "#0"},
				"east": {"uv": [8, 11, 10.5, 12], "texture": "#0"},
				"south": {"uv": [0, 0, 1, 1], "texture": "#0"},
				"west": {"uv": [4, 12, 7, 13], "texture": "#0"},
				"up": {"uv": [4.5, 11.5, 8.5, 12.5], "texture": "#0"},
				"down": {"uv": [5.5, 12.5, 8.5, 13.5], "texture": "#0"}
			}
		},
		{
			"from": [21, 3.5306, -4.91752],
			"to": [22, 4.5306, -3.91752],
			"rotation": {"angle": 0, "axis": "x", "origin": [20.86364, 6.30352, -2.06437]},
			"faces": {
				"north": {"uv": [5.5, 12, 9.5, 13], "texture": "#0"},
				"east": {"uv": [8, 11, 10.5, 12], "texture": "#0"},
				"south": {"uv": [0, 0, 1, 1], "texture": "#0"},
				"west": {"uv": [4, 12, 7, 13], "texture": "#0"},
				"up": {"uv": [4.5, 11.5, 8.5, 12.5], "texture": "#0"},
				"down": {"uv": [5.5, 12.5, 8.5, 13.5], "texture": "#0"}
			}
		},
		{
			"from": [23, 3.5306, -4.91752],
			"to": [24, 4.5306, -3.91752],
			"rotation": {"angle": 0, "axis": "x", "origin": [20.86364, 6.30352, -2.06437]},
			"faces": {
				"north": {"uv": [5.5, 12, 9.5, 13], "texture": "#0"},
				"east": {"uv": [8, 11, 10.5, 12], "texture": "#0"},
				"south": {"uv": [0, 0, 1, 1], "texture": "#0"},
				"west": {"uv": [4, 12, 7, 13], "texture": "#0"},
				"up": {"uv": [4.5, 11.5, 8.5, 12.5], "texture": "#0"},
				"down": {"uv": [5.5, 12.5, 8.5, 13.5], "texture": "#0"}
			}
		},
		{
			"from": [23, 5.5306, -4.91752],
			"to": [24, 6.5306, -3.91752],
			"rotation": {"angle": 0, "axis": "x", "origin": [20.86364, 6.30352, -2.06437]},
			"faces": {
				"north": {"uv": [5.5, 12, 9.5, 13], "texture": "#0"},
				"east": {"uv": [8, 11, 10.5, 12], "texture": "#0"},
				"south": {"uv": [0, 0, 1, 1], "texture": "#0"},
				"west": {"uv": [4, 12, 7, 13], "texture": "#0"},
				"up": {"uv": [4.5, 11.5, 8.5, 12.5], "texture": "#0"},
				"down": {"uv": [5.5, 12.5, 8.5, 13.5], "texture": "#0"}
			}
		},
		{
			"from": [23, 7.5306, -4.91752],
			"to": [24, 8.5306, -3.91752],
			"rotation": {"angle": 0, "axis": "x", "origin": [20.86364, 6.30352, -2.06437]},
			"faces": {
				"north": {"uv": [5.5, 12, 9.5, 13], "texture": "#0"},
				"east": {"uv": [8, 11, 10.5, 12], "texture": "#0"},
				"south": {"uv": [0, 0, 1, 1], "texture": "#0"},
				"west": {"uv": [4, 12, 7, 13], "texture": "#0"},
				"up": {"uv": [4.5, 11.5, 8.5, 12.5], "texture": "#0"},
				"down": {"uv": [5.5, 12.5, 8.5, 13.5], "texture": "#0"}
			}
		},
		{
			"from": [21, 7.5306, -4.91752],
			"to": [22, 8.5306, -3.91752],
			"rotation": {"angle": 0, "axis": "x", "origin": [20.86364, 6.30352, -2.06437]},
			"faces": {
				"north": {"uv": [5.5, 12, 9.5, 13], "texture": "#0"},
				"east": {"uv": [8, 11, 10.5, 12], "texture": "#0"},
				"south": {"uv": [0, 0, 1, 1], "texture": "#0"},
				"west": {"uv": [4, 12, 7, 13], "texture": "#0"},
				"up": {"uv": [4.5, 11.5, 8.5, 12.5], "texture": "#0"},
				"down": {"uv": [5.5, 12.5, 8.5, 13.5], "texture": "#0"}
			}
		}
	],
	"display": {
		"head": {
			"translation": [0, -60, 0],
			"scale": [1.75, 2, 2.4668]
		}
	},
	"groups": [
		{
			"name": "Torso",
			"origin": [12, 8, 14],
			"color": 0,
			"children": [0]
		},
		{
			"name": "Neck",
			"origin": [8, 8, 8],
			"color": 0,
			"children": []
		},
		{
			"name": "Legs",
			"origin": [8, 8, 8],
			"color": 0,
			"children": [
				{
					"name": "Legs_Front",
					"origin": [8, 8, 8],
					"color": 0,
					"children": []
				},
				{
					"name": "Legs_Back",
					"origin": [8, 8, 8],
					"color": 0,
					"children": [1, 2, 3, 4, 5, 6]
				}
			]
		},
		{
			"name": "Arms",
			"origin": [8, 8, 8],
			"color": 0,
			"children": [
				{
					"name": "right_arm",
					"origin": [11, 14, 15],
					"color": 0,
					"children": [7, 8, 9, 10, 11, 12, 13, 14, 15, 16, 17]
				},
				{
					"name": "left_arm",
					"origin": [27, 12, 2],
					"color": 0,
					"children": [18, 19, 20, 21, 22, 23, 24, 25, 26, 27, 28]
				}
			]
		}
	]
}