{
	"credit": "Made with Blockbench",
	"textures": {
		"0": "custom/abomb_head",
		"particle": "custom/abomb_head"
	},
	"elements": [
		{
			"from": [2, 0, 5],
			"to": [14, 15, 11],
			"rotation": {"angle": 0, "axis": "y", "origin": [12, 8, 14]},
			"faces": {
				"north": {"uv": [1.5, 1.5, 13.5, 11.5], "texture": "#0"},
				"east": {"uv": [2.5, 1.5, 12, 11], "texture": "#0"},
				"south": {"uv": [0.5, 2, 14, 11.5], "texture": "#0"},
				"west": {"uv": [1, 1, 12.5, 10.5], "texture": "#0"},
				"up": {"uv": [0, 0, 8, 8], "texture": "#0"},
				"down": {"uv": [0, 0, 8, 8], "texture": "#0"}
			}
		},
		{
			"from": [10, -3, 5],
			"to": [16, 0, 11],
			"rotation": {"angle": 0, "axis": "y", "origin": [17, -8, 14]},
			"faces": {
				"north": {"uv": [9, 7, 15, 10], "rotation": 180, "texture": "#0"},
				"east": {"uv": [0, 0, 6, 3], "texture": "#0"},
				"south": {"uv": [0, 6.5, 6, 9.5], "rotation": 180, "texture": "#0"},
				"west": {"uv": [0, 0, 6, 3], "texture": "#0"},
				"up": {"uv": [0, 8.5, 6, 14.5], "rotation": 180, "texture": "#0"},
				"down": {"uv": [0, 0, 6, 6], "texture": "#0"}
			}
		},
		{
			"from": [13, -16, 6],
			"to": [19, -8, 12],
			"rotation": {"angle": 0, "axis": "y", "origin": [20, -16, 15]},
			"faces": {
				"north": {"uv": [0, 0, 6, 8], "texture": "#0"},
				"east": {"uv": [0, 0, 6, 8], "texture": "#0"},
				"south": {"uv": [0, 0, 6, 8], "texture": "#0"},
				"west": {"uv": [0, 0, 6, 8], "texture": "#0"},
				"up": {"uv": [0, 0, 6, 6], "texture": "#0"},
				"down": {"uv": [4.5, 10, 10.5, 16], "texture": "#0"}
			}
		},
		{
			"from": [1, -3, 5],
			"to": [7, 0, 11],
			"rotation": {"angle": 0, "axis": "y", "origin": [8, -8, 14]},
			"faces": {
				"north": {"uv": [0, 7, 6, 10], "rotation": 180, "texture": "#0"},
				"east": {"uv": [0, 0, 6, 3], "texture": "#0"},
				"south": {"uv": [8.5, 7, 14.5, 10], "rotation": 180, "texture": "#0"},
				"west": {"uv": [0, 0, 6, 3], "texture": "#0"},
				"up": {"uv": [1.5, 7, 7.5, 13], "rotation": 270, "texture": "#0"},
				"down": {"uv": [0, 0, 6, 6], "texture": "#0"}
			}
		},
		{
			"from": [-1, -16, 6],
			"to": [5, -8, 12],
			"rotation": {"angle": 0, "axis": "y", "origin": [6, -16, 15]},
			"faces": {
				"north": {"uv": [0, 0, 6, 8], "texture": "#0"},
				"east": {"uv": [0, 0, 6, 8], "texture": "#0"},
				"south": {"uv": [0, 0, 6, 8], "texture": "#0"},
				"west": {"uv": [0, 0, 6, 8], "texture": "#0"},
				"up": {"uv": [0, 0, 6, 6], "texture": "#0"},
				"down": {"uv": [4.5, 10, 10.5, 16], "texture": "#0"}
			}
		},
		{
			"from": [12, -8, 3],
			"to": [18, -3, 9],
			"rotation": {"angle": 0, "axis": "y", "origin": [19, -11, 12]},
			"faces": {
				"north": {"uv": [0, 0, 6, 5], "texture": "#0"},
				"east": {"uv": [0, 0, 6, 5], "texture": "#0"},
				"south": {"uv": [0, 0, 6, 5], "texture": "#0"},
				"west": {"uv": [0, 0, 6, 5], "texture": "#0"},
				"up": {"uv": [0, 0, 6, 6], "texture": "#0"},
				"down": {"uv": [0, 0, 6, 6], "texture": "#0"}
			}
		},
		{
			"from": [0, -8, 2],
			"to": [6, -3, 8],
			"rotation": {"angle": 0, "axis": "y", "origin": [7, -11, 11]},
			"faces": {
				"north": {"uv": [0, 0, 6, 5], "texture": "#0"},
				"east": {"uv": [0, 0, 6, 5], "texture": "#0"},
				"south": {"uv": [0, 0, 6, 5], "texture": "#0"},
				"west": {"uv": [0, 0, 6, 5], "texture": "#0"},
				"up": {"uv": [0, 0, 6, 6], "texture": "#0"},
				"down": {"uv": [0, 0, 6, 6], "texture": "#0"}
			}
		},
		{
			"from": [-3, 10.19787, 1.54232],
			"to": [2, 15.19787, 6.54232],
			"rotation": {"angle": 22.5, "axis": "x", "origin": [-4.86364, 2.04574, 5.77377]},
			"faces": {
				"north": {"uv": [0, 0, 5, 5], "rotation": 180, "texture": "#0"},
				"east": {"uv": [0, 0, 5, 5], "rotation": 90, "texture": "#0"},
				"south": {"uv": [0, 0, 5, 5], "texture": "#0"},
				"west": {"uv": [0, 0, 5, 5], "rotation": 270, "texture": "#0"},
				"up": {"uv": [0, 0, 5, 5], "texture": "#0"},
				"down": {"uv": [0, 0, 5, 5], "rotation": 180, "texture": "#0"}
			}
		},
		{
			"from": [-6, 6.19787, 2.54232],
			"to": [-1, 11.19787, 7.54232],
			"rotation": {"angle": 22.5, "axis": "x", "origin": [-4.86364, 2.04574, 5.77377]},
			"faces": {
				"north": {"uv": [0, 0, 5, 5], "rotation": 180, "texture": "#0"},
				"east": {"uv": [0, 0, 5, 5], "rotation": 90, "texture": "#0"},
				"south": {"uv": [0, 0, 5, 5], "texture": "#0"},
				"west": {"uv": [0, 0, 5, 5], "rotation": 270, "texture": "#0"},
				"up": {"uv": [0, 0, 5, 5], "texture": "#0"},
				"down": {"uv": [0, 0, 5, 5], "rotation": 180, "texture": "#0"}
			}
		},
		{
			"from": [-8, 0.19787, 3.54232],
			"to": [-3, 7.19787, 8.54232],
			"rotation": {"angle": 22.5, "axis": "x", "origin": [-4.86364, 2.04574, 5.77377]},
			"faces": {
				"north": {"uv": [5, 5, 10, 10], "texture": "#0"},
				"east": {"uv": [4, 5, 9, 10], "texture": "#0"},
				"south": {"uv": [7, 4.5, 12, 9.5], "texture": "#0"},
				"west": {"uv": [5, 5, 10, 10], "texture": "#0"},
				"up": {"uv": [0, 0, 5, 5], "texture": "#0"},
				"down": {"uv": [5.5, 10, 10.5, 15], "rotation": 180, "texture": "#0"}
			}
		},
		{
			"from": [-8, -0.82141, 3.56694],
			"to": [-7, 0.17859, 4.56694],
			"rotation": {"angle": 22.5, "axis": "x", "origin": [-4.86364, 2.04574, 5.77377]},
			"faces": {
				"north": {"uv": [4.5, 11.5, 8.5, 12.5], "rotation": 180, "texture": "#0"},
				"east": {"uv": [8, 11, 10.5, 12], "rotation": 90, "texture": "#0"},
				"south": {"uv": [5.5, 12.5, 8.5, 13.5], "texture": "#0"},
				"west": {"uv": [4, 12, 7, 13], "rotation": 270, "texture": "#0"},
				"up": {"uv": [0, 0, 1, 1], "texture": "#0"},
				"down": {"uv": [5.5, 12, 9.5, 13], "rotation": 180, "texture": "#0"}
			}
		},
		{
			"from": [-8, -0.82141, 5.56694],
			"to": [-7, 0.17859, 6.56694],
			"rotation": {"angle": 22.5, "axis": "x", "origin": [-4.86364, 2.04574, 5.77377]},
			"faces": {
				"north": {"uv": [4.5, 11.5, 8.5, 12.5], "rotation": 180, "texture": "#0"},
				"east": {"uv": [8, 11, 10.5, 12], "rotation": 90, "texture": "#0"},
				"south": {"uv": [5.5, 12.5, 8.5, 13.5], "texture": "#0"},
				"west": {"uv": [4, 12, 7, 13], "rotation": 270, "texture": "#0"},
				"up": {"uv": [0, 0, 1, 1], "texture": "#0"},
				"down": {"uv": [5.5, 12, 9.5, 13], "rotation": 180, "texture": "#0"}
			}
		},
		{
			"from": [-8, -0.82141, 7.56694],
			"to": [-7, 0.17859, 8.56694],
			"rotation": {"angle": 22.5, "axis": "x", "origin": [-4.86364, 2.04574, 5.77377]},
			"faces": {
				"north": {"uv": [4.5, 11.5, 8.5, 12.5], "rotation": 180, "texture": "#0"},
				"east": {"uv": [8, 11, 10.5, 12], "rotation": 90, "texture": "#0"},
				"south": {"uv": [5.5, 12.5, 8.5, 13.5], "texture": "#0"},
				"west": {"uv": [4, 12, 7, 13], "rotation": 270, "texture": "#0"},
				"up": {"uv": [0, 0, 1, 1], "texture": "#0"},
				"down": {"uv": [5.5, 12, 9.5, 13], "rotation": 180, "texture": "#0"}
			}
		},
		{
			"from": [-6, -0.82141, 7.56694],
			"to": [-5, 0.17859, 8.56694],
			"rotation": {"angle": 22.5, "axis": "x", "origin": [-4.86364, 2.04574, 5.77377]},
			"faces": {
				"north": {"uv": [4.5, 11.5, 8.5, 12.5], "rotation": 180, "texture": "#0"},
				"east": {"uv": [8, 11, 10.5, 12], "rotation": 90, "texture": "#0"},
				"south": {"uv": [5.5, 12.5, 8.5, 13.5], "texture": "#0"},
				"west": {"uv": [4, 12, 7, 13], "rotation": 270, "texture": "#0"},
				"up": {"uv": [0, 0, 1, 1], "texture": "#0"},
				"down": {"uv": [5.5, 12, 9.5, 13], "rotation": 180, "texture": "#0"}
			}
		},
		{
			"from": [-4, -0.82141, 7.56694],
			"to": [-3, 0.17859, 8.56694],
			"rotation": {"angle": 22.5, "axis": "x", "origin": [-4.86364, 2.04574, 5.77377]},
			"faces": {
				"north": {"uv": [4.5, 11.5, 8.5, 12.5], "rotation": 180, "texture": "#0"},
				"east": {"uv": [8, 11, 10.5, 12], "rotation": 90, "texture": "#0"},
				"south": {"uv": [5.5, 12.5, 8.5, 13.5], "texture": "#0"},
				"west": {"uv": [4, 12, 7, 13], "rotation": 270, "texture": "#0"},
				"up": {"uv": [0, 0, 1, 1], "texture": "#0"},
				"down": {"uv": [5.5, 12, 9.5, 13], "rotation": 180, "texture": "#0"}
			}
		},
		{
			"from": [-4, -0.82141, 5.56694],
			"to": [-3, 0.17859, 6.56694],
			"rotation": {"angle": 22.5, "axis": "x", "origin": [-4.86364, 2.04574, 5.77377]},
			"faces": {
				"north": {"uv": [4.5, 11.5, 8.5, 12.5], "rotation": 180, "texture": "#0"},
				"east": {"uv": [8, 11, 10.5, 12], "rotation": 90, "texture": "#0"},
				"south": {"uv": [5.5, 12.5, 8.5, 13.5], "texture": "#0"},
				"west": {"uv": [4, 12, 7, 13], "rotation": 270, "texture": "#0"},
				"up": {"uv": [0, 0, 1, 1], "texture": "#0"},
				"down": {"uv": [5.5, 12, 9.5, 13], "rotation": 180, "texture": "#0"}
			}
		},
		{
			"from": [-4, -0.82141, 3.56694],
			"to": [-3, 0.17859, 4.56694],
			"rotation": {"angle": 22.5, "axis": "x", "origin": [-4.86364, 2.04574, 5.77377]},
			"faces": {
				"north": {"uv": [4.5, 11.5, 8.5, 12.5], "rotation": 180, "texture": "#0"},
				"east": {"uv": [8, 11, 10.5, 12], "rotation": 90, "texture": "#0"},
				"south": {"uv": [5.5, 12.5, 8.5, 13.5], "texture": "#0"},
				"west": {"uv": [4, 12, 7, 13], "rotation": 270, "texture": "#0"},
				"up": {"uv": [0, 0, 1, 1], "texture": "#0"},
				"down": {"uv": [5.5, 12, 9.5, 13], "rotation": 180, "texture": "#0"}
			}
		},
		{
			"from": [-6, -0.84057, 3.41597],
			"to": [-5, 0.15943, 4.41597],
			"rotation": {"angle": 22.5, "axis": "x", "origin": [-4.86364, 2.04574, 5.77377]},
			"faces": {
				"north": {"uv": [4.5, 11.5, 8.5, 12.5], "rotation": 180, "texture": "#0"},
				"east": {"uv": [8, 11, 10.5, 12], "rotation": 90, "texture": "#0"},
				"south": {"uv": [5.5, 12.5, 8.5, 13.5], "texture": "#0"},
				"west": {"uv": [4, 12, 7, 13], "rotation": 270, "texture": "#0"},
				"up": {"uv": [0, 0, 1, 1], "texture": "#0"},
				"down": {"uv": [5.5, 12, 9.5, 13], "rotation": 180, "texture": "#0"}
			}
		},
		{
			"from": [14, 10.36364, 2.18182],
			"to": [19, 15.36364, 7.18182],
			"rotation": {"angle": 22.5, "axis": "x", "origin": [20.86364, 3.77273, 6.40909]},
			"faces": {
				"north": {"uv": [0, 0, 5, 5], "rotation": 180, "texture": "#0"},
				"east": {"uv": [0, 0, 5, 5], "rotation": 90, "texture": "#0"},
				"south": {"uv": [0, 0, 5, 5], "texture": "#0"},
				"west": {"uv": [0, 0, 5, 5], "rotation": 270, "texture": "#0"},
				"up": {"uv": [0, 0, 5, 5], "texture": "#0"},
				"down": {"uv": [0, 0, 5, 5], "rotation": 180, "texture": "#0"}
			}
		},
		{
			"from": [17, 6.36364, 3.18182],
			"to": [22, 11.36364, 8.18182],
			"rotation": {"angle": 22.5, "axis": "x", "origin": [20.86364, 3.77273, 6.40909]},
			"faces": {
				"north": {"uv": [0, 0, 5, 5], "rotation": 180, "texture": "#0"},
				"east": {"uv": [0, 0, 5, 5], "rotation": 90, "texture": "#0"},
				"south": {"uv": [0, 0, 5, 5], "texture": "#0"},
				"west": {"uv": [0, 0, 5, 5], "rotation": 270, "texture": "#0"},
				"up": {"uv": [0, 0, 5, 5], "texture": "#0"},
				"down": {"uv": [0, 0, 5, 5], "rotation": 180, "texture": "#0"}
			}
		},
		{
			"from": [19, 0.36364, 4.18182],
			"to": [24, 7.36364, 9.18182],
			"rotation": {"angle": 22.5, "axis": "x", "origin": [20.86364, 3.77273, 6.40909]},
			"faces": {
				"north": {"uv": [5.5, 5.5, 10.5, 10.5], "texture": "#0"},
				"east": {"uv": [3, 5, 8, 10], "texture": "#0"},
				"south": {"uv": [4, 5, 9, 10], "texture": "#0"},
				"west": {"uv": [6.5, 6, 11.5, 11], "texture": "#0"},
				"up": {"uv": [0, 0, 5, 5], "texture": "#0"},
				"down": {"uv": [5, 11, 10, 16], "rotation": 180, "texture": "#0"}
			}
		},
		{
			"from": [19, -0.44886, 3.43182],
			"to": [20, 0.55114, 4.43182],
			"rotation": {"angle": 22.5, "axis": "x", "origin": [20.86364, 1.96023, 5.65909]},
			"faces": {
				"north": {"uv": [4.5, 11.5, 8.5, 12.5], "rotation": 180, "texture": "#0"},
				"east": {"uv": [8, 11, 10.5, 12], "rotation": 90, "texture": "#0"},
				"south": {"uv": [5.5, 12.5, 8.5, 13.5], "texture": "#0"},
				"west": {"uv": [4, 12, 7, 13], "rotation": 270, "texture": "#0"},
				"up": {"uv": [0, 0, 1, 1], "texture": "#0"},
				"down": {"uv": [5.5, 12, 9.5, 13], "rotation": 180, "texture": "#0"}
			}
		},
		{
			"from": [19, -0.44886, 5.43182],
			"to": [20, 0.55114, 6.43182],
			"rotation": {"angle": 22.5, "axis": "x", "origin": [20.86364, 1.96023, 5.65909]},
			"faces": {
				"north": {"uv": [4.5, 11.5, 8.5, 12.5], "rotation": 180, "texture": "#0"},
				"east": {"uv": [8, 11, 10.5, 12], "rotation": 90, "texture": "#0"},
				"south": {"uv": [5.5, 12.5, 8.5, 13.5], "texture": "#0"},
				"west": {"uv": [4, 12, 7, 13], "rotation": 270, "texture": "#0"},
				"up": {"uv": [0, 0, 1, 1], "texture": "#0"},
				"down": {"uv": [5.5, 12, 9.5, 13], "rotation": 180, "texture": "#0"}
			}
		},
		{
			"from": [19, -0.44886, 7.43182],
			"to": [20, 0.55114, 8.43182],
			"rotation": {"angle": 22.5, "axis": "x", "origin": [20.86364, 1.96023, 5.65909]},
			"faces": {
				"north": {"uv": [4.5, 11.5, 8.5, 12.5], "rotation": 180, "texture": "#0"},
				"east": {"uv": [8, 11, 10.5, 12], "rotation": 90, "texture": "#0"},
				"south": {"uv": [5.5, 12.5, 8.5, 13.5], "texture": "#0"},
				"west": {"uv": [4, 12, 7, 13], "rotation": 270, "texture": "#0"},
				"up": {"uv": [0, 0, 1, 1], "texture": "#0"},
				"down": {"uv": [5.5, 12, 9.5, 13], "rotation": 180, "texture": "#0"}
			}
		},
		{
			"from": [21, -0.44886, 7.43182],
			"to": [22, 0.55114, 8.43182],
			"rotation": {"angle": 22.5, "axis": "x", "origin": [20.86364, 1.96023, 5.65909]},
			"faces": {
				"north": {"uv": [4.5, 11.5, 8.5, 12.5], "rotation": 180, "texture": "#0"},
				"east": {"uv": [8, 11, 10.5, 12], "rotation": 90, "texture": "#0"},
				"south": {"uv": [5.5, 12.5, 8.5, 13.5], "texture": "#0"},
				"west": {"uv": [4, 12, 7, 13], "rotation": 270, "texture": "#0"},
				"up": {"uv": [0, 0, 1, 1], "texture": "#0"},
				"down": {"uv": [5.5, 12, 9.5, 13], "rotation": 180, "texture": "#0"}
			}
		},
		{
			"from": [23, -0.44886, 7.43182],
			"to": [24, 0.55114, 8.43182],
			"rotation": {"angle": 22.5, "axis": "x", "origin": [20.86364, 1.96023, 5.65909]},
			"faces": {
				"north": {"uv": [4.5, 11.5, 8.5, 12.5], "rotation": 180, "texture": "#0"},
				"east": {"uv": [8, 11, 10.5, 12], "rotation": 90, "texture": "#0"},
				"south": {"uv": [5.5, 12.5, 8.5, 13.5], "texture": "#0"},
				"west": {"uv": [4, 12, 7, 13], "rotation": 270, "texture": "#0"},
				"up": {"uv": [0, 0, 1, 1], "texture": "#0"},
				"down": {"uv": [5.5, 12, 9.5, 13], "rotation": 180, "texture": "#0"}
			}
		},
		{
			"from": [23, -0.44886, 5.43182],
			"to": [24, 0.55114, 6.43182],
			"rotation": {"angle": 22.5, "axis": "x", "origin": [20.86364, 1.96023, 5.65909]},
			"faces": {
				"north": {"uv": [4.5, 11.5, 8.5, 12.5], "rotation": 180, "texture": "#0"},
				"east": {"uv": [8, 11, 10.5, 12], "rotation": 90, "texture": "#0"},
				"south": {"uv": [5.5, 12.5, 8.5, 13.5], "texture": "#0"},
				"west": {"uv": [4, 12, 7, 13], "rotation": 270, "texture": "#0"},
				"up": {"uv": [0, 0, 1, 1], "texture": "#0"},
				"down": {"uv": [5.5, 12, 9.5, 13], "rotation": 180, "texture": "#0"}
			}
		},
		{
			"from": [23, -0.44886, 3.43182],
			"to": [24, 0.55114, 4.43182],
			"rotation": {"angle": 22.5, "axis": "x", "origin": [20.86364, 1.96023, 5.65909]},
			"faces": {
				"north": {"uv": [4.5, 11.5, 8.5, 12.5], "rotation": 180, "texture": "#0"},
				"east": {"uv": [8, 11, 10.5, 12], "rotation": 90, "texture": "#0"},
				"south": {"uv": [5.5, 12.5, 8.5, 13.5], "texture": "#0"},
				"west": {"uv": [4, 12, 7, 13], "rotation": 270, "texture": "#0"},
				"up": {"uv": [0, 0, 1, 1], "texture": "#0"},
				"down": {"uv": [5.5, 12, 9.5, 13], "rotation": 180, "texture": "#0"}
			}
		},
		{
			"from": [21, -0.44886, 3.43182],
			"to": [22, 0.55114, 4.43182],
			"rotation": {"angle": 22.5, "axis": "x", "origin": [20.86364, 1.96023, 5.65909]},
			"faces": {
				"north": {"uv": [4.5, 11.5, 8.5, 12.5], "rotation": 180, "texture": "#0"},
				"east": {"uv": [8, 11, 10.5, 12], "rotation": 90, "texture": "#0"},
				"south": {"uv": [5.5, 12.5, 8.5, 13.5], "texture": "#0"},
				"west": {"uv": [4, 12, 7, 13], "rotation": 270, "texture": "#0"},
				"up": {"uv": [0, 0, 1, 1], "texture": "#0"},
				"down": {"uv": [5.5, 12, 9.5, 13], "rotation": 180, "texture": "#0"}
			}
		}
	],
	"display": {
		"head": {
			"translation": [0, -60, 0],
			"scale": [1.75, 2, 2.4668]
		}
	},
	"groups": [
		{
			"name": "Torso",
			"origin": [12, 8, 14],
			"color": 0,
			"children": [0]
		},
		{
			"name": "Neck",
			"origin": [8, 8, 8],
			"color": 0,
			"children": []
		},
		{
			"name": "Legs",
			"origin": [8, 8, 8],
			"color": 0,
			"children": [
				{
					"name": "Legs_Front",
					"origin": [8, 8, 8],
					"color": 0,
					"children": []
				},
				{
					"name": "Legs_Back",
					"origin": [8, 8, 8],
					"color": 0,
					"children": [1, 2, 3, 4, 5, 6]
				}
			]
		},
		{
			"name": "Arms",
			"origin": [8, 8, 8],
			"color": 0,
			"children": [
				{
					"name": "right_arm",
					"origin": [11, 14, 15],
					"color": 0,
					"children": [7, 8, 9, 10, 11, 12, 13, 14, 15, 16, 17]
				},
				{
					"name": "left_arm",
					"origin": [27, 12, 2],
					"color": 0,
					"children": [18, 19, 20, 21, 22, 23, 24, 25, 26, 27, 28]
				}
			]
		}
	]
}