{
	"credit": "Made with Blockbench",
	"textures": {
		"2": "custom/smooth_stone_whimsy_alt",
		"3": "custom/alter_nether",
		"particle": "custom/alter_nether"
	},
	"elements": [
		{
			"from": [0, 0, 0],
			"to": [16, 16, 16],
			"faces": {
				"north": {"uv": [0, 8.5, 8, 16], "texture": "#3"},
				"east": {"uv": [0, 8.5, 8, 16], "texture": "#3"},
				"south": {"uv": [0, 8.5, 8, 16], "texture": "#3"},
				"west": {"uv": [0, 8.5, 8, 16], "texture": "#3"},
				"up": {"uv": [0, 0, 16, 16], "texture": "#2"},
				"down": {"uv": [8.5, 8.5, 16, 16], "texture": "#3"}
			}
		}
	],
	"display": {
		"gui": {
			"rotation": [45, 45, 0],
			"scale": [0.5, 0.5, 0.5]
		},
		"head": {
			"translation": [-17, -13, -17],
			"scale": [2.2, 2.2, 2.2]
		}
	}
}