{
	"credit": "Made with Blockbench",
	"texture_size": [64, 64],
	"textures": {
		"2": "beagle",
		"particle": "beagle"
	},
	"elements": [
		{
			"name": "back",
			"from": [3, 2.62132, 3.91421],
			"to": [13, 9.62132, 14.91421],
			"rotation": {"angle": 45, "axis": "x", "origin": [8, 3.12132, 9.41421]},
			"faces": {
				"north": {"uv": [0, 4.5, 2.5, 6.25], "texture": "#2"},
				"east": {"uv": [0, 2.75, 2.75, 4.5], "texture": "#2"},
				"south": {"uv": [2.5, 4.5, 5, 6.25], "texture": "#2"},
				"west": {"uv": [2.75, 2.75, 5.5, 4.5], "texture": "#2"},
				"up": {"uv": [2.5, 2.75, 0, 0], "texture": "#2"},
				"down": {"uv": [5, 0, 2.5, 2.75], "texture": "#2"}
			}
		},
		{
			"name": "stub",
			"from": [4, -1, 9],
			"to": [6, 1, 13],
			"faces": {
				"north": {"uv": [6.5, 4, 7, 4.5], "texture": "#2"},
				"east": {"uv": [5.5, 4, 6.5, 4.5], "texture": "#2"},
				"south": {"uv": [8, 3.5, 8.5, 4], "texture": "#2"},
				"west": {"uv": [7, 5.25, 8, 5.75], "texture": "#2"},
				"up": {"uv": [8, 3.75, 7.5, 2.75], "texture": "#2"},
				"down": {"uv": [4, 7.5, 3.5, 8.5], "texture": "#2"}
			}
		},
		{
			"name": "stub",
			"from": [10, -1, 9],
			"to": [12, 1, 13],
			"faces": {
				"north": {"uv": [8, 4, 8.5, 4.5], "texture": "#2"},
				"east": {"uv": [5, 7.5, 6, 8], "texture": "#2"},
				"south": {"uv": [8, 4.5, 8.5, 5], "texture": "#2"},
				"west": {"uv": [0, 7.75, 1, 8.25], "texture": "#2"},
				"up": {"uv": [8.25, 6.75, 7.75, 5.75], "texture": "#2"},
				"down": {"uv": [8.25, 6.75, 7.75, 7.75], "texture": "#2"}
			}
		},
		{
			"from": [4, -1, 5],
			"to": [6, 7, 7],
			"rotation": {"angle": 22.5, "axis": "x", "origin": [4, 3, 6]},
			"faces": {
				"north": {"uv": [4.25, 6.25, 4.75, 8.25], "texture": "#2"},
				"east": {"uv": [6.25, 7, 6.75, 9], "texture": "#2"},
				"south": {"uv": [6.75, 7, 7.25, 9], "texture": "#2"},
				"west": {"uv": [7.25, 7, 7.75, 9], "texture": "#2"},
				"up": {"uv": [5.5, 8.5, 5, 8], "texture": "#2"},
				"down": {"uv": [8.5, 5, 8, 5.5], "texture": "#2"}
			}
		},
		{
			"from": [10, -1, 5],
			"to": [12, 7, 7],
			"rotation": {"angle": 22.5, "axis": "x", "origin": [4, 3, 6]},
			"faces": {
				"north": {"uv": [1.25, 7.5, 1.75, 9.5], "texture": "#2"},
				"east": {"uv": [1.75, 7.5, 2.25, 9.5], "texture": "#2"},
				"south": {"uv": [2.25, 7.5, 2.75, 9.5], "texture": "#2"},
				"west": {"uv": [2.75, 7.5, 3.25, 9.5], "texture": "#2"},
				"up": {"uv": [6, 8.5, 5.5, 8], "texture": "#2"},
				"down": {"uv": [0.5, 8.25, 0, 8.75], "texture": "#2"}
			}
		},
		{
			"from": [4, 6, 6],
			"to": [12, 12, 11],
			"faces": {
				"north": {"uv": [5, 0, 7, 1.5], "texture": "#2"},
				"east": {"uv": [5, 6, 6.25, 7.5], "texture": "#2"},
				"south": {"uv": [5, 4.5, 7, 6], "texture": "#2"},
				"west": {"uv": [0, 6.25, 1.25, 7.75], "texture": "#2"},
				"up": {"uv": [7, 2.75, 5, 1.5], "texture": "#2"},
				"down": {"uv": [7.5, 2.75, 5.5, 4], "texture": "#2"}
			}
		},
		{
			"from": [5, 13, 3],
			"to": [7, 15, 4],
			"rotation": {"angle": 0, "axis": "z", "origin": [4.75, 14.5, 2.5]},
			"faces": {
				"north": {"uv": [0.5, 8.25, 1, 8.75], "texture": "#2"},
				"east": {"uv": [4, 7.5, 4.25, 8], "texture": "#2"},
				"south": {"uv": [4, 8.25, 4.5, 8.75], "texture": "#2"},
				"west": {"uv": [6, 7.5, 6.25, 8], "texture": "#2"},
				"up": {"uv": [7.5, 6, 7, 5.75], "texture": "#2"},
				"down": {"uv": [8, 3.75, 7.5, 4], "texture": "#2"}
			}
		},
		{
			"from": [3, 13, 3],
			"to": [5, 15, 4],
			"rotation": {"angle": 0, "axis": "z", "origin": [4.75, 14.5, 2.5]},
			"faces": {
				"north": {"uv": [8.25, 5.5, 8.75, 6], "texture": "#2"},
				"east": {"uv": [1, 7.75, 1.25, 8.25], "texture": "#2"},
				"south": {"uv": [8.25, 6, 8.75, 6.5], "texture": "#2"},
				"west": {"uv": [6, 8, 6.25, 8.5], "texture": "#2"},
				"up": {"uv": [8.75, 7.75, 8.25, 7.5], "texture": "#2"},
				"down": {"uv": [9, 2, 8.5, 2.25], "texture": "#2"}
			}
		},
		{
			"from": [3, 11, 3],
			"to": [5, 13, 4],
			"rotation": {"angle": 0, "axis": "z", "origin": [4.75, 14.5, 2.5]},
			"faces": {
				"north": {"uv": [8.25, 6.5, 8.75, 7], "texture": "#2"},
				"east": {"uv": [1, 8.25, 1.25, 8.75], "texture": "#2"},
				"south": {"uv": [8.25, 7, 8.75, 7.5], "texture": "#2"},
				"west": {"uv": [4.5, 8.25, 4.75, 8.75], "texture": "#2"},
				"up": {"uv": [9, 4, 8.5, 3.75], "texture": "#2"},
				"down": {"uv": [9, 4, 8.5, 4.25], "texture": "#2"}
			}
		},
		{
			"from": [9, 13, 3],
			"to": [11, 15, 4],
			"faces": {
				"north": {"uv": [7.75, 8.25, 8.25, 8.75], "texture": "#2"},
				"east": {"uv": [8.5, 4.25, 8.75, 4.75], "texture": "#2"},
				"south": {"uv": [8.25, 8.25, 8.75, 8.75], "texture": "#2"},
				"west": {"uv": [4.75, 8.5, 5, 9], "texture": "#2"},
				"up": {"uv": [9, 5, 8.5, 4.75], "texture": "#2"},
				"down": {"uv": [5.5, 8.5, 5, 8.75], "texture": "#2"}
			}
		},
		{
			"from": [11, 13, 3],
			"to": [13, 15, 4],
			"faces": {
				"north": {"uv": [8.5, 0, 9, 0.5], "texture": "#2"},
				"east": {"uv": [8.5, 5, 8.75, 5.5], "texture": "#2"},
				"south": {"uv": [8.5, 0.5, 9, 1], "texture": "#2"},
				"west": {"uv": [5.5, 8.5, 5.75, 9], "texture": "#2"},
				"up": {"uv": [6.25, 8.75, 5.75, 8.5], "texture": "#2"},
				"down": {"uv": [9, 7.75, 8.5, 8], "texture": "#2"}
			}
		},
		{
			"from": [11, 11, 3],
			"to": [13, 13, 4],
			"faces": {
				"north": {"uv": [8.5, 1.5, 9, 2], "texture": "#2"},
				"east": {"uv": [0, 8.75, 0.25, 9.25], "texture": "#2"},
				"south": {"uv": [8.5, 2.75, 9, 3.25], "texture": "#2"},
				"west": {"uv": [0.25, 8.75, 0.5, 9.25], "texture": "#2"},
				"up": {"uv": [9, 8.25, 8.5, 8], "texture": "#2"},
				"down": {"uv": [1, 8.75, 0.5, 9], "texture": "#2"}
			}
		},
		{
			"name": "head",
			"from": [5, 8, 2],
			"to": [11, 13, 6],
			"faces": {
				"north": {"uv": [1.25, 6.25, 2.75, 7.5], "texture": "#2"},
				"east": {"uv": [7, 1, 8, 2.25], "texture": "#2"},
				"south": {"uv": [2.75, 6.25, 4.25, 7.5], "texture": "#2"},
				"west": {"uv": [7, 4, 8, 5.25], "texture": "#2"},
				"up": {"uv": [7.75, 7, 6.25, 6], "texture": "#2"},
				"down": {"uv": [8.5, 0, 7, 1], "texture": "#2"}
			}
		},
		{
			"name": "Muzzle",
			"from": [7, 8, -1],
			"to": [9, 10, 2],
			"faces": {
				"north": {"uv": [8.5, 3.25, 9, 3.75], "texture": "#2"},
				"east": {"uv": [7.75, 7.75, 8.5, 8.25], "texture": "#2"},
				"south": {"uv": [3.5, 8.5, 4, 9], "texture": "#2"},
				"west": {"uv": [8, 1, 8.75, 1.5], "texture": "#2"},
				"up": {"uv": [8.5, 2.25, 8, 1.5], "texture": "#2"},
				"down": {"uv": [8.5, 2.75, 8, 3.5], "texture": "#2"}
			}
		},
		{
			"from": [7.5, 4, 18],
			"to": [8.5, 5, 27],
			"rotation": {"angle": -22.5, "axis": "x", "origin": [8, 3, 17]},
			"faces": {
				"north": {"uv": [7.5, 5.75, 7.75, 6], "texture": "#2"},
				"east": {"uv": [7, 2.25, 9.25, 2.5], "texture": "#2"},
				"south": {"uv": [4, 8, 4.25, 8.25], "texture": "#2"},
				"west": {"uv": [7, 2.5, 9.25, 2.75], "texture": "#2"},
				"up": {"uv": [5, 8.5, 4.75, 6.25], "texture": "#2"},
				"down": {"uv": [3.5, 7.5, 3.25, 9.75], "texture": "#2"}
			}
		}
	],
	"groups": [
		{
			"name": "beagle",
			"origin": [8, 8, 8],
			"color": 0,
			"children": [
				{
					"name": "torso",
					"origin": [8, 3.12132, 9.41421],
					"color": 0,
					"children": [0]
				},
				{
					"name": "Legs",
					"origin": [8, 8, 8],
					"color": 0,
					"children": [1, 2, 3, 4]
				},
				{
					"name": "neck",
					"origin": [8, 8, 8],
					"color": 0,
					"children": [5]
				},
				{
					"name": "head",
					"origin": [8, 8, 8],
					"color": 0,
					"children": [
						{
							"name": "Ears",
							"origin": [8, 8, 8],
							"color": 0,
							"children": [6, 7, 8, 9, 10, 11]
						},
						12,
						13
					]
				},
				{
					"name": "Tail",
					"origin": [8, 8, 8],
					"color": 0,
					"children": [14]
				}
			]
		}
	]
}