{
	"credit": "Made with Blockbench",
	"textures": {
		"0": "item/breezebottle",
		"particle": "item/breezebottle"
	},
	"elements": [
		{
			"name": "breezebottle_0",
			"from": [7, 0, 0],
			"to": [10, 16, 1],
			"faces": {
				"north": {"uv": [10, 0, 7, 16], "texture": "#0"},
				"east": {"uv": [9, 0, 10, 16], "texture": "#0"},
				"south": {"uv": [7, 0, 10, 16], "texture": "#0"},
				"west": {"uv": [7, 0, 8, 16], "texture": "#0"},
				"up": {"uv": [7, 0, 10, 1], "texture": "#0"},
				"down": {"uv": [7, 15, 10, 16], "texture": "#0"}
			}
		},
		{
			"name": "breezebottle_1",
			"from": [6, 13, 0],
			"to": [7, 15, 1],
			"faces": {
				"north": {"uv": [7, 1, 6, 3], "texture": "#0"},
				"east": {"uv": [6, 1, 7, 3], "texture": "#0"},
				"south": {"uv": [6, 1, 7, 3], "texture": "#0"},
				"west": {"uv": [6, 1, 7, 3], "texture": "#0"},
				"up": {"uv": [6, 1, 7, 2], "texture": "#0"},
				"down": {"uv": [6, 2, 7, 3], "texture": "#0"}
			}
		},
		{
			"name": "breezebottle_2",
			"from": [10, 0, 0],
			"to": [11, 13, 1],
			"faces": {
				"north": {"uv": [11, 3, 10, 16], "texture": "#0"},
				"east": {"uv": [10, 3, 11, 16], "texture": "#0"},
				"south": {"uv": [10, 3, 11, 16], "texture": "#0"},
				"west": {"uv": [10, 3, 11, 16], "texture": "#0"},
				"up": {"uv": [10, 3, 11, 4], "texture": "#0"},
				"down": {"uv": [10, 15, 11, 16], "texture": "#0"}
			}
		},
		{
			"name": "breezebottle_3",
			"from": [6, 0, 0],
			"to": [7, 12, 1],
			"faces": {
				"north": {"uv": [7, 4, 6, 16], "texture": "#0"},
				"east": {"uv": [6, 4, 7, 16], "texture": "#0"},
				"south": {"uv": [6, 4, 7, 16], "texture": "#0"},
				"west": {"uv": [6, 4, 7, 16], "texture": "#0"},
				"up": {"uv": [6, 4, 7, 5], "texture": "#0"},
				"down": {"uv": [6, 15, 7, 16], "texture": "#0"}
			}
		},
		{
			"name": "breezebottle_4",
			"from": [5, 1, 0],
			"to": [6, 11, 1],
			"faces": {
				"north": {"uv": [6, 5, 5, 15], "texture": "#0"},
				"east": {"uv": [5, 5, 6, 15], "texture": "#0"},
				"south": {"uv": [5, 5, 6, 15], "texture": "#0"},
				"west": {"uv": [5, 5, 6, 15], "texture": "#0"},
				"up": {"uv": [5, 5, 6, 6], "texture": "#0"},
				"down": {"uv": [5, 14, 6, 15], "texture": "#0"}
			}
		},
		{
			"name": "breezebottle_5",
			"from": [11, 1, 0],
			"to": [12, 11, 1],
			"faces": {
				"north": {"uv": [12, 5, 11, 15], "texture": "#0"},
				"east": {"uv": [11, 5, 12, 15], "texture": "#0"},
				"south": {"uv": [11, 5, 12, 15], "texture": "#0"},
				"west": {"uv": [11, 5, 12, 15], "texture": "#0"},
				"up": {"uv": [11, 5, 12, 6], "texture": "#0"},
				"down": {"uv": [11, 14, 12, 15], "texture": "#0"}
			}
		}
	],
	"gui_light": "front",
	"display": {
		"thirdperson_righthand": {
			"translation": [0, 3, 5.25],
			"scale": [0.55, 0.55, 0.55]
		},
		"thirdperson_lefthand": {
			"translation": [0, 3, 5.25],
			"scale": [0.55, 0.55, 0.55]
		},
		"firstperson_righthand": {
			"rotation": [0, -90, 25],
			"translation": [-4.87, 3.2, 1.13],
			"scale": [0.68, 0.68, 0.68]
		},
		"firstperson_lefthand": {
			"rotation": [0, -90, 25],
			"translation": [-4.12, 3.2, 1.13],
			"scale": [0.68, 0.68, 0.68]
		},
		"ground": {
			"translation": [0, 2.75, 4.5],
			"scale": [0.65, 0.65, 0.65]
		},
		"gui": {
			"scale": [0.9, 0.9, 0.9]
		},
		"head": {
			"rotation": [0, 180, 0],
			"translation": [0, 13, 7]
		},
		"fixed": {
			"rotation": [0, 180, 0],
			"translation": [0, 0, -7.5]
		}
	},
	"groups": [
		{
			"name": "breezebottle",
			"origin": [8, 8, 8],
			"color": 0,
			"children": [0, 1, 2, 3, 4, 5]
		}
	]
}