{
	"credit": "Made with Blockbench",
	"texture_size": [32, 32],
	"textures": {
		"1": "custom/brooch_chaos",
		"particle": "custom/brooch_chaos"
	},
	"elements": [
		{
			"from": [10, 4, 7],
			"to": [11, 5, 8],
			"rotation": {"angle": 0, "axis": "y", "origin": [18, 9, 15]},
			"faces": {
				"north": {"uv": [10.5, 9.5, 11, 10], "texture": "#1"},
				"east": {"uv": [10.5, 10, 11, 10.5], "texture": "#1"},
				"south": {"uv": [10.5, 10.5, 11, 11], "texture": "#1"},
				"west": {"uv": [0, 11, 0.5, 11.5], "texture": "#1"},
				"up": {"uv": [1, 11.5, 0.5, 11], "texture": "#1"},
				"down": {"uv": [1.5, 11, 1, 11.5], "texture": "#1"}
			}
		},
		{
			"from": [6, 3, 7],
			"to": [10, 4, 8],
			"rotation": {"angle": 0, "axis": "y", "origin": [14, 8, 15]},
			"faces": {
				"north": {"uv": [1, 3, 3, 3.5], "texture": "#1"},
				"east": {"uv": [1.5, 11, 2, 11.5], "texture": "#1"},
				"south": {"uv": [3, 3, 5, 3.5], "texture": "#1"},
				"west": {"uv": [2, 11, 2.5, 11.5], "texture": "#1"},
				"up": {"uv": [3, 4, 1, 3.5], "texture": "#1"},
				"down": {"uv": [5, 3.5, 3, 4], "texture": "#1"}
			}
		},
		{
			"from": [6, 10, 7],
			"to": [10, 11, 8],
			"rotation": {"angle": 0, "axis": "y", "origin": [14, 15, 15]},
			"faces": {
				"north": {"uv": [4, 0, 6, 0.5], "texture": "#1"},
				"east": {"uv": [2.5, 11, 3, 11.5], "texture": "#1"},
				"south": {"uv": [4, 0.5, 6, 1], "texture": "#1"},
				"west": {"uv": [3, 11, 3.5, 11.5], "texture": "#1"},
				"up": {"uv": [3, 4.5, 1, 4], "texture": "#1"},
				"down": {"uv": [6, 1, 4, 1.5], "texture": "#1"}
			}
		},
		{
			"from": [5, 4, 7],
			"to": [6, 5, 8],
			"rotation": {"angle": 0, "axis": "y", "origin": [13, 9, 15]},
			"faces": {
				"north": {"uv": [3.5, 11, 4, 11.5], "texture": "#1"},
				"east": {"uv": [4, 11, 4.5, 11.5], "texture": "#1"},
				"south": {"uv": [4.5, 11, 5, 11.5], "texture": "#1"},
				"west": {"uv": [5, 11, 5.5, 11.5], "texture": "#1"},
				"up": {"uv": [6, 11.5, 5.5, 11], "texture": "#1"},
				"down": {"uv": [6.5, 11, 6, 11.5], "texture": "#1"}
			}
		},
		{
			"from": [5, 9, 7],
			"to": [6, 10, 8],
			"rotation": {"angle": 0, "axis": "y", "origin": [13, 14, 15]},
			"faces": {
				"north": {"uv": [6.5, 11, 7, 11.5], "texture": "#1"},
				"east": {"uv": [7, 11, 7.5, 11.5], "texture": "#1"},
				"south": {"uv": [7.5, 11, 8, 11.5], "texture": "#1"},
				"west": {"uv": [8, 11, 8.5, 11.5], "texture": "#1"},
				"up": {"uv": [9, 11.5, 8.5, 11], "texture": "#1"},
				"down": {"uv": [9.5, 11, 9, 11.5], "texture": "#1"}
			}
		},
		{
			"from": [10, 9, 7],
			"to": [11, 10, 8],
			"rotation": {"angle": 0, "axis": "y", "origin": [18, 14, 15]},
			"faces": {
				"north": {"uv": [9.5, 11, 10, 11.5], "texture": "#1"},
				"east": {"uv": [11, 9.5, 11.5, 10], "texture": "#1"},
				"south": {"uv": [10, 11, 10.5, 11.5], "texture": "#1"},
				"west": {"uv": [11, 10, 11.5, 10.5], "texture": "#1"},
				"up": {"uv": [11, 11.5, 10.5, 11], "texture": "#1"},
				"down": {"uv": [11.5, 10.5, 11, 11], "texture": "#1"}
			}
		},
		{
			"from": [11, 10, 7],
			"to": [12, 11, 8],
			"rotation": {"angle": 0, "axis": "y", "origin": [18, 14, 15]},
			"faces": {
				"north": {"uv": [11, 11, 11.5, 11.5], "texture": "#1"},
				"east": {"uv": [0, 11.5, 0.5, 12], "texture": "#1"},
				"south": {"uv": [11.5, 0, 12, 0.5], "texture": "#1"},
				"west": {"uv": [0.5, 11.5, 1, 12], "texture": "#1"},
				"up": {"uv": [12, 1, 11.5, 0.5], "texture": "#1"},
				"down": {"uv": [1.5, 11.5, 1, 12], "texture": "#1"}
			}
		},
		{
			"from": [4, 10, 7],
			"to": [5, 11, 8],
			"rotation": {"angle": 0, "axis": "y", "origin": [18, 14, 15]},
			"faces": {
				"north": {"uv": [11.5, 1, 12, 1.5], "texture": "#1"},
				"east": {"uv": [1.5, 11.5, 2, 12], "texture": "#1"},
				"south": {"uv": [11.5, 1.5, 12, 2], "texture": "#1"},
				"west": {"uv": [2, 11.5, 2.5, 12], "texture": "#1"},
				"up": {"uv": [12, 2.5, 11.5, 2], "texture": "#1"},
				"down": {"uv": [3, 11.5, 2.5, 12], "texture": "#1"}
			}
		},
		{
			"from": [11, 3, 7],
			"to": [12, 4, 8],
			"rotation": {"angle": 0, "axis": "y", "origin": [18, 14, 15]},
			"faces": {
				"north": {"uv": [11.5, 2.5, 12, 3], "texture": "#1"},
				"east": {"uv": [3, 11.5, 3.5, 12], "texture": "#1"},
				"south": {"uv": [11.5, 3, 12, 3.5], "texture": "#1"},
				"west": {"uv": [3.5, 11.5, 4, 12], "texture": "#1"},
				"up": {"uv": [12, 4, 11.5, 3.5], "texture": "#1"},
				"down": {"uv": [4.5, 11.5, 4, 12], "texture": "#1"}
			}
		},
		{
			"from": [4, 5, 7],
			"to": [5, 9, 8],
			"rotation": {"angle": 0, "axis": "y", "origin": [12, 13, 15]},
			"faces": {
				"north": {"uv": [3, 4, 3.5, 6], "texture": "#1"},
				"east": {"uv": [3.5, 4, 4, 6], "texture": "#1"},
				"south": {"uv": [4, 4, 4.5, 6], "texture": "#1"},
				"west": {"uv": [1, 4.5, 1.5, 6.5], "texture": "#1"},
				"up": {"uv": [12, 4.5, 11.5, 4], "texture": "#1"},
				"down": {"uv": [5, 11.5, 4.5, 12], "texture": "#1"}
			}
		},
		{
			"from": [2, 5, 7],
			"to": [3, 9, 8],
			"rotation": {"angle": 0, "axis": "y", "origin": [12, 13, 15]},
			"faces": {
				"north": {"uv": [1.5, 4.5, 2, 6.5], "texture": "#1"},
				"east": {"uv": [2, 4.5, 2.5, 6.5], "texture": "#1"},
				"south": {"uv": [2.5, 4.5, 3, 6.5], "texture": "#1"},
				"west": {"uv": [4.5, 4, 5, 6], "texture": "#1"},
				"up": {"uv": [12, 5, 11.5, 4.5], "texture": "#1"},
				"down": {"uv": [5.5, 11.5, 5, 12], "texture": "#1"}
			}
		},
		{
			"from": [13, 5, 7],
			"to": [14, 9, 8],
			"rotation": {"angle": 0, "axis": "y", "origin": [12, 13, 15]},
			"faces": {
				"north": {"uv": [5, 1.5, 5.5, 3.5], "texture": "#1"},
				"east": {"uv": [5, 3.5, 5.5, 5.5], "texture": "#1"},
				"south": {"uv": [5.5, 1.5, 6, 3.5], "texture": "#1"},
				"west": {"uv": [5.5, 3.5, 6, 5.5], "texture": "#1"},
				"up": {"uv": [12, 5.5, 11.5, 5], "texture": "#1"},
				"down": {"uv": [6, 11.5, 5.5, 12], "texture": "#1"}
			}
		},
		{
			"from": [14, 5, 7],
			"to": [15, 9, 8],
			"rotation": {"angle": 0, "axis": "y", "origin": [12, 13, 15]},
			"faces": {
				"north": {"uv": [5, 5.5, 5.5, 7.5], "texture": "#1"},
				"east": {"uv": [5.5, 5.5, 6, 7.5], "texture": "#1"},
				"south": {"uv": [0, 6, 0.5, 8], "texture": "#1"},
				"west": {"uv": [6, 0, 6.5, 2], "texture": "#1"},
				"up": {"uv": [12, 6, 11.5, 5.5], "texture": "#1"},
				"down": {"uv": [6.5, 11.5, 6, 12], "texture": "#1"}
			}
		},
		{
			"from": [13, 9, 7],
			"to": [15, 10, 8],
			"rotation": {"angle": 0, "axis": "y", "origin": [12, 13, 15]},
			"faces": {
				"north": {"uv": [4, 1.5, 5, 2], "texture": "#1"},
				"east": {"uv": [11.5, 6, 12, 6.5], "texture": "#1"},
				"south": {"uv": [4, 2, 5, 2.5], "texture": "#1"},
				"west": {"uv": [6.5, 11.5, 7, 12], "texture": "#1"},
				"up": {"uv": [5, 3, 4, 2.5], "texture": "#1"},
				"down": {"uv": [6, 7.5, 5, 8], "texture": "#1"}
			}
		},
		{
			"from": [13, 4, 7],
			"to": [15, 5, 8],
			"rotation": {"angle": 0, "axis": "y", "origin": [12, 10, 15]},
			"faces": {
				"north": {"uv": [0, 8, 1, 8.5], "texture": "#1"},
				"east": {"uv": [11.5, 6.5, 12, 7], "texture": "#1"},
				"south": {"uv": [10.5, 0, 11.5, 0.5], "texture": "#1"},
				"west": {"uv": [7, 11.5, 7.5, 12], "texture": "#1"},
				"up": {"uv": [11.5, 1, 10.5, 0.5], "texture": "#1"},
				"down": {"uv": [11.5, 1, 10.5, 1.5], "texture": "#1"}
			}
		},
		{
			"from": [1, 4, 7],
			"to": [3, 5, 8],
			"rotation": {"angle": 0, "axis": "y", "origin": [12, 10, 15]},
			"faces": {
				"north": {"uv": [1.5, 10.5, 2.5, 11], "texture": "#1"},
				"east": {"uv": [11.5, 7, 12, 7.5], "texture": "#1"},
				"south": {"uv": [10.5, 1.5, 11.5, 2], "texture": "#1"},
				"west": {"uv": [7.5, 11.5, 8, 12], "texture": "#1"},
				"up": {"uv": [11.5, 2.5, 10.5, 2], "texture": "#1"},
				"down": {"uv": [3.5, 10.5, 2.5, 11], "texture": "#1"}
			}
		},
		{
			"from": [1, 5, 7],
			"to": [2, 9, 8],
			"rotation": {"angle": 0, "axis": "y", "origin": [12, 13, 15]},
			"faces": {
				"north": {"uv": [0.5, 6, 1, 8], "texture": "#1"},
				"east": {"uv": [6, 2, 6.5, 4], "texture": "#1"},
				"south": {"uv": [3, 6, 3.5, 8], "texture": "#1"},
				"west": {"uv": [3.5, 6, 4, 8], "texture": "#1"},
				"up": {"uv": [12, 8, 11.5, 7.5], "texture": "#1"},
				"down": {"uv": [8.5, 11.5, 8, 12], "texture": "#1"}
			}
		},
		{
			"from": [1, 9, 7],
			"to": [3, 10, 8],
			"rotation": {"angle": 0, "axis": "y", "origin": [12, 13, 15]},
			"faces": {
				"north": {"uv": [10.5, 2.5, 11.5, 3], "texture": "#1"},
				"east": {"uv": [11.5, 8, 12, 8.5], "texture": "#1"},
				"south": {"uv": [10.5, 3, 11.5, 3.5], "texture": "#1"},
				"west": {"uv": [8.5, 11.5, 9, 12], "texture": "#1"},
				"up": {"uv": [4.5, 11, 3.5, 10.5], "texture": "#1"},
				"down": {"uv": [11.5, 3.5, 10.5, 4], "texture": "#1"}
			}
		},
		{
			"from": [3, 1, 7],
			"to": [6, 2, 8],
			"rotation": {"angle": 0, "axis": "y", "origin": [18, 14, 15]},
			"faces": {
				"north": {"uv": [7, 8, 8.5, 8.5], "texture": "#1"},
				"east": {"uv": [11.5, 8.5, 12, 9], "texture": "#1"},
				"south": {"uv": [0, 8.5, 1.5, 9], "texture": "#1"},
				"west": {"uv": [9, 11.5, 9.5, 12], "texture": "#1"},
				"up": {"uv": [3, 9, 1.5, 8.5], "texture": "#1"},
				"down": {"uv": [4.5, 8.5, 3, 9], "texture": "#1"}
			}
		},
		{
			"from": [2, 2, 7],
			"to": [5, 3, 8],
			"rotation": {"angle": 0, "axis": "y", "origin": [12, 10, 15]},
			"faces": {
				"north": {"uv": [4.5, 8.5, 6, 9], "texture": "#1"},
				"east": {"uv": [11.5, 9, 12, 9.5], "texture": "#1"},
				"south": {"uv": [6, 8.5, 7.5, 9], "texture": "#1"},
				"west": {"uv": [9.5, 11.5, 10, 12], "texture": "#1"},
				"up": {"uv": [9, 9, 7.5, 8.5], "texture": "#1"},
				"down": {"uv": [10, 8, 8.5, 8.5], "texture": "#1"}
			}
		},
		{
			"from": [1, 3, 7],
			"to": [4, 4, 8],
			"rotation": {"angle": 0, "axis": "y", "origin": [12, 10, 15]},
			"faces": {
				"north": {"uv": [0, 9, 1.5, 9.5], "texture": "#1"},
				"east": {"uv": [11.5, 9.5, 12, 10], "texture": "#1"},
				"south": {"uv": [9, 0, 10.5, 0.5], "texture": "#1"},
				"west": {"uv": [10, 11.5, 10.5, 12], "texture": "#1"},
				"up": {"uv": [10.5, 1, 9, 0.5], "texture": "#1"},
				"down": {"uv": [10.5, 1, 9, 1.5], "texture": "#1"}
			}
		},
		{
			"from": [4, 3, 7],
			"to": [5, 4, 8],
			"rotation": {"angle": 0, "axis": "y", "origin": [12, 10, 15]},
			"faces": {
				"north": {"uv": [11.5, 10, 12, 10.5], "texture": "#1"},
				"east": {"uv": [10.5, 11.5, 11, 12], "texture": "#1"},
				"south": {"uv": [11.5, 10.5, 12, 11], "texture": "#1"},
				"west": {"uv": [11, 11.5, 11.5, 12], "texture": "#1"},
				"up": {"uv": [12, 11.5, 11.5, 11], "texture": "#1"},
				"down": {"uv": [12, 11.5, 11.5, 12], "texture": "#1"}
			}
		},
		{
			"from": [10, 12, 7],
			"to": [13, 13, 8],
			"rotation": {"angle": 0, "axis": "y", "origin": [18, 14, 15]},
			"faces": {
				"north": {"uv": [1.5, 9, 3, 9.5], "texture": "#1"},
				"east": {"uv": [0, 12, 0.5, 12.5], "texture": "#1"},
				"south": {"uv": [9, 1.5, 10.5, 2], "texture": "#1"},
				"west": {"uv": [12, 0, 12.5, 0.5], "texture": "#1"},
				"up": {"uv": [10.5, 2.5, 9, 2], "texture": "#1"},
				"down": {"uv": [10.5, 2.5, 9, 3], "texture": "#1"}
			}
		},
		{
			"from": [11, 11, 7],
			"to": [14, 12, 8],
			"rotation": {"angle": 0, "axis": "y", "origin": [12, 10, 15]},
			"faces": {
				"north": {"uv": [3, 9, 4.5, 9.5], "texture": "#1"},
				"east": {"uv": [0.5, 12, 1, 12.5], "texture": "#1"},
				"south": {"uv": [9, 3, 10.5, 3.5], "texture": "#1"},
				"west": {"uv": [12, 0.5, 12.5, 1], "texture": "#1"},
				"up": {"uv": [10.5, 4, 9, 3.5], "texture": "#1"},
				"down": {"uv": [10.5, 4, 9, 4.5], "texture": "#1"}
			}
		},
		{
			"from": [12, 10, 7],
			"to": [15, 11, 8],
			"rotation": {"angle": 0, "axis": "y", "origin": [12, 13, 15]},
			"faces": {
				"north": {"uv": [4.5, 9, 6, 9.5], "texture": "#1"},
				"east": {"uv": [1, 12, 1.5, 12.5], "texture": "#1"},
				"south": {"uv": [9, 4.5, 10.5, 5], "texture": "#1"},
				"west": {"uv": [12, 1, 12.5, 1.5], "texture": "#1"},
				"up": {"uv": [10.5, 5.5, 9, 5], "texture": "#1"},
				"down": {"uv": [10.5, 5.5, 9, 6], "texture": "#1"}
			}
		},
		{
			"from": [12, 3, 7],
			"to": [15, 4, 8],
			"rotation": {"angle": 0, "axis": "y", "origin": [12, 10, 15]},
			"faces": {
				"north": {"uv": [6, 9, 7.5, 9.5], "texture": "#1"},
				"east": {"uv": [1.5, 12, 2, 12.5], "texture": "#1"},
				"south": {"uv": [9, 6, 10.5, 6.5], "texture": "#1"},
				"west": {"uv": [12, 1.5, 12.5, 2], "texture": "#1"},
				"up": {"uv": [10.5, 7, 9, 6.5], "texture": "#1"},
				"down": {"uv": [10.5, 7, 9, 7.5], "texture": "#1"}
			}
		},
		{
			"from": [11, 2, 7],
			"to": [14, 3, 8],
			"rotation": {"angle": 0, "axis": "y", "origin": [12, 10, 15]},
			"faces": {
				"north": {"uv": [7.5, 9, 9, 9.5], "texture": "#1"},
				"east": {"uv": [2, 12, 2.5, 12.5], "texture": "#1"},
				"south": {"uv": [9, 7.5, 10.5, 8], "texture": "#1"},
				"west": {"uv": [12, 2, 12.5, 2.5], "texture": "#1"},
				"up": {"uv": [10.5, 9, 9, 8.5], "texture": "#1"},
				"down": {"uv": [10.5, 9, 9, 9.5], "texture": "#1"}
			}
		},
		{
			"from": [10, 1, 7],
			"to": [13, 2, 8],
			"rotation": {"angle": 0, "axis": "y", "origin": [18, 14, 15]},
			"faces": {
				"north": {"uv": [0, 9.5, 1.5, 10], "texture": "#1"},
				"east": {"uv": [2.5, 12, 3, 12.5], "texture": "#1"},
				"south": {"uv": [1.5, 9.5, 3, 10], "texture": "#1"},
				"west": {"uv": [12, 2.5, 12.5, 3], "texture": "#1"},
				"up": {"uv": [4.5, 10, 3, 9.5], "texture": "#1"},
				"down": {"uv": [6, 9.5, 4.5, 10], "texture": "#1"}
			}
		},
		{
			"from": [5, 5, 7],
			"to": [6, 9, 8],
			"rotation": {"angle": 0, "axis": "y", "origin": [13, 13, 15]},
			"faces": {
				"north": {"uv": [4, 6, 4.5, 8], "texture": "#1"},
				"east": {"uv": [6, 4, 6.5, 6], "texture": "#1"},
				"south": {"uv": [4.5, 6, 5, 8], "texture": "#1"},
				"west": {"uv": [6, 6, 6.5, 8], "texture": "#1"},
				"up": {"uv": [3.5, 12.5, 3, 12], "texture": "#1"},
				"down": {"uv": [12.5, 3, 12, 3.5], "texture": "#1"}
			}
		},
		{
			"from": [10, 5, 7],
			"to": [11, 9, 8],
			"rotation": {"angle": 0, "axis": "y", "origin": [18, 13, 15]},
			"faces": {
				"north": {"uv": [6.5, 0, 7, 2], "texture": "#1"},
				"east": {"uv": [1, 6.5, 1.5, 8.5], "texture": "#1"},
				"south": {"uv": [1.5, 6.5, 2, 8.5], "texture": "#1"},
				"west": {"uv": [2, 6.5, 2.5, 8.5], "texture": "#1"},
				"up": {"uv": [4, 12.5, 3.5, 12], "texture": "#1"},
				"down": {"uv": [12.5, 3.5, 12, 4], "texture": "#1"}
			}
		},
		{
			"from": [11, 5, 7],
			"to": [12, 9, 8],
			"rotation": {"angle": 0, "axis": "y", "origin": [19, 13, 15]},
			"faces": {
				"north": {"uv": [6.5, 2, 7, 4], "texture": "#1"},
				"east": {"uv": [2.5, 6.5, 3, 8.5], "texture": "#1"},
				"south": {"uv": [6.5, 4, 7, 6], "texture": "#1"},
				"west": {"uv": [6.5, 6, 7, 8], "texture": "#1"},
				"up": {"uv": [4.5, 12.5, 4, 12], "texture": "#1"},
				"down": {"uv": [12.5, 4, 12, 4.5], "texture": "#1"}
			}
		},
		{
			"from": [6, 1, 7],
			"to": [10, 2, 8],
			"rotation": {"angle": 0, "axis": "y", "origin": [17, 8, 15]},
			"faces": {
				"north": {"uv": [7, 0, 9, 0.5], "texture": "#1"},
				"east": {"uv": [4.5, 12, 5, 12.5], "texture": "#1"},
				"south": {"uv": [7, 0.5, 9, 1], "texture": "#1"},
				"west": {"uv": [12, 4.5, 12.5, 5], "texture": "#1"},
				"up": {"uv": [9, 1.5, 7, 1], "texture": "#1"},
				"down": {"uv": [9, 1.5, 7, 2], "texture": "#1"}
			}
		},
		{
			"from": [6, 0, 7],
			"to": [10, 1, 8],
			"rotation": {"angle": 0, "axis": "y", "origin": [17, 8, 15]},
			"faces": {
				"north": {"uv": [7, 2, 9, 2.5], "texture": "#1"},
				"east": {"uv": [5, 12, 5.5, 12.5], "texture": "#1"},
				"south": {"uv": [7, 2.5, 9, 3], "texture": "#1"},
				"west": {"uv": [12, 5, 12.5, 5.5], "texture": "#1"},
				"up": {"uv": [9, 3.5, 7, 3], "texture": "#1"},
				"down": {"uv": [9, 3.5, 7, 4], "texture": "#1"}
			}
		},
		{
			"from": [10, 0, 7],
			"to": [12, 1, 8],
			"rotation": {"angle": 0, "axis": "y", "origin": [17, 8, 15]},
			"faces": {
				"north": {"uv": [10.5, 4, 11.5, 4.5], "texture": "#1"},
				"east": {"uv": [5.5, 12, 6, 12.5], "texture": "#1"},
				"south": {"uv": [4.5, 10.5, 5.5, 11], "texture": "#1"},
				"west": {"uv": [12, 5.5, 12.5, 6], "texture": "#1"},
				"up": {"uv": [11.5, 5, 10.5, 4.5], "texture": "#1"},
				"down": {"uv": [11.5, 5, 10.5, 5.5], "texture": "#1"}
			}
		},
		{
			"from": [4, 0, 7],
			"to": [6, 1, 8],
			"rotation": {"angle": 0, "axis": "y", "origin": [14, 8, 15]},
			"faces": {
				"north": {"uv": [5.5, 10.5, 6.5, 11], "texture": "#1"},
				"east": {"uv": [6, 12, 6.5, 12.5], "texture": "#1"},
				"south": {"uv": [10.5, 5.5, 11.5, 6], "texture": "#1"},
				"west": {"uv": [12, 6, 12.5, 6.5], "texture": "#1"},
				"up": {"uv": [11.5, 6.5, 10.5, 6], "texture": "#1"},
				"down": {"uv": [7.5, 10.5, 6.5, 11], "texture": "#1"}
			}
		},
		{
			"from": [1, 10, 7],
			"to": [4, 11, 8],
			"rotation": {"angle": 0, "axis": "y", "origin": [12, 13, 15]},
			"faces": {
				"north": {"uv": [6, 9.5, 7.5, 10], "texture": "#1"},
				"east": {"uv": [6.5, 12, 7, 12.5], "texture": "#1"},
				"south": {"uv": [7.5, 9.5, 9, 10], "texture": "#1"},
				"west": {"uv": [12, 6.5, 12.5, 7], "texture": "#1"},
				"up": {"uv": [10.5, 10, 9, 9.5], "texture": "#1"},
				"down": {"uv": [1.5, 10, 0, 10.5], "texture": "#1"}
			}
		},
		{
			"from": [2, 11, 7],
			"to": [5, 12, 8],
			"rotation": {"angle": 0, "axis": "y", "origin": [12, 10, 15]},
			"faces": {
				"north": {"uv": [1.5, 10, 3, 10.5], "texture": "#1"},
				"east": {"uv": [7, 12, 7.5, 12.5], "texture": "#1"},
				"south": {"uv": [3, 10, 4.5, 10.5], "texture": "#1"},
				"west": {"uv": [12, 7, 12.5, 7.5], "texture": "#1"},
				"up": {"uv": [6, 10.5, 4.5, 10], "texture": "#1"},
				"down": {"uv": [7.5, 10, 6, 10.5], "texture": "#1"}
			}
		},
		{
			"from": [3, 12, 7],
			"to": [6, 13, 8],
			"rotation": {"angle": 0, "axis": "y", "origin": [18, 14, 15]},
			"faces": {
				"north": {"uv": [7.5, 10, 9, 10.5], "texture": "#1"},
				"east": {"uv": [7.5, 12, 8, 12.5], "texture": "#1"},
				"south": {"uv": [10, 8, 11.5, 8.5], "texture": "#1"},
				"west": {"uv": [12, 7.5, 12.5, 8], "texture": "#1"},
				"up": {"uv": [10.5, 10.5, 9, 10], "texture": "#1"},
				"down": {"uv": [1.5, 10.5, 0, 11], "texture": "#1"}
			}
		},
		{
			"from": [4, 13, 7],
			"to": [6, 14, 8],
			"rotation": {"angle": 0, "axis": "y", "origin": [14, 8, 15]},
			"faces": {
				"north": {"uv": [10.5, 6.5, 11.5, 7], "texture": "#1"},
				"east": {"uv": [8, 12, 8.5, 12.5], "texture": "#1"},
				"south": {"uv": [10.5, 7, 11.5, 7.5], "texture": "#1"},
				"west": {"uv": [12, 8, 12.5, 8.5], "texture": "#1"},
				"up": {"uv": [8.5, 11, 7.5, 10.5], "texture": "#1"},
				"down": {"uv": [11.5, 7.5, 10.5, 8], "texture": "#1"}
			}
		},
		{
			"from": [6, 4, 7],
			"to": [10, 10, 8],
			"rotation": {"angle": 0, "axis": "y", "origin": [17, 14, 15]},
			"faces": {
				"north": {"uv": [0, 0, 2, 3], "texture": "#1"},
				"east": {"uv": [0, 3, 0.5, 6], "texture": "#1"},
				"south": {"uv": [2, 0, 4, 3], "texture": "#1"},
				"west": {"uv": [0.5, 3, 1, 6], "texture": "#1"},
				"up": {"uv": [9, 4.5, 7, 4], "texture": "#1"},
				"down": {"uv": [9, 4.5, 7, 5], "texture": "#1"}
			}
		},
		{
			"from": [6, 12, 7],
			"to": [10, 13, 8],
			"rotation": {"angle": 0, "axis": "y", "origin": [17, 15, 15]},
			"faces": {
				"north": {"uv": [7, 5, 9, 5.5], "texture": "#1"},
				"east": {"uv": [8.5, 12, 9, 12.5], "texture": "#1"},
				"south": {"uv": [7, 5.5, 9, 6], "texture": "#1"},
				"west": {"uv": [12, 8.5, 12.5, 9], "texture": "#1"},
				"up": {"uv": [9, 6.5, 7, 6], "texture": "#1"},
				"down": {"uv": [9, 6.5, 7, 7], "texture": "#1"}
			}
		},
		{
			"from": [6, 13, 7],
			"to": [10, 14, 8],
			"rotation": {"angle": 0, "axis": "y", "origin": [17, 15, 15]},
			"faces": {
				"north": {"uv": [7, 7, 9, 7.5], "texture": "#1"},
				"east": {"uv": [9, 12, 9.5, 12.5], "texture": "#1"},
				"south": {"uv": [7, 7.5, 9, 8], "texture": "#1"},
				"west": {"uv": [12, 9, 12.5, 9.5], "texture": "#1"},
				"up": {"uv": [5, 8.5, 3, 8], "texture": "#1"},
				"down": {"uv": [7, 8, 5, 8.5], "texture": "#1"}
			}
		},
		{
			"from": [10, 13, 7],
			"to": [12, 14, 8],
			"rotation": {"angle": 0, "axis": "y", "origin": [17, 8, 15]},
			"faces": {
				"north": {"uv": [8.5, 10.5, 9.5, 11], "texture": "#1"},
				"east": {"uv": [9.5, 12, 10, 12.5], "texture": "#1"},
				"south": {"uv": [10.5, 8.5, 11.5, 9], "texture": "#1"},
				"west": {"uv": [12, 9.5, 12.5, 10], "texture": "#1"},
				"up": {"uv": [11.5, 9.5, 10.5, 9], "texture": "#1"},
				"down": {"uv": [10.5, 10.5, 9.5, 11], "texture": "#1"}
			}
		}
	],
	"display": {
		"thirdperson_righthand": {
			"rotation": [20, 0, 0],
			"translation": [0, 2, 1.5],
			"scale": [0.3, 0.3, 0.2]
		},
		"thirdperson_lefthand": {
			"rotation": [20, 0, 0],
			"translation": [0.25, 2, 1.5],
			"scale": [0.3, 0.3, 0.2]
		},
		"firstperson_righthand": {
			"rotation": [-60, -50, -35],
			"translation": [1.25, 3, 1.5],
			"scale": [0.3, 0.3, 0.2]
		},
		"firstperson_lefthand": {
			"rotation": [-60, -50, -35],
			"translation": [1.25, 3, 1.5],
			"scale": [0.3, 0.3, 0.2]
		},
		"ground": {
			"rotation": [-45, 0, -45],
			"translation": [0, 4, 0],
			"scale": [0.4, 0.4, 0.4]
		},
		"gui": {
			"rotation": [-45, 0, -45],
			"scale": [0.75, 0.75, 1]
		},
		"fixed": {
			"rotation": [0, 0, 45],
			"translation": [-0.5, 0.25, 0.25],
			"scale": [0.75, 0.75, 0.75]
		}
	},
	"groups": [
		{
			"name": "BeagleBlocks",
			"origin": [8, 8, 8],
			"color": 0,
			"children": [0, 1, 2, 3, 4, 5, 6, 7, 8, 9, 10, 11, 12, 13, 14, 15, 16, 17, 18, 19, 20, 21, 22, 23, 24, 25, 26, 27, 28, 29, 30, 31, 32, 33, 34, 35, 36, 37, 38, 39, 40, 41, 42]
		}
	]
}