{
  "parent": "minecraft:item/handheld_rod",
  "textures": {
    "layer0": "minecraft:item/carrot_on_a_stick"
  },

  "overrides": [
    { "predicate": {"custom_model_data": 234445}, "model": "item/tome_chaos"},
    { "predicate": {"custom_model_data": 234446}, "model": "item/tome_harmony"},
    { "predicate": {"custom_model_data": 234447}, "model": "item/tome_lucky"},
    { "predicate": {"custom_model_data": 234448}, "model": "item/tome_chaos_boss"},
    { "predicate": {"custom_model_data": 234449}, "model": "item/tome_harmony_boss"},
    { "predicate": {"custom_model_data": 234450}, "model": "item/tome_lucky_boss"},
    { "predicate": {"custom_model_data": 313131}, "model": "item/staff_chaos"},
    { "predicate": {"custom_model_data": 323232}, "model": "item/staff_harmony"},
    { "predicate": {"custom_model_data": 333333}, "model": "item/staff_lucky"},
    { "predicate": {"custom_model_data": 343434}, "model": "item/staff_dangerous"},
    { "predicate": {"custom_model_data": 413131}, "model": "item/staff_chaos_elite"},
    { "predicate": {"custom_model_data": 423232}, "model": "item/staff_harmony_elite"},
    { "predicate": {"custom_model_data": 433333}, "model": "item/staff_lucky_elite"},
    { "predicate": {"custom_model_data": 443434}, "model": "item/staff_dangerous_elite"},
    { "predicate": {"custom_model_data": 888888}, "model": "item/bonesplitter"},
    { "predicate": {"custom_model_data": 888889}, "model": "item/bonesplitterrld"},
    { "predicate": {"custom_model_data": 888900}, "model": "item/double_bone"},
    { "predicate": {"custom_model_data": 888901}, "model": "item/double_bone_rld"},
    { "predicate": {"custom_model_data": 977777}, "model": "item/bonelock"},
    { "predicate": {"custom_model_data": 977778}, "model": "item/bonesket"},
    { "predicate": {"custom_model_data": 977779}, "model": "item/bonesketrld"}
]
}
