{
	"credit": "Made with Blockbench",
	"texture_size": [32, 32],
	"textures": {
		"4": "custom/champion_challenger"
	},
	"elements": [
		{
			"from": [9, 5, 7],
			"to": [10, 6, 8],
			"rotation": {"angle": 0, "axis": "y", "origin": [17, 13, 15]},
			"faces": {
				"north": {"uv": [0, 0, 0.5, 0.5], "texture": "#4"},
				"east": {"uv": [0, 0.5, 0.5, 1], "texture": "#4"},
				"south": {"uv": [0.5, 0, 1, 0.5], "texture": "#4"},
				"west": {"uv": [0.5, 0.5, 1, 1], "texture": "#4"},
				"up": {"uv": [0.5, 1.5, 0, 1], "texture": "#4"},
				"down": {"uv": [1.5, 0, 1, 0.5], "texture": "#4"}
			}
		},
		{
			"from": [9, 6, 7],
			"to": [10, 7, 8],
			"rotation": {"angle": 0, "axis": "y", "origin": [17, 14, 15]},
			"faces": {
				"north": {"uv": [0.5, 1, 1, 1.5], "texture": "#4"},
				"east": {"uv": [1, 0.5, 1.5, 1], "texture": "#4"},
				"south": {"uv": [1, 1, 1.5, 1.5], "texture": "#4"},
				"west": {"uv": [0, 1.5, 0.5, 2], "texture": "#4"},
				"up": {"uv": [2, 0.5, 1.5, 0], "texture": "#4"},
				"down": {"uv": [1, 1.5, 0.5, 2], "texture": "#4"}
			}
		},
		{
			"from": [9, 7, 7],
			"to": [10, 8, 8],
			"rotation": {"angle": 0, "axis": "y", "origin": [17, 15, 15]},
			"faces": {
				"north": {"uv": [1.5, 0.5, 2, 1], "texture": "#4"},
				"east": {"uv": [1, 1.5, 1.5, 2], "texture": "#4"},
				"south": {"uv": [1.5, 1, 2, 1.5], "texture": "#4"},
				"west": {"uv": [1.5, 1.5, 2, 2], "texture": "#4"},
				"up": {"uv": [0.5, 2.5, 0, 2], "texture": "#4"},
				"down": {"uv": [2.5, 0, 2, 0.5], "texture": "#4"}
			}
		},
		{
			"from": [9, 8, 7],
			"to": [10, 9, 8],
			"rotation": {"angle": 0, "axis": "y", "origin": [17, 16, 15]},
			"faces": {
				"north": {"uv": [0.5, 2, 1, 2.5], "texture": "#4"},
				"east": {"uv": [2, 0.5, 2.5, 1], "texture": "#4"},
				"south": {"uv": [1, 2, 1.5, 2.5], "texture": "#4"},
				"west": {"uv": [2, 1, 2.5, 1.5], "texture": "#4"},
				"up": {"uv": [2, 2.5, 1.5, 2], "texture": "#4"},
				"down": {"uv": [2.5, 1.5, 2, 2], "texture": "#4"}
			}
		},
		{
			"from": [8, 9, 7],
			"to": [9, 10, 8],
			"rotation": {"angle": 0, "axis": "y", "origin": [16, 17, 15]},
			"faces": {
				"north": {"uv": [2, 2, 2.5, 2.5], "texture": "#4"},
				"east": {"uv": [0, 2.5, 0.5, 3], "texture": "#4"},
				"south": {"uv": [2.5, 0, 3, 0.5], "texture": "#4"},
				"west": {"uv": [0.5, 2.5, 1, 3], "texture": "#4"},
				"up": {"uv": [3, 1, 2.5, 0.5], "texture": "#4"},
				"down": {"uv": [1.5, 2.5, 1, 3], "texture": "#4"}
			}
		},
		{
			"from": [6, 11, 7],
			"to": [7, 12, 8],
			"rotation": {"angle": 0, "axis": "y", "origin": [14, 19, 15]},
			"faces": {
				"north": {"uv": [2.5, 1, 3, 1.5], "texture": "#4"},
				"east": {"uv": [1.5, 2.5, 2, 3], "texture": "#4"},
				"south": {"uv": [2.5, 1.5, 3, 2], "texture": "#4"},
				"west": {"uv": [2, 2.5, 2.5, 3], "texture": "#4"},
				"up": {"uv": [3, 2.5, 2.5, 2], "texture": "#4"},
				"down": {"uv": [3, 2.5, 2.5, 3], "texture": "#4"}
			}
		},
		{
			"from": [4, 13, 7],
			"to": [5, 14, 8],
			"rotation": {"angle": 0, "axis": "y", "origin": [12, 21, 15]},
			"faces": {
				"north": {"uv": [0, 3, 0.5, 3.5], "texture": "#4"},
				"east": {"uv": [3, 0, 3.5, 0.5], "texture": "#4"},
				"south": {"uv": [0.5, 3, 1, 3.5], "texture": "#4"},
				"west": {"uv": [3, 0.5, 3.5, 1], "texture": "#4"},
				"up": {"uv": [1.5, 3.5, 1, 3], "texture": "#4"},
				"down": {"uv": [3.5, 1, 3, 1.5], "texture": "#4"}
			}
		},
		{
			"from": [8, 6, 7],
			"to": [9, 7, 8],
			"rotation": {"angle": 0, "axis": "y", "origin": [16, 14, 15]},
			"faces": {
				"north": {"uv": [1.5, 3, 2, 3.5], "texture": "#4"},
				"east": {"uv": [3, 1.5, 3.5, 2], "texture": "#4"},
				"south": {"uv": [2, 3, 2.5, 3.5], "texture": "#4"},
				"west": {"uv": [3, 2, 3.5, 2.5], "texture": "#4"},
				"up": {"uv": [3, 3.5, 2.5, 3], "texture": "#4"},
				"down": {"uv": [3.5, 2.5, 3, 3], "texture": "#4"}
			}
		},
		{
			"from": [8, 7, 7],
			"to": [9, 8, 8],
			"rotation": {"angle": 0, "axis": "y", "origin": [16, 15, 15]},
			"faces": {
				"north": {"uv": [3, 3, 3.5, 3.5], "texture": "#4"},
				"east": {"uv": [0, 3.5, 0.5, 4], "texture": "#4"},
				"south": {"uv": [3.5, 0, 4, 0.5], "texture": "#4"},
				"west": {"uv": [0.5, 3.5, 1, 4], "texture": "#4"},
				"up": {"uv": [4, 1, 3.5, 0.5], "texture": "#4"},
				"down": {"uv": [1.5, 3.5, 1, 4], "texture": "#4"}
			}
		},
		{
			"from": [7, 8, 7],
			"to": [8, 9, 8],
			"rotation": {"angle": 0, "axis": "y", "origin": [15, 16, 15]},
			"faces": {
				"north": {"uv": [3.5, 1, 4, 1.5], "texture": "#4"},
				"east": {"uv": [1.5, 3.5, 2, 4], "texture": "#4"},
				"south": {"uv": [3.5, 1.5, 4, 2], "texture": "#4"},
				"west": {"uv": [2, 3.5, 2.5, 4], "texture": "#4"},
				"up": {"uv": [4, 2.5, 3.5, 2], "texture": "#4"},
				"down": {"uv": [3, 3.5, 2.5, 4], "texture": "#4"}
			}
		},
		{
			"from": [6, 9, 7],
			"to": [7, 10, 8],
			"rotation": {"angle": 0, "axis": "y", "origin": [14, 17, 15]},
			"faces": {
				"north": {"uv": [3.5, 2.5, 4, 3], "texture": "#4"},
				"east": {"uv": [3, 3.5, 3.5, 4], "texture": "#4"},
				"south": {"uv": [3.5, 3, 4, 3.5], "texture": "#4"},
				"west": {"uv": [3.5, 3.5, 4, 4], "texture": "#4"},
				"up": {"uv": [0.5, 4.5, 0, 4], "texture": "#4"},
				"down": {"uv": [4.5, 0, 4, 0.5], "texture": "#4"}
			}
		},
		{
			"from": [5, 10, 7],
			"to": [6, 11, 8],
			"rotation": {"angle": 0, "axis": "y", "origin": [13, 18, 15]},
			"faces": {
				"north": {"uv": [0.5, 4, 1, 4.5], "texture": "#4"},
				"east": {"uv": [4, 0.5, 4.5, 1], "texture": "#4"},
				"south": {"uv": [1, 4, 1.5, 4.5], "texture": "#4"},
				"west": {"uv": [4, 1, 4.5, 1.5], "texture": "#4"},
				"up": {"uv": [2, 4.5, 1.5, 4], "texture": "#4"},
				"down": {"uv": [4.5, 1.5, 4, 2], "texture": "#4"}
			}
		},
		{
			"from": [4, 11, 7],
			"to": [5, 12, 8],
			"rotation": {"angle": 0, "axis": "y", "origin": [12, 19, 15]},
			"faces": {
				"north": {"uv": [2, 4, 2.5, 4.5], "texture": "#4"},
				"east": {"uv": [4, 2, 4.5, 2.5], "texture": "#4"},
				"south": {"uv": [2.5, 4, 3, 4.5], "texture": "#4"},
				"west": {"uv": [4, 2.5, 4.5, 3], "texture": "#4"},
				"up": {"uv": [3.5, 4.5, 3, 4], "texture": "#4"},
				"down": {"uv": [4.5, 3, 4, 3.5], "texture": "#4"}
			}
		},
		{
			"from": [3, 12, 7],
			"to": [4, 13, 8],
			"rotation": {"angle": 0, "axis": "y", "origin": [11, 20, 15]},
			"faces": {
				"north": {"uv": [3.5, 4, 4, 4.5], "texture": "#4"},
				"east": {"uv": [4, 3.5, 4.5, 4], "texture": "#4"},
				"south": {"uv": [4, 4, 4.5, 4.5], "texture": "#4"},
				"west": {"uv": [0, 4.5, 0.5, 5], "texture": "#4"},
				"up": {"uv": [5, 0.5, 4.5, 0], "texture": "#4"},
				"down": {"uv": [1, 4.5, 0.5, 5], "texture": "#4"}
			}
		},
		{
			"from": [8, 8, 7],
			"to": [9, 9, 8],
			"rotation": {"angle": 0, "axis": "y", "origin": [16, 16, 15]},
			"faces": {
				"north": {"uv": [4.5, 0.5, 5, 1], "texture": "#4"},
				"east": {"uv": [1, 4.5, 1.5, 5], "texture": "#4"},
				"south": {"uv": [4.5, 1, 5, 1.5], "texture": "#4"},
				"west": {"uv": [1.5, 4.5, 2, 5], "texture": "#4"},
				"up": {"uv": [5, 2, 4.5, 1.5], "texture": "#4"},
				"down": {"uv": [2.5, 4.5, 2, 5], "texture": "#4"}
			}
		},
		{
			"from": [7, 9, 7],
			"to": [8, 10, 8],
			"rotation": {"angle": 0, "axis": "y", "origin": [15, 17, 15]},
			"faces": {
				"north": {"uv": [4.5, 2, 5, 2.5], "texture": "#4"},
				"east": {"uv": [2.5, 4.5, 3, 5], "texture": "#4"},
				"south": {"uv": [4.5, 2.5, 5, 3], "texture": "#4"},
				"west": {"uv": [3, 4.5, 3.5, 5], "texture": "#4"},
				"up": {"uv": [5, 3.5, 4.5, 3], "texture": "#4"},
				"down": {"uv": [4, 4.5, 3.5, 5], "texture": "#4"}
			}
		},
		{
			"from": [6, 10, 7],
			"to": [7, 11, 8],
			"rotation": {"angle": 0, "axis": "y", "origin": [14, 18, 15]},
			"faces": {
				"north": {"uv": [4.5, 3.5, 5, 4], "texture": "#4"},
				"east": {"uv": [4, 4.5, 4.5, 5], "texture": "#4"},
				"south": {"uv": [4.5, 4, 5, 4.5], "texture": "#4"},
				"west": {"uv": [4.5, 4.5, 5, 5], "texture": "#4"},
				"up": {"uv": [0.5, 5.5, 0, 5], "texture": "#4"},
				"down": {"uv": [5.5, 0, 5, 0.5], "texture": "#4"}
			}
		},
		{
			"from": [5, 11, 7],
			"to": [6, 12, 8],
			"rotation": {"angle": 0, "axis": "y", "origin": [13, 19, 15]},
			"faces": {
				"north": {"uv": [0.5, 5, 1, 5.5], "texture": "#4"},
				"east": {"uv": [5, 0.5, 5.5, 1], "texture": "#4"},
				"south": {"uv": [1, 5, 1.5, 5.5], "texture": "#4"},
				"west": {"uv": [5, 1, 5.5, 1.5], "texture": "#4"},
				"up": {"uv": [2, 5.5, 1.5, 5], "texture": "#4"},
				"down": {"uv": [5.5, 1.5, 5, 2], "texture": "#4"}
			}
		},
		{
			"from": [4, 12, 7],
			"to": [5, 13, 8],
			"rotation": {"angle": 0, "axis": "y", "origin": [12, 20, 15]},
			"faces": {
				"north": {"uv": [2, 5, 2.5, 5.5], "texture": "#4"},
				"east": {"uv": [5, 2, 5.5, 2.5], "texture": "#4"},
				"south": {"uv": [2.5, 5, 3, 5.5], "texture": "#4"},
				"west": {"uv": [5, 2.5, 5.5, 3], "texture": "#4"},
				"up": {"uv": [3.5, 5.5, 3, 5], "texture": "#4"},
				"down": {"uv": [5.5, 3, 5, 3.5], "texture": "#4"}
			}
		},
		{
			"from": [3, 13, 7],
			"to": [4, 14, 8],
			"rotation": {"angle": 0, "axis": "y", "origin": [11, 21, 15]},
			"faces": {
				"north": {"uv": [3.5, 5, 4, 5.5], "texture": "#4"},
				"east": {"uv": [5, 3.5, 5.5, 4], "texture": "#4"},
				"south": {"uv": [4, 5, 4.5, 5.5], "texture": "#4"},
				"west": {"uv": [5, 4, 5.5, 4.5], "texture": "#4"},
				"up": {"uv": [5, 5.5, 4.5, 5], "texture": "#4"},
				"down": {"uv": [5.5, 4.5, 5, 5], "texture": "#4"}
			}
		},
		{
			"from": [7, 6, 7],
			"to": [8, 7, 8],
			"rotation": {"angle": 0, "axis": "y", "origin": [15, 14, 15]},
			"faces": {
				"north": {"uv": [5, 5, 5.5, 5.5], "texture": "#4"},
				"east": {"uv": [0, 5.5, 0.5, 6], "texture": "#4"},
				"south": {"uv": [5.5, 0, 6, 0.5], "texture": "#4"},
				"west": {"uv": [0.5, 5.5, 1, 6], "texture": "#4"},
				"up": {"uv": [6, 1, 5.5, 0.5], "texture": "#4"},
				"down": {"uv": [1.5, 5.5, 1, 6], "texture": "#4"}
			}
		},
		{
			"from": [6, 7, 7],
			"to": [7, 8, 8],
			"rotation": {"angle": 0, "axis": "y", "origin": [14, 15, 15]},
			"faces": {
				"north": {"uv": [5.5, 1, 6, 1.5], "texture": "#4"},
				"east": {"uv": [1.5, 5.5, 2, 6], "texture": "#4"},
				"south": {"uv": [5.5, 1.5, 6, 2], "texture": "#4"},
				"west": {"uv": [2, 5.5, 2.5, 6], "texture": "#4"},
				"up": {"uv": [6, 2.5, 5.5, 2], "texture": "#4"},
				"down": {"uv": [3, 5.5, 2.5, 6], "texture": "#4"}
			}
		},
		{
			"from": [7, 7, 7],
			"to": [8, 8, 8],
			"rotation": {"angle": 0, "axis": "y", "origin": [14, 15, 15]},
			"faces": {
				"north": {"uv": [5.5, 2.5, 6, 3], "texture": "#4"},
				"east": {"uv": [3, 5.5, 3.5, 6], "texture": "#4"},
				"south": {"uv": [5.5, 3, 6, 3.5], "texture": "#4"},
				"west": {"uv": [3.5, 5.5, 4, 6], "texture": "#4"},
				"up": {"uv": [6, 4, 5.5, 3.5], "texture": "#4"},
				"down": {"uv": [4.5, 5.5, 4, 6], "texture": "#4"}
			}
		},
		{
			"from": [6, 8, 7],
			"to": [7, 9, 8],
			"rotation": {"angle": 0, "axis": "y", "origin": [14, 15, 15]},
			"faces": {
				"north": {"uv": [5.5, 4, 6, 4.5], "texture": "#4"},
				"east": {"uv": [4.5, 5.5, 5, 6], "texture": "#4"},
				"south": {"uv": [5.5, 4.5, 6, 5], "texture": "#4"},
				"west": {"uv": [5, 5.5, 5.5, 6], "texture": "#4"},
				"up": {"uv": [6, 5.5, 5.5, 5], "texture": "#4"},
				"down": {"uv": [6, 5.5, 5.5, 6], "texture": "#4"}
			}
		},
		{
			"from": [4, 9, 7],
			"to": [5, 10, 8],
			"rotation": {"angle": 0, "axis": "y", "origin": [12, 17, 15]},
			"faces": {
				"north": {"uv": [0, 6, 0.5, 6.5], "texture": "#4"},
				"east": {"uv": [6, 0, 6.5, 0.5], "texture": "#4"},
				"south": {"uv": [0.5, 6, 1, 6.5], "texture": "#4"},
				"west": {"uv": [6, 0.5, 6.5, 1], "texture": "#4"},
				"up": {"uv": [1.5, 6.5, 1, 6], "texture": "#4"},
				"down": {"uv": [6.5, 1, 6, 1.5], "texture": "#4"}
			}
		},
		{
			"from": [2, 11, 7],
			"to": [3, 12, 8],
			"rotation": {"angle": 0, "axis": "y", "origin": [10, 19, 15]},
			"faces": {
				"north": {"uv": [1.5, 6, 2, 6.5], "texture": "#4"},
				"east": {"uv": [6, 1.5, 6.5, 2], "texture": "#4"},
				"south": {"uv": [2, 6, 2.5, 6.5], "texture": "#4"},
				"west": {"uv": [6, 2, 6.5, 2.5], "texture": "#4"},
				"up": {"uv": [3, 6.5, 2.5, 6], "texture": "#4"},
				"down": {"uv": [6.5, 2.5, 6, 3], "texture": "#4"}
			}
		},
		{
			"from": [5, 9, 7],
			"to": [6, 10, 8],
			"rotation": {"angle": 0, "axis": "y", "origin": [13, 17, 15]},
			"faces": {
				"north": {"uv": [3, 6, 3.5, 6.5], "texture": "#4"},
				"east": {"uv": [6, 3, 6.5, 3.5], "texture": "#4"},
				"south": {"uv": [3.5, 6, 4, 6.5], "texture": "#4"},
				"west": {"uv": [6, 3.5, 6.5, 4], "texture": "#4"},
				"up": {"uv": [4.5, 6.5, 4, 6], "texture": "#4"},
				"down": {"uv": [6.5, 4, 6, 4.5], "texture": "#4"}
			}
		},
		{
			"from": [4, 10, 7],
			"to": [5, 11, 8],
			"rotation": {"angle": 0, "axis": "y", "origin": [12, 18, 15]},
			"faces": {
				"north": {"uv": [4.5, 6, 5, 6.5], "texture": "#4"},
				"east": {"uv": [6, 4.5, 6.5, 5], "texture": "#4"},
				"south": {"uv": [5, 6, 5.5, 6.5], "texture": "#4"},
				"west": {"uv": [6, 5, 6.5, 5.5], "texture": "#4"},
				"up": {"uv": [6, 6.5, 5.5, 6], "texture": "#4"},
				"down": {"uv": [6.5, 5.5, 6, 6], "texture": "#4"}
			}
		},
		{
			"from": [3, 11, 7],
			"to": [4, 12, 8],
			"rotation": {"angle": 0, "axis": "y", "origin": [11, 19, 15]},
			"faces": {
				"north": {"uv": [6, 6, 6.5, 6.5], "texture": "#4"},
				"east": {"uv": [0, 6.5, 0.5, 7], "texture": "#4"},
				"south": {"uv": [6.5, 0, 7, 0.5], "texture": "#4"},
				"west": {"uv": [0.5, 6.5, 1, 7], "texture": "#4"},
				"up": {"uv": [7, 1, 6.5, 0.5], "texture": "#4"},
				"down": {"uv": [1.5, 6.5, 1, 7], "texture": "#4"}
			}
		},
		{
			"from": [2, 12, 7],
			"to": [3, 13, 8],
			"rotation": {"angle": 0, "axis": "y", "origin": [10, 20, 15]},
			"faces": {
				"north": {"uv": [6.5, 1, 7, 1.5], "texture": "#4"},
				"east": {"uv": [1.5, 6.5, 2, 7], "texture": "#4"},
				"south": {"uv": [6.5, 1.5, 7, 2], "texture": "#4"},
				"west": {"uv": [2, 6.5, 2.5, 7], "texture": "#4"},
				"up": {"uv": [7, 2.5, 6.5, 2], "texture": "#4"},
				"down": {"uv": [3, 6.5, 2.5, 7], "texture": "#4"}
			}
		},
		{
			"from": [1, 14, 7],
			"to": [2, 15, 8],
			"rotation": {"angle": 0, "axis": "y", "origin": [9, 22, 15]},
			"faces": {
				"north": {"uv": [6.5, 2.5, 7, 3], "texture": "#4"},
				"east": {"uv": [3, 6.5, 3.5, 7], "texture": "#4"},
				"south": {"uv": [6.5, 3, 7, 3.5], "texture": "#4"},
				"west": {"uv": [3.5, 6.5, 4, 7], "texture": "#4"},
				"up": {"uv": [7, 4, 6.5, 3.5], "texture": "#4"},
				"down": {"uv": [4.5, 6.5, 4, 7], "texture": "#4"}
			}
		},
		{
			"from": [14, 1, 7],
			"to": [15, 2, 8],
			"rotation": {"angle": 0, "axis": "y", "origin": [9, 22, 15]},
			"faces": {
				"north": {"uv": [6.5, 4, 7, 4.5], "texture": "#4"},
				"east": {"uv": [4.5, 6.5, 5, 7], "texture": "#4"},
				"south": {"uv": [6.5, 4.5, 7, 5], "texture": "#4"},
				"west": {"uv": [5, 6.5, 5.5, 7], "texture": "#4"},
				"up": {"uv": [7, 5.5, 6.5, 5], "texture": "#4"},
				"down": {"uv": [6, 6.5, 5.5, 7], "texture": "#4"}
			}
		},
		{
			"from": [2, 13, 7],
			"to": [3, 14, 8],
			"rotation": {"angle": 0, "axis": "y", "origin": [9, 22, 15]},
			"faces": {
				"north": {"uv": [6.5, 5.5, 7, 6], "texture": "#4"},
				"east": {"uv": [6, 6.5, 6.5, 7], "texture": "#4"},
				"south": {"uv": [6.5, 6, 7, 6.5], "texture": "#4"},
				"west": {"uv": [6.5, 6.5, 7, 7], "texture": "#4"},
				"up": {"uv": [0.5, 7.5, 0, 7], "texture": "#4"},
				"down": {"uv": [7.5, 0, 7, 0.5], "texture": "#4"}
			}
		},
		{
			"from": [1, 12, 7],
			"to": [2, 13, 8],
			"rotation": {"angle": 0, "axis": "y", "origin": [9, 22, 15]},
			"faces": {
				"north": {"uv": [0.5, 7, 1, 7.5], "texture": "#4"},
				"east": {"uv": [7, 0.5, 7.5, 1], "texture": "#4"},
				"south": {"uv": [1, 7, 1.5, 7.5], "texture": "#4"},
				"west": {"uv": [7, 1, 7.5, 1.5], "texture": "#4"},
				"up": {"uv": [2, 7.5, 1.5, 7], "texture": "#4"},
				"down": {"uv": [7.5, 1.5, 7, 2], "texture": "#4"}
			}
		},
		{
			"from": [3, 14, 7],
			"to": [4, 15, 8],
			"rotation": {"angle": 0, "axis": "y", "origin": [9, 22, 15]},
			"faces": {
				"north": {"uv": [2, 7, 2.5, 7.5], "texture": "#4"},
				"east": {"uv": [7, 2, 7.5, 2.5], "texture": "#4"},
				"south": {"uv": [2.5, 7, 3, 7.5], "texture": "#4"},
				"west": {"uv": [7, 2.5, 7.5, 3], "texture": "#4"},
				"up": {"uv": [3.5, 7.5, 3, 7], "texture": "#4"},
				"down": {"uv": [7.5, 3, 7, 3.5], "texture": "#4"}
			}
		},
		{
			"from": [10, 6, 7],
			"to": [11, 7, 8],
			"rotation": {"angle": 0, "axis": "y", "origin": [18, 14, 15]},
			"faces": {
				"north": {"uv": [3.5, 7, 4, 7.5], "texture": "#4"},
				"east": {"uv": [7, 3.5, 7.5, 4], "texture": "#4"},
				"south": {"uv": [4, 7, 4.5, 7.5], "texture": "#4"},
				"west": {"uv": [7, 4, 7.5, 4.5], "texture": "#4"},
				"up": {"uv": [5, 7.5, 4.5, 7], "texture": "#4"},
				"down": {"uv": [7.5, 4.5, 7, 5], "texture": "#4"}
			}
		},
		{
			"from": [10, 7, 7],
			"to": [11, 8, 8],
			"rotation": {"angle": 0, "axis": "y", "origin": [18, 15, 15]},
			"faces": {
				"north": {"uv": [5, 7, 5.5, 7.5], "texture": "#4"},
				"east": {"uv": [7, 5, 7.5, 5.5], "texture": "#4"},
				"south": {"uv": [5.5, 7, 6, 7.5], "texture": "#4"},
				"west": {"uv": [7, 5.5, 7.5, 6], "texture": "#4"},
				"up": {"uv": [6.5, 7.5, 6, 7], "texture": "#4"},
				"down": {"uv": [7.5, 6, 7, 6.5], "texture": "#4"}
			}
		},
		{
			"from": [11, 7, 7],
			"to": [12, 8, 8],
			"rotation": {"angle": 0, "axis": "y", "origin": [18, 15, 15]},
			"faces": {
				"north": {"uv": [6.5, 7, 7, 7.5], "texture": "#4"},
				"east": {"uv": [7, 6.5, 7.5, 7], "texture": "#4"},
				"south": {"uv": [7, 7, 7.5, 7.5], "texture": "#4"},
				"west": {"uv": [0, 7.5, 0.5, 8], "texture": "#4"},
				"up": {"uv": [8, 0.5, 7.5, 0], "texture": "#4"},
				"down": {"uv": [1, 7.5, 0.5, 8], "texture": "#4"}
			}
		},
		{
			"from": [10, 8, 7],
			"to": [11, 9, 8],
			"rotation": {"angle": 0, "axis": "y", "origin": [18, 15, 15]},
			"faces": {
				"north": {"uv": [7.5, 0.5, 8, 1], "texture": "#4"},
				"east": {"uv": [1, 7.5, 1.5, 8], "texture": "#4"},
				"south": {"uv": [7.5, 1, 8, 1.5], "texture": "#4"},
				"west": {"uv": [1.5, 7.5, 2, 8], "texture": "#4"},
				"up": {"uv": [8, 2, 7.5, 1.5], "texture": "#4"},
				"down": {"uv": [2.5, 7.5, 2, 8], "texture": "#4"}
			}
		},
		{
			"from": [9, 9, 7],
			"to": [10, 10, 8],
			"rotation": {"angle": 0, "axis": "y", "origin": [18, 15, 15]},
			"faces": {
				"north": {"uv": [7.5, 2, 8, 2.5], "texture": "#4"},
				"east": {"uv": [2.5, 7.5, 3, 8], "texture": "#4"},
				"south": {"uv": [7.5, 2.5, 8, 3], "texture": "#4"},
				"west": {"uv": [3, 7.5, 3.5, 8], "texture": "#4"},
				"up": {"uv": [8, 3.5, 7.5, 3], "texture": "#4"},
				"down": {"uv": [4, 7.5, 3.5, 8], "texture": "#4"}
			}
		},
		{
			"from": [8, 10, 7],
			"to": [9, 11, 8],
			"rotation": {"angle": 0, "axis": "y", "origin": [18, 15, 15]},
			"faces": {
				"north": {"uv": [7.5, 3.5, 8, 4], "texture": "#4"},
				"east": {"uv": [4, 7.5, 4.5, 8], "texture": "#4"},
				"south": {"uv": [7.5, 4, 8, 4.5], "texture": "#4"},
				"west": {"uv": [4.5, 7.5, 5, 8], "texture": "#4"},
				"up": {"uv": [8, 5, 7.5, 4.5], "texture": "#4"},
				"down": {"uv": [5.5, 7.5, 5, 8], "texture": "#4"}
			}
		},
		{
			"from": [9, 10, 7],
			"to": [10, 11, 8],
			"rotation": {"angle": 0, "axis": "y", "origin": [18, 15, 15]},
			"faces": {
				"north": {"uv": [7.5, 5, 8, 5.5], "texture": "#4"},
				"east": {"uv": [5.5, 7.5, 6, 8], "texture": "#4"},
				"south": {"uv": [7.5, 5.5, 8, 6], "texture": "#4"},
				"west": {"uv": [6, 7.5, 6.5, 8], "texture": "#4"},
				"up": {"uv": [8, 6.5, 7.5, 6], "texture": "#4"},
				"down": {"uv": [7, 7.5, 6.5, 8], "texture": "#4"}
			}
		},
		{
			"from": [5, 8, 7],
			"to": [6, 9, 8],
			"rotation": {"angle": 0, "axis": "y", "origin": [18, 15, 15]},
			"faces": {
				"north": {"uv": [7.5, 6.5, 8, 7], "texture": "#4"},
				"east": {"uv": [7, 7.5, 7.5, 8], "texture": "#4"},
				"south": {"uv": [7.5, 7, 8, 7.5], "texture": "#4"},
				"west": {"uv": [7.5, 7.5, 8, 8], "texture": "#4"},
				"up": {"uv": [0.5, 8.5, 0, 8], "texture": "#4"},
				"down": {"uv": [8.5, 0, 8, 0.5], "texture": "#4"}
			}
		},
		{
			"from": [4, 8, 7],
			"to": [5, 9, 8],
			"rotation": {"angle": 0, "axis": "y", "origin": [18, 15, 15]},
			"faces": {
				"north": {"uv": [0.5, 8, 1, 8.5], "texture": "#4"},
				"east": {"uv": [8, 0.5, 8.5, 1], "texture": "#4"},
				"south": {"uv": [1, 8, 1.5, 8.5], "texture": "#4"},
				"west": {"uv": [8, 1, 8.5, 1.5], "texture": "#4"},
				"up": {"uv": [2, 8.5, 1.5, 8], "texture": "#4"},
				"down": {"uv": [8.5, 1.5, 8, 2], "texture": "#4"}
			}
		},
		{
			"from": [8, 5, 7],
			"to": [9, 6, 8],
			"rotation": {"angle": 0, "axis": "y", "origin": [18, 15, 15]},
			"faces": {
				"north": {"uv": [2, 8, 2.5, 8.5], "texture": "#4"},
				"east": {"uv": [8, 2, 8.5, 2.5], "texture": "#4"},
				"south": {"uv": [2.5, 8, 3, 8.5], "texture": "#4"},
				"west": {"uv": [8, 2.5, 8.5, 3], "texture": "#4"},
				"up": {"uv": [3.5, 8.5, 3, 8], "texture": "#4"},
				"down": {"uv": [8.5, 3, 8, 3.5], "texture": "#4"}
			}
		},
		{
			"from": [7, 5, 7],
			"to": [8, 6, 8],
			"rotation": {"angle": 0, "axis": "y", "origin": [18, 15, 15]},
			"faces": {
				"north": {"uv": [3.5, 8, 4, 8.5], "texture": "#4"},
				"east": {"uv": [8, 3.5, 8.5, 4], "texture": "#4"},
				"south": {"uv": [4, 8, 4.5, 8.5], "texture": "#4"},
				"west": {"uv": [8, 4, 8.5, 4.5], "texture": "#4"},
				"up": {"uv": [5, 8.5, 4.5, 8], "texture": "#4"},
				"down": {"uv": [8.5, 4.5, 8, 5], "texture": "#4"}
			}
		},
		{
			"from": [6, 6, 7],
			"to": [7, 7, 8],
			"rotation": {"angle": 0, "axis": "y", "origin": [18, 15, 15]},
			"faces": {
				"north": {"uv": [5, 8, 5.5, 8.5], "texture": "#4"},
				"east": {"uv": [8, 5, 8.5, 5.5], "texture": "#4"},
				"south": {"uv": [5.5, 8, 6, 8.5], "texture": "#4"},
				"west": {"uv": [8, 5.5, 8.5, 6], "texture": "#4"},
				"up": {"uv": [6.5, 8.5, 6, 8], "texture": "#4"},
				"down": {"uv": [8.5, 6, 8, 6.5], "texture": "#4"}
			}
		},
		{
			"from": [5, 7, 7],
			"to": [6, 8, 8],
			"rotation": {"angle": 0, "axis": "y", "origin": [18, 15, 15]},
			"faces": {
				"north": {"uv": [6.5, 8, 7, 8.5], "texture": "#4"},
				"east": {"uv": [8, 6.5, 8.5, 7], "texture": "#4"},
				"south": {"uv": [7, 8, 7.5, 8.5], "texture": "#4"},
				"west": {"uv": [8, 7, 8.5, 7.5], "texture": "#4"},
				"up": {"uv": [8, 8.5, 7.5, 8], "texture": "#4"},
				"down": {"uv": [8.5, 7.5, 8, 8], "texture": "#4"}
			}
		},
		{
			"from": [5, 6, 7],
			"to": [6, 7, 8],
			"rotation": {"angle": 0, "axis": "y", "origin": [18, 15, 15]},
			"faces": {
				"north": {"uv": [8, 8, 8.5, 8.5], "texture": "#4"},
				"east": {"uv": [0, 8.5, 0.5, 9], "texture": "#4"},
				"south": {"uv": [8.5, 0, 9, 0.5], "texture": "#4"},
				"west": {"uv": [0.5, 8.5, 1, 9], "texture": "#4"},
				"up": {"uv": [9, 1, 8.5, 0.5], "texture": "#4"},
				"down": {"uv": [1.5, 8.5, 1, 9], "texture": "#4"}
			}
		},
		{
			"from": [8, 4, 7],
			"to": [9, 5, 8],
			"rotation": {"angle": 0, "axis": "y", "origin": [18, 15, 15]},
			"faces": {
				"north": {"uv": [8.5, 1, 9, 1.5], "texture": "#4"},
				"east": {"uv": [1.5, 8.5, 2, 9], "texture": "#4"},
				"south": {"uv": [8.5, 1.5, 9, 2], "texture": "#4"},
				"west": {"uv": [2, 8.5, 2.5, 9], "texture": "#4"},
				"up": {"uv": [9, 2.5, 8.5, 2], "texture": "#4"},
				"down": {"uv": [3, 8.5, 2.5, 9], "texture": "#4"}
			}
		},
		{
			"from": [7, 10, 7],
			"to": [8, 11, 8],
			"rotation": {"angle": 0, "axis": "y", "origin": [18, 15, 15]},
			"faces": {
				"north": {"uv": [8.5, 2.5, 9, 3], "texture": "#4"},
				"east": {"uv": [3, 8.5, 3.5, 9], "texture": "#4"},
				"south": {"uv": [8.5, 3, 9, 3.5], "texture": "#4"},
				"west": {"uv": [3.5, 8.5, 4, 9], "texture": "#4"},
				"up": {"uv": [9, 4, 8.5, 3.5], "texture": "#4"},
				"down": {"uv": [4.5, 8.5, 4, 9], "texture": "#4"}
			}
		},
		{
			"from": [7, 11, 7],
			"to": [8, 12, 8],
			"rotation": {"angle": 0, "axis": "y", "origin": [18, 15, 15]},
			"faces": {
				"north": {"uv": [8.5, 4, 9, 4.5], "texture": "#4"},
				"east": {"uv": [4.5, 8.5, 5, 9], "texture": "#4"},
				"south": {"uv": [8.5, 4.5, 9, 5], "texture": "#4"},
				"west": {"uv": [5, 8.5, 5.5, 9], "texture": "#4"},
				"up": {"uv": [9, 5.5, 8.5, 5], "texture": "#4"},
				"down": {"uv": [6, 8.5, 5.5, 9], "texture": "#4"}
			}
		},
		{
			"from": [5, 12, 7],
			"to": [6, 13, 8],
			"rotation": {"angle": 0, "axis": "y", "origin": [18, 15, 15]},
			"faces": {
				"north": {"uv": [8.5, 5.5, 9, 6], "texture": "#4"},
				"east": {"uv": [6, 8.5, 6.5, 9], "texture": "#4"},
				"south": {"uv": [8.5, 6, 9, 6.5], "texture": "#4"},
				"west": {"uv": [6.5, 8.5, 7, 9], "texture": "#4"},
				"up": {"uv": [9, 7, 8.5, 6.5], "texture": "#4"},
				"down": {"uv": [7.5, 8.5, 7, 9], "texture": "#4"}
			}
		},
		{
			"from": [3, 10, 7],
			"to": [4, 11, 8],
			"rotation": {"angle": 0, "axis": "y", "origin": [18, 15, 15]},
			"faces": {
				"north": {"uv": [8.5, 7, 9, 7.5], "texture": "#4"},
				"east": {"uv": [7.5, 8.5, 8, 9], "texture": "#4"},
				"south": {"uv": [8.5, 7.5, 9, 8], "texture": "#4"},
				"west": {"uv": [8, 8.5, 8.5, 9], "texture": "#4"},
				"up": {"uv": [9, 8.5, 8.5, 8], "texture": "#4"},
				"down": {"uv": [9, 8.5, 8.5, 9], "texture": "#4"}
			}
		},
		{
			"from": [2, 14, 7],
			"to": [3, 15, 8],
			"rotation": {"angle": 0, "axis": "y", "origin": [18, 15, 15]},
			"faces": {
				"north": {"uv": [0, 9, 0.5, 9.5], "texture": "#4"},
				"east": {"uv": [9, 0, 9.5, 0.5], "texture": "#4"},
				"south": {"uv": [0.5, 9, 1, 9.5], "texture": "#4"},
				"west": {"uv": [9, 0.5, 9.5, 1], "texture": "#4"},
				"up": {"uv": [1.5, 9.5, 1, 9], "texture": "#4"},
				"down": {"uv": [9.5, 1, 9, 1.5], "texture": "#4"}
			}
		},
		{
			"from": [1, 13, 7],
			"to": [2, 14, 8],
			"rotation": {"angle": 0, "axis": "y", "origin": [18, 15, 15]},
			"faces": {
				"north": {"uv": [1.5, 9, 2, 9.5], "texture": "#4"},
				"east": {"uv": [9, 1.5, 9.5, 2], "texture": "#4"},
				"south": {"uv": [2, 9, 2.5, 9.5], "texture": "#4"},
				"west": {"uv": [9, 2, 9.5, 2.5], "texture": "#4"},
				"up": {"uv": [3, 9.5, 2.5, 9], "texture": "#4"},
				"down": {"uv": [9.5, 2.5, 9, 3], "texture": "#4"}
			}
		},
		{
			"from": [0, 14, 7],
			"to": [1, 15, 8],
			"rotation": {"angle": 0, "axis": "y", "origin": [18, 15, 15]},
			"faces": {
				"north": {"uv": [3, 9, 3.5, 9.5], "texture": "#4"},
				"east": {"uv": [9, 3, 9.5, 3.5], "texture": "#4"},
				"south": {"uv": [3.5, 9, 4, 9.5], "texture": "#4"},
				"west": {"uv": [9, 3.5, 9.5, 4], "texture": "#4"},
				"up": {"uv": [4.5, 9.5, 4, 9], "texture": "#4"},
				"down": {"uv": [9.5, 4, 9, 4.5], "texture": "#4"}
			}
		},
		{
			"from": [0, 15, 7],
			"to": [1, 16, 8],
			"rotation": {"angle": 0, "axis": "y", "origin": [9, 22, 15]},
			"faces": {
				"north": {"uv": [4.5, 9, 5, 9.5], "texture": "#4"},
				"east": {"uv": [9, 4.5, 9.5, 5], "texture": "#4"},
				"south": {"uv": [5, 9, 5.5, 9.5], "texture": "#4"},
				"west": {"uv": [9, 5, 9.5, 5.5], "texture": "#4"},
				"up": {"uv": [6, 9.5, 5.5, 9], "texture": "#4"},
				"down": {"uv": [9.5, 5.5, 9, 6], "texture": "#4"}
			}
		},
		{
			"from": [1, 15, 7],
			"to": [2, 16, 8],
			"rotation": {"angle": 0, "axis": "y", "origin": [18, 15, 15]},
			"faces": {
				"north": {"uv": [6, 9, 6.5, 9.5], "texture": "#4"},
				"east": {"uv": [9, 6, 9.5, 6.5], "texture": "#4"},
				"south": {"uv": [6.5, 9, 7, 9.5], "texture": "#4"},
				"west": {"uv": [9, 6.5, 9.5, 7], "texture": "#4"},
				"up": {"uv": [7.5, 9.5, 7, 9], "texture": "#4"},
				"down": {"uv": [9.5, 7, 9, 7.5], "texture": "#4"}
			}
		},
		{
			"from": [10, 4, 7],
			"to": [11, 5, 8],
			"rotation": {"angle": 0, "axis": "y", "origin": [17, 12, 15]},
			"faces": {
				"north": {"uv": [7.5, 9, 8, 9.5], "texture": "#4"},
				"east": {"uv": [9, 7.5, 9.5, 8], "texture": "#4"},
				"south": {"uv": [8, 9, 8.5, 9.5], "texture": "#4"},
				"west": {"uv": [9, 8, 9.5, 8.5], "texture": "#4"},
				"up": {"uv": [9, 9.5, 8.5, 9], "texture": "#4"},
				"down": {"uv": [9.5, 8.5, 9, 9], "texture": "#4"}
			}
		},
		{
			"from": [9, 3, 7],
			"to": [10, 4, 8],
			"rotation": {"angle": 0, "axis": "y", "origin": [16, 11, 15]},
			"faces": {
				"north": {"uv": [9, 9, 9.5, 9.5], "texture": "#4"},
				"east": {"uv": [0, 9.5, 0.5, 10], "texture": "#4"},
				"south": {"uv": [9.5, 0, 10, 0.5], "texture": "#4"},
				"west": {"uv": [0.5, 9.5, 1, 10], "texture": "#4"},
				"up": {"uv": [10, 1, 9.5, 0.5], "texture": "#4"},
				"down": {"uv": [1.5, 9.5, 1, 10], "texture": "#4"}
			}
		},
		{
			"from": [9, 4, 7],
			"to": [10, 5, 8],
			"rotation": {"angle": 0, "axis": "y", "origin": [16, 12, 15]},
			"faces": {
				"north": {"uv": [9.5, 1, 10, 1.5], "texture": "#4"},
				"east": {"uv": [1.5, 9.5, 2, 10], "texture": "#4"},
				"south": {"uv": [9.5, 1.5, 10, 2], "texture": "#4"},
				"west": {"uv": [2, 9.5, 2.5, 10], "texture": "#4"},
				"up": {"uv": [10, 2.5, 9.5, 2], "texture": "#4"},
				"down": {"uv": [3, 9.5, 2.5, 10], "texture": "#4"}
			}
		},
		{
			"from": [8, 2, 7],
			"to": [9, 3, 8],
			"rotation": {"angle": 0, "axis": "y", "origin": [15, 10, 15]},
			"faces": {
				"north": {"uv": [9.5, 2.5, 10, 3], "texture": "#4"},
				"east": {"uv": [3, 9.5, 3.5, 10], "texture": "#4"},
				"south": {"uv": [9.5, 3, 10, 3.5], "texture": "#4"},
				"west": {"uv": [3.5, 9.5, 4, 10], "texture": "#4"},
				"up": {"uv": [10, 4, 9.5, 3.5], "texture": "#4"},
				"down": {"uv": [4.5, 9.5, 4, 10], "texture": "#4"}
			}
		},
		{
			"from": [7, 2, 7],
			"to": [8, 3, 8],
			"rotation": {"angle": 0, "axis": "y", "origin": [14, 10, 15]},
			"faces": {
				"north": {"uv": [9.5, 4, 10, 4.5], "texture": "#4"},
				"east": {"uv": [4.5, 9.5, 5, 10], "texture": "#4"},
				"south": {"uv": [9.5, 4.5, 10, 5], "texture": "#4"},
				"west": {"uv": [5, 9.5, 5.5, 10], "texture": "#4"},
				"up": {"uv": [10, 5.5, 9.5, 5], "texture": "#4"},
				"down": {"uv": [6, 9.5, 5.5, 10], "texture": "#4"}
			}
		},
		{
			"from": [7, 1, 7],
			"to": [8, 2, 8],
			"rotation": {"angle": 0, "axis": "y", "origin": [14, 10, 15]},
			"faces": {
				"north": {"uv": [9.5, 4, 10, 4.5], "texture": "#4"},
				"east": {"uv": [4.5, 9.5, 5, 10], "texture": "#4"},
				"south": {"uv": [9.5, 4.5, 10, 5], "texture": "#4"},
				"west": {"uv": [5, 9.5, 5.5, 10], "texture": "#4"},
				"up": {"uv": [10, 5.5, 9.5, 5], "texture": "#4"},
				"down": {"uv": [6, 9.5, 5.5, 10], "texture": "#4"}
			}
		},
		{
			"from": [6, 2, 7],
			"to": [7, 3, 8],
			"rotation": {"angle": 0, "axis": "y", "origin": [14, 10, 15]},
			"faces": {
				"north": {"uv": [9.5, 5.5, 10, 6], "texture": "#4"},
				"east": {"uv": [6, 9.5, 6.5, 10], "texture": "#4"},
				"south": {"uv": [9.5, 6, 10, 6.5], "texture": "#4"},
				"west": {"uv": [6.5, 9.5, 7, 10], "texture": "#4"},
				"up": {"uv": [10, 7, 9.5, 6.5], "texture": "#4"},
				"down": {"uv": [7.5, 9.5, 7, 10], "texture": "#4"}
			}
		},
		{
			"from": [6, 3, 7],
			"to": [7, 4, 8],
			"rotation": {"angle": 0, "axis": "y", "origin": [14, 10, 15]},
			"faces": {
				"north": {"uv": [9.5, 7, 10, 7.5], "texture": "#4"},
				"east": {"uv": [7.5, 9.5, 8, 10], "texture": "#4"},
				"south": {"uv": [9.5, 7.5, 10, 8], "texture": "#4"},
				"west": {"uv": [8, 9.5, 8.5, 10], "texture": "#4"},
				"up": {"uv": [10, 8.5, 9.5, 8], "texture": "#4"},
				"down": {"uv": [9, 9.5, 8.5, 10], "texture": "#4"}
			}
		},
		{
			"from": [5, 3, 7],
			"to": [6, 4, 8],
			"rotation": {"angle": 0, "axis": "y", "origin": [14, 10, 15]},
			"faces": {
				"north": {"uv": [9.5, 8.5, 10, 9], "texture": "#4"},
				"east": {"uv": [9, 9.5, 9.5, 10], "texture": "#4"},
				"south": {"uv": [9.5, 9, 10, 9.5], "texture": "#4"},
				"west": {"uv": [9.5, 9.5, 10, 10], "texture": "#4"},
				"up": {"uv": [0.5, 10.5, 0, 10], "texture": "#4"},
				"down": {"uv": [10.5, 0, 10, 0.5], "texture": "#4"}
			}
		},
		{
			"from": [8, 3, 7],
			"to": [9, 4, 8],
			"rotation": {"angle": 0, "axis": "y", "origin": [15, 11, 15]},
			"faces": {
				"north": {"uv": [0.5, 10, 1, 10.5], "texture": "#4"},
				"east": {"uv": [10, 0.5, 10.5, 1], "texture": "#4"},
				"south": {"uv": [1, 10, 1.5, 10.5], "texture": "#4"},
				"west": {"uv": [10, 1, 10.5, 1.5], "texture": "#4"},
				"up": {"uv": [2, 10.5, 1.5, 10], "texture": "#4"},
				"down": {"uv": [10.5, 1.5, 10, 2], "texture": "#4"}
			}
		},
		{
			"from": [10, 5, 7],
			"to": [11, 6, 8],
			"rotation": {"angle": 0, "axis": "y", "origin": [17, 13, 15]},
			"faces": {
				"north": {"uv": [2, 10, 2.5, 10.5], "texture": "#4"},
				"east": {"uv": [10, 2, 10.5, 2.5], "texture": "#4"},
				"south": {"uv": [2.5, 10, 3, 10.5], "texture": "#4"},
				"west": {"uv": [10, 2.5, 10.5, 3], "texture": "#4"},
				"up": {"uv": [3.5, 10.5, 3, 10], "texture": "#4"},
				"down": {"uv": [10.5, 3, 10, 3.5], "texture": "#4"}
			}
		},
		{
			"from": [11, 6, 7],
			"to": [12, 7, 8],
			"rotation": {"angle": 0, "axis": "y", "origin": [18, 14, 15]},
			"faces": {
				"north": {"uv": [3.5, 10, 4, 10.5], "texture": "#4"},
				"east": {"uv": [10, 3.5, 10.5, 4], "texture": "#4"},
				"south": {"uv": [4, 10, 4.5, 10.5], "texture": "#4"},
				"west": {"uv": [10, 4, 10.5, 4.5], "texture": "#4"},
				"up": {"uv": [5, 10.5, 4.5, 10], "texture": "#4"},
				"down": {"uv": [10.5, 4.5, 10, 5], "texture": "#4"}
			}
		},
		{
			"from": [11, 5, 7],
			"to": [12, 6, 8],
			"rotation": {"angle": 0, "axis": "y", "origin": [18, 13, 15]},
			"faces": {
				"north": {"uv": [5, 10, 5.5, 10.5], "texture": "#4"},
				"east": {"uv": [10, 5, 10.5, 5.5], "texture": "#4"},
				"south": {"uv": [5.5, 10, 6, 10.5], "texture": "#4"},
				"west": {"uv": [10, 5.5, 10.5, 6], "texture": "#4"},
				"up": {"uv": [6.5, 10.5, 6, 10], "texture": "#4"},
				"down": {"uv": [10.5, 6, 10, 6.5], "texture": "#4"}
			}
		},
		{
			"from": [12, 6, 7],
			"to": [13, 7, 8],
			"rotation": {"angle": 0, "axis": "y", "origin": [19, 14, 15]},
			"faces": {
				"north": {"uv": [6.5, 10, 7, 10.5], "texture": "#4"},
				"east": {"uv": [10, 6.5, 10.5, 7], "texture": "#4"},
				"south": {"uv": [7, 10, 7.5, 10.5], "texture": "#4"},
				"west": {"uv": [10, 7, 10.5, 7.5], "texture": "#4"},
				"up": {"uv": [8, 10.5, 7.5, 10], "texture": "#4"},
				"down": {"uv": [10.5, 7.5, 10, 8], "texture": "#4"}
			}
		},
		{
			"from": [12, 7, 7],
			"to": [13, 8, 8],
			"rotation": {"angle": 0, "axis": "y", "origin": [19, 15, 15]},
			"faces": {
				"north": {"uv": [8, 10, 8.5, 10.5], "texture": "#4"},
				"east": {"uv": [10, 8, 10.5, 8.5], "texture": "#4"},
				"south": {"uv": [8.5, 10, 9, 10.5], "texture": "#4"},
				"west": {"uv": [10, 8.5, 10.5, 9], "texture": "#4"},
				"up": {"uv": [9.5, 10.5, 9, 10], "texture": "#4"},
				"down": {"uv": [10.5, 9, 10, 9.5], "texture": "#4"}
			}
		},
		{
			"from": [13, 7, 7],
			"to": [14, 8, 8],
			"rotation": {"angle": 0, "axis": "y", "origin": [20, 15, 15]},
			"faces": {
				"north": {"uv": [9.5, 10, 10, 10.5], "texture": "#4"},
				"east": {"uv": [10, 9.5, 10.5, 10], "texture": "#4"},
				"south": {"uv": [10, 10, 10.5, 10.5], "texture": "#4"},
				"west": {"uv": [0, 10.5, 0.5, 11], "texture": "#4"},
				"up": {"uv": [11, 0.5, 10.5, 0], "texture": "#4"},
				"down": {"uv": [1, 10.5, 0.5, 11], "texture": "#4"}
			}
		},
		{
			"from": [13, 8, 7],
			"to": [14, 9, 8],
			"rotation": {"angle": 0, "axis": "y", "origin": [20, 16, 15]},
			"faces": {
				"north": {"uv": [10.5, 0.5, 11, 1], "texture": "#4"},
				"east": {"uv": [1, 10.5, 1.5, 11], "texture": "#4"},
				"south": {"uv": [10.5, 1, 11, 1.5], "texture": "#4"},
				"west": {"uv": [1.5, 10.5, 2, 11], "texture": "#4"},
				"up": {"uv": [11, 2, 10.5, 1.5], "texture": "#4"},
				"down": {"uv": [2.5, 10.5, 2, 11], "texture": "#4"}
			}
		},
		{
			"from": [14, 8, 7],
			"to": [15, 9, 8],
			"rotation": {"angle": 0, "axis": "y", "origin": [20, 16, 15]},
			"faces": {
				"north": {"uv": [10.5, 0.5, 11, 1], "texture": "#4"},
				"east": {"uv": [1, 10.5, 1.5, 11], "texture": "#4"},
				"south": {"uv": [10.5, 1, 11, 1.5], "texture": "#4"},
				"west": {"uv": [1.5, 10.5, 2, 11], "texture": "#4"},
				"up": {"uv": [11, 2, 10.5, 1.5], "texture": "#4"},
				"down": {"uv": [2.5, 10.5, 2, 11], "texture": "#4"}
			}
		},
		{
			"from": [13, 9, 7],
			"to": [14, 10, 8],
			"rotation": {"angle": 0, "axis": "y", "origin": [20, 16, 15]},
			"faces": {
				"north": {"uv": [10.5, 2, 11, 2.5], "texture": "#4"},
				"east": {"uv": [2.5, 10.5, 3, 11], "texture": "#4"},
				"south": {"uv": [10.5, 2.5, 11, 3], "texture": "#4"},
				"west": {"uv": [3, 10.5, 3.5, 11], "texture": "#4"},
				"up": {"uv": [11, 3.5, 10.5, 3], "texture": "#4"},
				"down": {"uv": [4, 10.5, 3.5, 11], "texture": "#4"}
			}
		},
		{
			"from": [12, 9, 7],
			"to": [13, 10, 8],
			"rotation": {"angle": 0, "axis": "y", "origin": [20, 16, 15]},
			"faces": {
				"north": {"uv": [10.5, 3.5, 11, 4], "texture": "#4"},
				"east": {"uv": [4, 10.5, 4.5, 11], "texture": "#4"},
				"south": {"uv": [10.5, 4, 11, 4.5], "texture": "#4"},
				"west": {"uv": [4.5, 10.5, 5, 11], "texture": "#4"},
				"up": {"uv": [11, 5, 10.5, 4.5], "texture": "#4"},
				"down": {"uv": [5.5, 10.5, 5, 11], "texture": "#4"}
			}
		},
		{
			"from": [12, 10, 7],
			"to": [13, 11, 8],
			"rotation": {"angle": 0, "axis": "y", "origin": [20, 16, 15]},
			"faces": {
				"north": {"uv": [10.5, 5, 11, 5.5], "texture": "#4"},
				"east": {"uv": [5.5, 10.5, 6, 11], "texture": "#4"},
				"south": {"uv": [10.5, 5.5, 11, 6], "texture": "#4"},
				"west": {"uv": [6, 10.5, 6.5, 11], "texture": "#4"},
				"up": {"uv": [11, 6.5, 10.5, 6], "texture": "#4"},
				"down": {"uv": [7, 10.5, 6.5, 11], "texture": "#4"}
			}
		},
		{
			"from": [15, 0, 7],
			"to": [16, 1, 8],
			"rotation": {"angle": 0, "axis": "y", "origin": [22, 8, 15]},
			"faces": {
				"north": {"uv": [10.5, 6.5, 11, 7], "texture": "#4"},
				"east": {"uv": [7, 10.5, 7.5, 11], "texture": "#4"},
				"south": {"uv": [10.5, 7, 11, 7.5], "texture": "#4"},
				"west": {"uv": [7.5, 10.5, 8, 11], "texture": "#4"},
				"up": {"uv": [11, 8, 10.5, 7.5], "texture": "#4"},
				"down": {"uv": [8.5, 10.5, 8, 11], "texture": "#4"}
			}
		},
		{
			"from": [15, 1, 7],
			"to": [16, 2, 8],
			"rotation": {"angle": 0, "axis": "y", "origin": [22, 9, 15]},
			"faces": {
				"north": {"uv": [10.5, 8, 11, 8.5], "texture": "#4"},
				"east": {"uv": [8.5, 10.5, 9, 11], "texture": "#4"},
				"south": {"uv": [10.5, 8.5, 11, 9], "texture": "#4"},
				"west": {"uv": [9, 10.5, 9.5, 11], "texture": "#4"},
				"up": {"uv": [11, 9.5, 10.5, 9], "texture": "#4"},
				"down": {"uv": [10, 10.5, 9.5, 11], "texture": "#4"}
			}
		},
		{
			"from": [14, 2, 7],
			"to": [15, 3, 8],
			"rotation": {"angle": 0, "axis": "y", "origin": [21, 10, 15]},
			"faces": {
				"north": {"uv": [10.5, 9.5, 11, 10], "texture": "#4"},
				"east": {"uv": [10, 10.5, 10.5, 11], "texture": "#4"},
				"south": {"uv": [10.5, 10, 11, 10.5], "texture": "#4"},
				"west": {"uv": [10.5, 10.5, 11, 11], "texture": "#4"},
				"up": {"uv": [0.5, 11.5, 0, 11], "texture": "#4"},
				"down": {"uv": [11.5, 0, 11, 0.5], "texture": "#4"}
			}
		},
		{
			"from": [14, 0, 7],
			"to": [15, 1, 8],
			"rotation": {"angle": 0, "axis": "y", "origin": [21, 8, 15]},
			"faces": {
				"north": {"uv": [0.5, 11, 1, 11.5], "texture": "#4"},
				"east": {"uv": [11, 0.5, 11.5, 1], "texture": "#4"},
				"south": {"uv": [1, 11, 1.5, 11.5], "texture": "#4"},
				"west": {"uv": [11, 1, 11.5, 1.5], "texture": "#4"},
				"up": {"uv": [2, 11.5, 1.5, 11], "texture": "#4"},
				"down": {"uv": [11.5, 1.5, 11, 2], "texture": "#4"}
			}
		},
		{
			"from": [13, 1, 7],
			"to": [14, 2, 8],
			"rotation": {"angle": 0, "axis": "y", "origin": [20, 9, 15]},
			"faces": {
				"north": {"uv": [2, 11, 2.5, 11.5], "texture": "#4"},
				"east": {"uv": [11, 2, 11.5, 2.5], "texture": "#4"},
				"south": {"uv": [2.5, 11, 3, 11.5], "texture": "#4"},
				"west": {"uv": [11, 2.5, 11.5, 3], "texture": "#4"},
				"up": {"uv": [3.5, 11.5, 3, 11], "texture": "#4"},
				"down": {"uv": [11.5, 3, 11, 3.5], "texture": "#4"}
			}
		},
		{
			"from": [13, 0, 7],
			"to": [14, 1, 8],
			"rotation": {"angle": 0, "axis": "y", "origin": [20, 8, 15]},
			"faces": {
				"north": {"uv": [3.5, 11, 4, 11.5], "texture": "#4"},
				"east": {"uv": [11, 3.5, 11.5, 4], "texture": "#4"},
				"south": {"uv": [4, 11, 4.5, 11.5], "texture": "#4"},
				"west": {"uv": [11, 4, 11.5, 4.5], "texture": "#4"},
				"up": {"uv": [5, 11.5, 4.5, 11], "texture": "#4"},
				"down": {"uv": [11.5, 4.5, 11, 5], "texture": "#4"}
			}
		},
		{
			"from": [13, 2, 7],
			"to": [14, 3, 8],
			"rotation": {"angle": 0, "axis": "y", "origin": [20, 10, 15]},
			"faces": {
				"north": {"uv": [5, 11, 5.5, 11.5], "texture": "#4"},
				"east": {"uv": [11, 5, 11.5, 5.5], "texture": "#4"},
				"south": {"uv": [5.5, 11, 6, 11.5], "texture": "#4"},
				"west": {"uv": [11, 5.5, 11.5, 6], "texture": "#4"},
				"up": {"uv": [6.5, 11.5, 6, 11], "texture": "#4"},
				"down": {"uv": [11.5, 6, 11, 6.5], "texture": "#4"}
			}
		},
		{
			"from": [15, 2, 7],
			"to": [16, 3, 8],
			"rotation": {"angle": 0, "axis": "y", "origin": [22, 10, 15]},
			"faces": {
				"north": {"uv": [6.5, 11, 7, 11.5], "texture": "#4"},
				"east": {"uv": [11, 6.5, 11.5, 7], "texture": "#4"},
				"south": {"uv": [7, 11, 7.5, 11.5], "texture": "#4"},
				"west": {"uv": [11, 7, 11.5, 7.5], "texture": "#4"},
				"up": {"uv": [8, 11.5, 7.5, 11], "texture": "#4"},
				"down": {"uv": [11.5, 7.5, 11, 8], "texture": "#4"}
			}
		},
		{
			"from": [12, 3, 7],
			"to": [13, 4, 8],
			"rotation": {"angle": 0, "axis": "y", "origin": [19, 11, 15]},
			"faces": {
				"north": {"uv": [8, 11, 8.5, 11.5], "texture": "#4"},
				"east": {"uv": [11, 8, 11.5, 8.5], "texture": "#4"},
				"south": {"uv": [8.5, 11, 9, 11.5], "texture": "#4"},
				"west": {"uv": [11, 8.5, 11.5, 9], "texture": "#4"},
				"up": {"uv": [9.5, 11.5, 9, 11], "texture": "#4"},
				"down": {"uv": [11.5, 9, 11, 9.5], "texture": "#4"}
			}
		},
		{
			"from": [11, 3, 7],
			"to": [12, 4, 8],
			"rotation": {"angle": 0, "axis": "y", "origin": [18, 11, 15]},
			"faces": {
				"north": {"uv": [9.5, 11, 10, 11.5], "texture": "#4"},
				"east": {"uv": [11, 9.5, 11.5, 10], "texture": "#4"},
				"south": {"uv": [10, 11, 10.5, 11.5], "texture": "#4"},
				"west": {"uv": [11, 10, 11.5, 10.5], "texture": "#4"},
				"up": {"uv": [11, 11.5, 10.5, 11], "texture": "#4"},
				"down": {"uv": [11.5, 10.5, 11, 11], "texture": "#4"}
			}
		},
		{
			"from": [12, 4, 7],
			"to": [13, 5, 8],
			"rotation": {"angle": 0, "axis": "y", "origin": [19, 12, 15]},
			"faces": {
				"north": {"uv": [11, 11, 11.5, 11.5], "texture": "#4"},
				"east": {"uv": [0, 11.5, 0.5, 12], "texture": "#4"},
				"south": {"uv": [11.5, 0, 12, 0.5], "texture": "#4"},
				"west": {"uv": [0.5, 11.5, 1, 12], "texture": "#4"},
				"up": {"uv": [12, 1, 11.5, 0.5], "texture": "#4"},
				"down": {"uv": [1.5, 11.5, 1, 12], "texture": "#4"}
			}
		},
		{
			"from": [13, 3, 7],
			"to": [14, 4, 8],
			"rotation": {"angle": 0, "axis": "y", "origin": [20, 11, 15]},
			"faces": {
				"north": {"uv": [11.5, 1, 12, 1.5], "texture": "#4"},
				"east": {"uv": [1.5, 11.5, 2, 12], "texture": "#4"},
				"south": {"uv": [11.5, 1.5, 12, 2], "texture": "#4"},
				"west": {"uv": [2, 11.5, 2.5, 12], "texture": "#4"},
				"up": {"uv": [12, 2.5, 11.5, 2], "texture": "#4"},
				"down": {"uv": [3, 11.5, 2.5, 12], "texture": "#4"}
			}
		},
		{
			"from": [12, 2, 7],
			"to": [13, 3, 8],
			"rotation": {"angle": 0, "axis": "y", "origin": [19, 10, 15]},
			"faces": {
				"north": {"uv": [11.5, 2.5, 12, 3], "texture": "#4"},
				"east": {"uv": [3, 11.5, 3.5, 12], "texture": "#4"},
				"south": {"uv": [11.5, 3, 12, 3.5], "texture": "#4"},
				"west": {"uv": [3.5, 11.5, 4, 12], "texture": "#4"},
				"up": {"uv": [12, 4, 11.5, 3.5], "texture": "#4"},
				"down": {"uv": [4.5, 11.5, 4, 12], "texture": "#4"}
			}
		},
		{
			"from": [11, 4, 7],
			"to": [12, 5, 8],
			"rotation": {"angle": 0, "axis": "y", "origin": [18, 12, 15]},
			"faces": {
				"north": {"uv": [11.5, 4, 12, 4.5], "texture": "#4"},
				"east": {"uv": [4.5, 11.5, 5, 12], "texture": "#4"},
				"south": {"uv": [11.5, 4.5, 12, 5], "texture": "#4"},
				"west": {"uv": [5, 11.5, 5.5, 12], "texture": "#4"},
				"up": {"uv": [12, 5.5, 11.5, 5], "texture": "#4"},
				"down": {"uv": [6, 11.5, 5.5, 12], "texture": "#4"}
			}
		}
	],
	"display": {
		"thirdperson_righthand": {
			"rotation": [0, -90, -52],
			"translation": [-0.25, 5.5, 2.25],
			"scale": [1.25, 1.25, 1]
		},
		"thirdperson_lefthand": {
			"rotation": [0, 90, 52],
			"translation": [1, 5.5, 2.25]
		},
		"firstperson_righthand": {
			"rotation": [69, -93, 6],
			"translation": [0.5, 2.25, 0],
			"scale": [1, 1, 0.75]
		},
		"firstperson_lefthand": {
			"rotation": [69, 93, 0],
			"translation": [0.5, 2.25, 0],
			"scale": [1, 1, 0.75]
		},
		"ground": {
			"translation": [0, 4.5, 0],
			"scale": [0.5, 0.5, 0.5]
		},
		"gui": {
			"rotation": [-30, -180, 0],
			"translation": [0, -0.75, 0],
			"scale": [0.95, 1, 1]
		},
		"fixed": {
			"translation": [0, 0, 1]
		}
	},
	"groups": [
		{
			"name": "group",
			"origin": [8, 8, 8],
			"color": 0,
			"children": [
				{
					"name": "Base",
					"origin": [8, 8, 8],
					"color": 0,
					"children": [
						0,
						1,
						2,
						3,
						4,
						5,
						6,
						7,
						8,
						9,
						10,
						11,
						12,
						13,
						14,
						15,
						16,
						17,
						18,
						19,
						20,
						21,
						22,
						23,
						24,
						25,
						26,
						27,
						28,
						29,
						30,
						31,
						32,
						33,
						34,
						35,
						36,
						37,
						38,
						39,
						40,
						41,
						42,
						43,
						44,
						45,
						46,
						47,
						48,
						49,
						50,
						51,
						52,
						53,
						54,
						55,
						56,
						57,
						58
					]
				},
				{
					"name": "Blade",
					"origin": [8, 8, 8],
					"color": 0,
					"children": [
						{
							"name": "Shaft",
							"origin": [17, 12, 15],
							"color": 0,
							"children": [59, 60, 61, 62, 63, 64, 65, 66, 67, 68, 69, 70, 71, 72, 73, 74, 75, 76, 77, 78, 79]
						},
						{
							"name": "Handle",
							"origin": [8, 8, 8],
							"color": 0,
							"children": [80, 81, 82, 83, 84, 85, 86, 87, 88, 89, 90, 91, 92, 93]
						}
					]
				}
			]
		}
	]
}