{
	"credit": "Made with Blockbench",
	"textures": {
		"0": "custom/essence_container",
		"1": "custom/chaos",
		"particle": "custom/essence_container"
	},
	"elements": [
		{
			"from": [5, 0, 7],
			"to": [6, 1, 8],
			"rotation": {"angle": 0, "axis": "y", "origin": [13, 8, 15]},
			"faces": {
				"north": {"uv": [0, 0, 1, 1], "texture": "#0"},
				"east": {"uv": [0, 0, 1, 1], "texture": "#0"},
				"south": {"uv": [0, 0, 1, 1], "texture": "#0"},
				"west": {"uv": [0, 0, 1, 1], "texture": "#0"},
				"up": {"uv": [0, 0, 1, 1], "texture": "#0"},
				"down": {"uv": [0, 0, 1, 1], "texture": "#0"}
			}
		},
		{
			"from": [6, 0, 7],
			"to": [7, 1, 8],
			"rotation": {"angle": 0, "axis": "y", "origin": [14, 8, 15]},
			"faces": {
				"north": {"uv": [0, 0, 1, 1], "texture": "#0"},
				"east": {"uv": [0, 0, 1, 1], "texture": "#0"},
				"south": {"uv": [0, 0, 1, 1], "texture": "#0"},
				"west": {"uv": [0, 0, 1, 1], "texture": "#0"},
				"up": {"uv": [0, 0, 1, 1], "texture": "#0"},
				"down": {"uv": [0, 0, 1, 1], "texture": "#0"}
			}
		},
		{
			"from": [7, 0, 7],
			"to": [8, 1, 8],
			"rotation": {"angle": 0, "axis": "y", "origin": [15, 8, 15]},
			"faces": {
				"north": {"uv": [0, 0, 1, 1], "texture": "#0"},
				"east": {"uv": [0, 0, 1, 1], "texture": "#0"},
				"south": {"uv": [0, 0, 1, 1], "texture": "#0"},
				"west": {"uv": [0, 0, 1, 1], "texture": "#0"},
				"up": {"uv": [0, 0, 1, 1], "texture": "#0"},
				"down": {"uv": [0, 0, 1, 1], "texture": "#0"}
			}
		},
		{
			"from": [8, 1, 7],
			"to": [9, 2, 8],
			"rotation": {"angle": 0, "axis": "y", "origin": [16, 9, 15]},
			"faces": {
				"north": {"uv": [0, 0, 1, 1], "texture": "#0"},
				"east": {"uv": [0, 0, 1, 1], "texture": "#0"},
				"south": {"uv": [0, 0, 1, 1], "texture": "#0"},
				"west": {"uv": [0, 0, 1, 1], "texture": "#0"},
				"up": {"uv": [0, 0, 1, 1], "texture": "#0"},
				"down": {"uv": [0, 0, 1, 1], "texture": "#0"}
			}
		},
		{
			"from": [9, 2, 7],
			"to": [10, 3, 8],
			"rotation": {"angle": 0, "axis": "y", "origin": [17, 10, 15]},
			"faces": {
				"north": {"uv": [0, 0, 1, 1], "texture": "#0"},
				"east": {"uv": [0, 0, 1, 1], "texture": "#0"},
				"south": {"uv": [0, 0, 1, 1], "texture": "#0"},
				"west": {"uv": [0, 0, 1, 1], "texture": "#0"},
				"up": {"uv": [0, 0, 1, 1], "texture": "#0"},
				"down": {"uv": [0, 0, 1, 1], "texture": "#0"}
			}
		},
		{
			"from": [10, 3, 7],
			"to": [11, 4, 8],
			"rotation": {"angle": 0, "axis": "y", "origin": [18, 11, 15]},
			"faces": {
				"north": {"uv": [0, 0, 1, 1], "texture": "#0"},
				"east": {"uv": [0, 0, 1, 1], "texture": "#0"},
				"south": {"uv": [0, 0, 1, 1], "texture": "#0"},
				"west": {"uv": [0, 0, 1, 1], "texture": "#0"},
				"up": {"uv": [0, 0, 1, 1], "texture": "#0"},
				"down": {"uv": [0, 0, 1, 1], "texture": "#0"}
			}
		},
		{
			"from": [11, 4, 7],
			"to": [12, 5, 8],
			"rotation": {"angle": 0, "axis": "y", "origin": [19, 12, 15]},
			"faces": {
				"north": {"uv": [0, 0, 1, 1], "texture": "#0"},
				"east": {"uv": [0, 0, 1, 1], "texture": "#0"},
				"south": {"uv": [0, 0, 1, 1], "texture": "#0"},
				"west": {"uv": [0, 0, 1, 1], "texture": "#0"},
				"up": {"uv": [0, 0, 1, 1], "texture": "#0"},
				"down": {"uv": [0, 0, 1, 1], "texture": "#0"}
			}
		},
		{
			"from": [11, 5, 7],
			"to": [12, 6, 8],
			"rotation": {"angle": 0, "axis": "y", "origin": [19, 13, 15]},
			"faces": {
				"north": {"uv": [0, 0, 1, 1], "texture": "#0"},
				"east": {"uv": [0, 0, 1, 1], "texture": "#0"},
				"south": {"uv": [0, 0, 1, 1], "texture": "#0"},
				"west": {"uv": [0, 0, 1, 1], "texture": "#0"},
				"up": {"uv": [0, 0, 1, 1], "texture": "#0"},
				"down": {"uv": [0, 0, 1, 1], "texture": "#0"}
			}
		},
		{
			"from": [5, 1, 7],
			"to": [6, 2, 8],
			"rotation": {"angle": 0, "axis": "y", "origin": [13, 9, 15]},
			"faces": {
				"north": {"uv": [0, 0, 1, 1], "texture": "#0"},
				"east": {"uv": [0, 0, 1, 1], "texture": "#0"},
				"south": {"uv": [0, 0, 1, 1], "texture": "#0"},
				"west": {"uv": [0, 0, 1, 1], "texture": "#0"},
				"up": {"uv": [0, 0, 1, 1], "texture": "#0"},
				"down": {"uv": [0, 0, 1, 1], "texture": "#0"}
			}
		},
		{
			"from": [5, 2, 7],
			"to": [6, 3, 8],
			"rotation": {"angle": 0, "axis": "y", "origin": [13, 10, 15]},
			"faces": {
				"north": {"uv": [0, 0, 1, 1], "texture": "#0"},
				"east": {"uv": [0, 0, 1, 1], "texture": "#0"},
				"south": {"uv": [0, 0, 1, 1], "texture": "#0"},
				"west": {"uv": [0, 0, 1, 1], "texture": "#0"},
				"up": {"uv": [0, 0, 1, 1], "texture": "#0"},
				"down": {"uv": [0, 0, 1, 1], "texture": "#0"}
			}
		},
		{
			"from": [6, 3, 7],
			"to": [7, 4, 8],
			"rotation": {"angle": 0, "axis": "y", "origin": [14, 11, 15]},
			"faces": {
				"north": {"uv": [0, 0, 1, 1], "texture": "#0"},
				"east": {"uv": [0, 0, 1, 1], "texture": "#0"},
				"south": {"uv": [0, 0, 1, 1], "texture": "#0"},
				"west": {"uv": [0, 0, 1, 1], "texture": "#0"},
				"up": {"uv": [0, 0, 1, 1], "texture": "#0"},
				"down": {"uv": [0, 0, 1, 1], "texture": "#0"}
			}
		},
		{
			"from": [7, 4, 7],
			"to": [8, 5, 8],
			"rotation": {"angle": 0, "axis": "y", "origin": [15, 12, 15]},
			"faces": {
				"north": {"uv": [0, 0, 1, 1], "texture": "#0"},
				"east": {"uv": [0, 0, 1, 1], "texture": "#0"},
				"south": {"uv": [0, 0, 1, 1], "texture": "#0"},
				"west": {"uv": [0, 0, 1, 1], "texture": "#0"},
				"up": {"uv": [0, 0, 1, 1], "texture": "#0"},
				"down": {"uv": [0, 0, 1, 1], "texture": "#0"}
			}
		},
		{
			"from": [8, 5, 7],
			"to": [9, 6, 8],
			"rotation": {"angle": 0, "axis": "y", "origin": [16, 13, 15]},
			"faces": {
				"north": {"uv": [0, 0, 1, 1], "texture": "#0"},
				"east": {"uv": [0, 0, 1, 1], "texture": "#0"},
				"south": {"uv": [0, 0, 1, 1], "texture": "#0"},
				"west": {"uv": [0, 0, 1, 1], "texture": "#0"},
				"up": {"uv": [0, 0, 1, 1], "texture": "#0"},
				"down": {"uv": [0, 0, 1, 1], "texture": "#0"}
			}
		},
		{
			"from": [9, 6, 7],
			"to": [10, 7, 8],
			"rotation": {"angle": 0, "axis": "y", "origin": [17, 14, 15]},
			"faces": {
				"north": {"uv": [0, 0, 1, 1], "texture": "#0"},
				"east": {"uv": [0, 0, 1, 1], "texture": "#0"},
				"south": {"uv": [0, 0, 1, 1], "texture": "#0"},
				"west": {"uv": [0, 0, 1, 1], "texture": "#0"},
				"up": {"uv": [0, 0, 1, 1], "texture": "#0"},
				"down": {"uv": [0, 0, 1, 1], "texture": "#0"}
			}
		},
		{
			"from": [10, 6, 7],
			"to": [11, 7, 8],
			"rotation": {"angle": 0, "axis": "y", "origin": [18, 14, 15]},
			"faces": {
				"north": {"uv": [0, 0, 1, 1], "texture": "#0"},
				"east": {"uv": [0, 0, 1, 1], "texture": "#0"},
				"south": {"uv": [0, 0, 1, 1], "texture": "#0"},
				"west": {"uv": [0, 0, 1, 1], "texture": "#0"},
				"up": {"uv": [0, 0, 1, 1], "texture": "#0"},
				"down": {"uv": [0, 0, 1, 1], "texture": "#0"}
			}
		},
		{
			"from": [11, 6, 7],
			"to": [12, 7, 8],
			"rotation": {"angle": 0, "axis": "y", "origin": [19, 14, 15]},
			"faces": {
				"north": {"uv": [0, 0, 1, 1], "texture": "#0"},
				"east": {"uv": [0, 0, 1, 1], "texture": "#0"},
				"south": {"uv": [0, 0, 1, 1], "texture": "#0"},
				"west": {"uv": [0, 0, 1, 1], "texture": "#0"},
				"up": {"uv": [0, 0, 1, 1], "texture": "#0"},
				"down": {"uv": [0, 0, 1, 1], "texture": "#0"}
			}
		},
		{
			"from": [6, 1, 7],
			"to": [7, 2, 8],
			"rotation": {"angle": 0, "axis": "y", "origin": [14, 9, 15]},
			"faces": {
				"north": {"uv": [0, 0, 1, 1], "texture": "#1"},
				"east": {"uv": [0, 0, 1, 1], "texture": "#1"},
				"south": {"uv": [0, 0, 1, 1], "texture": "#1"},
				"west": {"uv": [0, 0, 1, 1], "texture": "#1"},
				"up": {"uv": [0, 0, 1, 1], "texture": "#1"},
				"down": {"uv": [0, 0, 1, 1], "texture": "#1"}
			}
		},
		{
			"from": [6, 2, 7],
			"to": [7, 3, 8],
			"rotation": {"angle": 0, "axis": "y", "origin": [14, 10, 15]},
			"faces": {
				"north": {"uv": [0, 0, 1, 1], "texture": "#1"},
				"east": {"uv": [0, 0, 1, 1], "texture": "#1"},
				"south": {"uv": [0, 0, 1, 1], "texture": "#1"},
				"west": {"uv": [0, 0, 1, 1], "texture": "#1"},
				"up": {"uv": [0, 0, 1, 1], "texture": "#1"},
				"down": {"uv": [0, 0, 1, 1], "texture": "#1"}
			}
		},
		{
			"from": [7, 3, 7],
			"to": [8, 4, 8],
			"rotation": {"angle": 0, "axis": "y", "origin": [15, 11, 15]},
			"faces": {
				"north": {"uv": [0, 1, 1, 2], "texture": "#1"},
				"east": {"uv": [0, 0, 1, 1], "texture": "#1"},
				"south": {"uv": [0, 1, 1, 2], "texture": "#1"},
				"west": {"uv": [0, 0, 1, 1], "texture": "#1"},
				"up": {"uv": [0, 0, 1, 1], "texture": "#1"},
				"down": {"uv": [0, 0, 1, 1], "texture": "#1"}
			}
		},
		{
			"from": [7, 2, 7],
			"to": [8, 3, 8],
			"rotation": {"angle": 0, "axis": "y", "origin": [15, 10, 15]},
			"faces": {
				"north": {"uv": [0, 1, 1, 2], "texture": "#1"},
				"east": {"uv": [0, 0, 1, 1], "texture": "#1"},
				"south": {"uv": [0, 1, 1, 2], "texture": "#1"},
				"west": {"uv": [0, 0, 1, 1], "texture": "#1"},
				"up": {"uv": [0, 0, 1, 1], "texture": "#1"},
				"down": {"uv": [0, 0, 1, 1], "texture": "#1"}
			}
		},
		{
			"from": [8, 2, 7],
			"to": [9, 3, 8],
			"rotation": {"angle": 0, "axis": "y", "origin": [16, 10, 15]},
			"faces": {
				"north": {"uv": [0, 1, 1, 2], "texture": "#1"},
				"east": {"uv": [0, 0, 1, 1], "texture": "#1"},
				"south": {"uv": [0, 1, 1, 2], "texture": "#1"},
				"west": {"uv": [0, 0, 1, 1], "texture": "#1"},
				"up": {"uv": [0, 0, 1, 1], "texture": "#1"},
				"down": {"uv": [0, 0, 1, 1], "texture": "#1"}
			}
		},
		{
			"from": [8, 3, 7],
			"to": [9, 4, 8],
			"rotation": {"angle": 0, "axis": "y", "origin": [16, 11, 15]},
			"faces": {
				"north": {"uv": [2, 0, 3, 1], "texture": "#1"},
				"east": {"uv": [0, 0, 1, 1], "texture": "#1"},
				"south": {"uv": [2, 0, 3, 1], "texture": "#1"},
				"west": {"uv": [0, 0, 1, 1], "texture": "#1"},
				"up": {"uv": [0, 0, 1, 1], "texture": "#1"},
				"down": {"uv": [0, 0, 1, 1], "texture": "#1"}
			}
		},
		{
			"from": [8, 4, 7],
			"to": [9, 5, 8],
			"rotation": {"angle": 0, "axis": "y", "origin": [16, 12, 15]},
			"faces": {
				"north": {"uv": [1, 1, 2, 2], "texture": "#1"},
				"east": {"uv": [0, 0, 1, 1], "texture": "#1"},
				"south": {"uv": [1, 1, 2, 2], "texture": "#1"},
				"west": {"uv": [0, 0, 1, 1], "texture": "#1"},
				"up": {"uv": [0, 0, 1, 1], "texture": "#1"},
				"down": {"uv": [0, 0, 1, 1], "texture": "#1"}
			}
		},
		{
			"from": [9, 4, 7],
			"to": [10, 5, 8],
			"rotation": {"angle": 0, "axis": "y", "origin": [17, 12, 15]},
			"faces": {
				"north": {"uv": [1, 1, 2, 2], "texture": "#1"},
				"east": {"uv": [0, 0, 1, 1], "texture": "#1"},
				"south": {"uv": [1, 1, 2, 2], "texture": "#1"},
				"west": {"uv": [0, 0, 1, 1], "texture": "#1"},
				"up": {"uv": [0, 0, 1, 1], "texture": "#1"},
				"down": {"uv": [0, 0, 1, 1], "texture": "#1"}
			}
		},
		{
			"from": [9, 5, 7],
			"to": [10, 6, 8],
			"rotation": {"angle": 0, "axis": "y", "origin": [17, 13, 15]},
			"faces": {
				"north": {"uv": [1, 0, 2, 1], "texture": "#1"},
				"east": {"uv": [1, 0, 2, 1], "texture": "#1"},
				"south": {"uv": [1, 0, 2, 1], "texture": "#1"},
				"west": {"uv": [1, 0, 2, 1], "texture": "#1"},
				"up": {"uv": [1, 0, 2, 1], "texture": "#1"},
				"down": {"uv": [1, 0, 2, 1], "texture": "#1"}
			}
		},
		{
			"from": [10, 5, 7],
			"to": [11, 6, 8],
			"rotation": {"angle": 0, "axis": "y", "origin": [18, 13, 15]},
			"faces": {
				"north": {"uv": [1, 0, 2, 1], "texture": "#1"},
				"east": {"uv": [1, 0, 2, 1], "texture": "#1"},
				"south": {"uv": [1, 0, 2, 1], "texture": "#1"},
				"west": {"uv": [1, 0, 2, 1], "texture": "#1"},
				"up": {"uv": [1, 0, 2, 1], "texture": "#1"},
				"down": {"uv": [1, 0, 2, 1], "texture": "#1"}
			}
		},
		{
			"from": [10, 4, 7],
			"to": [11, 5, 8],
			"rotation": {"angle": 0, "axis": "y", "origin": [18, 12, 15]},
			"faces": {
				"north": {"uv": [1, 0, 2, 1], "texture": "#1"},
				"east": {"uv": [1, 0, 2, 1], "texture": "#1"},
				"south": {"uv": [1, 0, 2, 1], "texture": "#1"},
				"west": {"uv": [1, 0, 2, 1], "texture": "#1"},
				"up": {"uv": [1, 0, 2, 1], "texture": "#1"},
				"down": {"uv": [1, 0, 2, 1], "texture": "#1"}
			}
		},
		{
			"from": [9, 3, 7],
			"to": [10, 4, 8],
			"rotation": {"angle": 0, "axis": "y", "origin": [17, 11, 15]},
			"faces": {
				"north": {"uv": [1, 1, 2, 2], "texture": "#1"},
				"east": {"uv": [0, 0, 1, 1], "texture": "#1"},
				"south": {"uv": [1, 1, 2, 2], "texture": "#1"},
				"west": {"uv": [0, 0, 1, 1], "texture": "#1"},
				"up": {"uv": [0, 0, 1, 1], "texture": "#1"},
				"down": {"uv": [0, 0, 1, 1], "texture": "#1"}
			}
		},
		{
			"from": [7, 1, 7],
			"to": [8, 2, 8],
			"rotation": {"angle": 0, "axis": "y", "origin": [15, 9, 15]},
			"faces": {
				"north": {"uv": [0, 0, 1, 1], "texture": "#1"},
				"east": {"uv": [0, 0, 1, 1], "texture": "#1"},
				"south": {"uv": [0, 0, 1, 1], "texture": "#1"},
				"west": {"uv": [0, 0, 1, 1], "texture": "#1"},
				"up": {"uv": [0, 0, 1, 1], "texture": "#1"},
				"down": {"uv": [0, 0, 1, 1], "texture": "#1"}
			}
		}
	],
	"display": {
		"thirdperson_righthand": {
			"translation": [1, 7.25, 1.75]
		},
		"thirdperson_lefthand": {
			"translation": [-1, 7, 1.75]
		},
		"firstperson_righthand": {
			"rotation": [108, 35, 45],
			"translation": [1, -1, 0],
			"scale": [0.7, 0.7, 0.7]
		},
		"firstperson_lefthand": {
			"rotation": [-63, -30, -35],
			"translation": [1, 4.75, 0],
			"scale": [0.6, 0.6, 0.6]
		},
		"ground": {
			"translation": [0, 8, 0]
		},
		"gui": {
			"translation": [-0.75, 6.75, 0],
			"scale": [1.5, 1.5, 1.5]
		},
		"fixed": {
			"translation": [-0.25, 7, 0],
			"scale": [1.5, 1.5, 1.5]
		}
	}
}