{
	"credit": "Made with Blockbench",
	"texture_size": [32, 32],
	"textures": {
		"2": "custom/cookie_blade"
	},
	"elements": [
		{
			"from": [9, 5, 7],
			"to": [10, 6, 8],
			"rotation": {"angle": 0, "axis": "y", "origin": [17, 13, 15]},
			"faces": {
				"north": {"uv": [0, 0, 0.5, 0.5], "texture": "#2"},
				"east": {"uv": [0, 0.5, 0.5, 1], "texture": "#2"},
				"south": {"uv": [0.5, 0, 1, 0.5], "texture": "#2"},
				"west": {"uv": [0.5, 0.5, 1, 1], "texture": "#2"},
				"up": {"uv": [0.5, 1.5, 0, 1], "texture": "#2"},
				"down": {"uv": [1.5, 0, 1, 0.5], "texture": "#2"}
			}
		},
		{
			"from": [9, 6, 7],
			"to": [10, 7, 8],
			"rotation": {"angle": 0, "axis": "y", "origin": [17, 14, 15]},
			"faces": {
				"north": {"uv": [0.5, 1, 1, 1.5], "texture": "#2"},
				"east": {"uv": [1, 0.5, 1.5, 1], "texture": "#2"},
				"south": {"uv": [1, 1, 1.5, 1.5], "texture": "#2"},
				"west": {"uv": [0, 1.5, 0.5, 2], "texture": "#2"},
				"up": {"uv": [2, 0.5, 1.5, 0], "texture": "#2"},
				"down": {"uv": [1, 1.5, 0.5, 2], "texture": "#2"}
			}
		},
		{
			"from": [9, 7, 7],
			"to": [10, 8, 8],
			"rotation": {"angle": 0, "axis": "y", "origin": [17, 15, 15]},
			"faces": {
				"north": {"uv": [1.5, 0.5, 2, 1], "texture": "#2"},
				"east": {"uv": [1, 1.5, 1.5, 2], "texture": "#2"},
				"south": {"uv": [1.5, 1, 2, 1.5], "texture": "#2"},
				"west": {"uv": [1.5, 1.5, 2, 2], "texture": "#2"},
				"up": {"uv": [0.5, 2.5, 0, 2], "texture": "#2"},
				"down": {"uv": [2.5, 0, 2, 0.5], "texture": "#2"}
			}
		},
		{
			"from": [9, 8, 7],
			"to": [10, 9, 8],
			"rotation": {"angle": 0, "axis": "y", "origin": [17, 16, 15]},
			"faces": {
				"north": {"uv": [0.5, 2, 1, 2.5], "texture": "#2"},
				"east": {"uv": [2, 0.5, 2.5, 1], "texture": "#2"},
				"south": {"uv": [1, 2, 1.5, 2.5], "texture": "#2"},
				"west": {"uv": [2, 1, 2.5, 1.5], "texture": "#2"},
				"up": {"uv": [2, 2.5, 1.5, 2], "texture": "#2"},
				"down": {"uv": [2.5, 1.5, 2, 2], "texture": "#2"}
			}
		},
		{
			"from": [8, 9, 7],
			"to": [9, 10, 8],
			"rotation": {"angle": 0, "axis": "y", "origin": [16, 17, 15]},
			"faces": {
				"north": {"uv": [2, 2, 2.5, 2.5], "texture": "#2"},
				"east": {"uv": [0, 2.5, 0.5, 3], "texture": "#2"},
				"south": {"uv": [2.5, 0, 3, 0.5], "texture": "#2"},
				"west": {"uv": [0.5, 2.5, 1, 3], "texture": "#2"},
				"up": {"uv": [3, 1, 2.5, 0.5], "texture": "#2"},
				"down": {"uv": [1.5, 2.5, 1, 3], "texture": "#2"}
			}
		},
		{
			"from": [6, 11, 7],
			"to": [7, 12, 8],
			"rotation": {"angle": 0, "axis": "y", "origin": [14, 19, 15]},
			"faces": {
				"north": {"uv": [2.5, 1, 3, 1.5], "texture": "#2"},
				"east": {"uv": [1.5, 2.5, 2, 3], "texture": "#2"},
				"south": {"uv": [2.5, 1.5, 3, 2], "texture": "#2"},
				"west": {"uv": [2, 2.5, 2.5, 3], "texture": "#2"},
				"up": {"uv": [3, 2.5, 2.5, 2], "texture": "#2"},
				"down": {"uv": [3, 2.5, 2.5, 3], "texture": "#2"}
			}
		},
		{
			"from": [4, 13, 7],
			"to": [5, 14, 8],
			"rotation": {"angle": 0, "axis": "y", "origin": [12, 21, 15]},
			"faces": {
				"north": {"uv": [0, 3, 0.5, 3.5], "texture": "#2"},
				"east": {"uv": [3, 0, 3.5, 0.5], "texture": "#2"},
				"south": {"uv": [0.5, 3, 1, 3.5], "texture": "#2"},
				"west": {"uv": [3, 0.5, 3.5, 1], "texture": "#2"},
				"up": {"uv": [1.5, 3.5, 1, 3], "texture": "#2"},
				"down": {"uv": [3.5, 1, 3, 1.5], "texture": "#2"}
			}
		},
		{
			"from": [8, 6, 7],
			"to": [9, 7, 8],
			"rotation": {"angle": 0, "axis": "y", "origin": [16, 14, 15]},
			"faces": {
				"north": {"uv": [1.5, 3, 2, 3.5], "texture": "#2"},
				"east": {"uv": [3, 1.5, 3.5, 2], "texture": "#2"},
				"south": {"uv": [2, 3, 2.5, 3.5], "texture": "#2"},
				"west": {"uv": [3, 2, 3.5, 2.5], "texture": "#2"},
				"up": {"uv": [3, 3.5, 2.5, 3], "texture": "#2"},
				"down": {"uv": [3.5, 2.5, 3, 3], "texture": "#2"}
			}
		},
		{
			"from": [8, 7, 7],
			"to": [9, 8, 8],
			"rotation": {"angle": 0, "axis": "y", "origin": [16, 15, 15]},
			"faces": {
				"north": {"uv": [3, 3, 3.5, 3.5], "texture": "#2"},
				"east": {"uv": [0, 3.5, 0.5, 4], "texture": "#2"},
				"south": {"uv": [3.5, 0, 4, 0.5], "texture": "#2"},
				"west": {"uv": [0.5, 3.5, 1, 4], "texture": "#2"},
				"up": {"uv": [4, 1, 3.5, 0.5], "texture": "#2"},
				"down": {"uv": [1.5, 3.5, 1, 4], "texture": "#2"}
			}
		},
		{
			"from": [7, 8, 7],
			"to": [8, 9, 8],
			"rotation": {"angle": 0, "axis": "y", "origin": [15, 16, 15]},
			"faces": {
				"north": {"uv": [3.5, 1, 4, 1.5], "texture": "#2"},
				"east": {"uv": [1.5, 3.5, 2, 4], "texture": "#2"},
				"south": {"uv": [3.5, 1.5, 4, 2], "texture": "#2"},
				"west": {"uv": [2, 3.5, 2.5, 4], "texture": "#2"},
				"up": {"uv": [4, 2.5, 3.5, 2], "texture": "#2"},
				"down": {"uv": [3, 3.5, 2.5, 4], "texture": "#2"}
			}
		},
		{
			"from": [6, 9, 7],
			"to": [7, 10, 8],
			"rotation": {"angle": 0, "axis": "y", "origin": [14, 17, 15]},
			"faces": {
				"north": {"uv": [3.5, 2.5, 4, 3], "texture": "#2"},
				"east": {"uv": [3, 3.5, 3.5, 4], "texture": "#2"},
				"south": {"uv": [3.5, 3, 4, 3.5], "texture": "#2"},
				"west": {"uv": [3.5, 3.5, 4, 4], "texture": "#2"},
				"up": {"uv": [0.5, 4.5, 0, 4], "texture": "#2"},
				"down": {"uv": [4.5, 0, 4, 0.5], "texture": "#2"}
			}
		},
		{
			"from": [5, 10, 7],
			"to": [6, 11, 8],
			"rotation": {"angle": 0, "axis": "y", "origin": [13, 18, 15]},
			"faces": {
				"north": {"uv": [0.5, 4, 1, 4.5], "texture": "#2"},
				"east": {"uv": [4, 0.5, 4.5, 1], "texture": "#2"},
				"south": {"uv": [1, 4, 1.5, 4.5], "texture": "#2"},
				"west": {"uv": [4, 1, 4.5, 1.5], "texture": "#2"},
				"up": {"uv": [2, 4.5, 1.5, 4], "texture": "#2"},
				"down": {"uv": [4.5, 1.5, 4, 2], "texture": "#2"}
			}
		},
		{
			"from": [4, 11, 7],
			"to": [5, 12, 8],
			"rotation": {"angle": 0, "axis": "y", "origin": [12, 19, 15]},
			"faces": {
				"north": {"uv": [2, 4, 2.5, 4.5], "texture": "#2"},
				"east": {"uv": [4, 2, 4.5, 2.5], "texture": "#2"},
				"south": {"uv": [2.5, 4, 3, 4.5], "texture": "#2"},
				"west": {"uv": [4, 2.5, 4.5, 3], "texture": "#2"},
				"up": {"uv": [3.5, 4.5, 3, 4], "texture": "#2"},
				"down": {"uv": [4.5, 3, 4, 3.5], "texture": "#2"}
			}
		},
		{
			"from": [3, 12, 7],
			"to": [4, 13, 8],
			"rotation": {"angle": 0, "axis": "y", "origin": [11, 20, 15]},
			"faces": {
				"north": {"uv": [3.5, 4, 4, 4.5], "texture": "#2"},
				"east": {"uv": [4, 3.5, 4.5, 4], "texture": "#2"},
				"south": {"uv": [4, 4, 4.5, 4.5], "texture": "#2"},
				"west": {"uv": [0, 4.5, 0.5, 5], "texture": "#2"},
				"up": {"uv": [5, 0.5, 4.5, 0], "texture": "#2"},
				"down": {"uv": [1, 4.5, 0.5, 5], "texture": "#2"}
			}
		},
		{
			"from": [8, 8, 7],
			"to": [9, 9, 8],
			"rotation": {"angle": 0, "axis": "y", "origin": [16, 16, 15]},
			"faces": {
				"north": {"uv": [4.5, 0.5, 5, 1], "texture": "#2"},
				"east": {"uv": [1, 4.5, 1.5, 5], "texture": "#2"},
				"south": {"uv": [4.5, 1, 5, 1.5], "texture": "#2"},
				"west": {"uv": [1.5, 4.5, 2, 5], "texture": "#2"},
				"up": {"uv": [5, 2, 4.5, 1.5], "texture": "#2"},
				"down": {"uv": [2.5, 4.5, 2, 5], "texture": "#2"}
			}
		},
		{
			"from": [7, 9, 7],
			"to": [8, 10, 8],
			"rotation": {"angle": 0, "axis": "y", "origin": [15, 17, 15]},
			"faces": {
				"north": {"uv": [4.5, 2, 5, 2.5], "texture": "#2"},
				"east": {"uv": [2.5, 4.5, 3, 5], "texture": "#2"},
				"south": {"uv": [4.5, 2.5, 5, 3], "texture": "#2"},
				"west": {"uv": [3, 4.5, 3.5, 5], "texture": "#2"},
				"up": {"uv": [5, 3.5, 4.5, 3], "texture": "#2"},
				"down": {"uv": [4, 4.5, 3.5, 5], "texture": "#2"}
			}
		},
		{
			"from": [6, 10, 7],
			"to": [7, 11, 8],
			"rotation": {"angle": 0, "axis": "y", "origin": [14, 18, 15]},
			"faces": {
				"north": {"uv": [4.5, 3.5, 5, 4], "texture": "#2"},
				"east": {"uv": [4, 4.5, 4.5, 5], "texture": "#2"},
				"south": {"uv": [4.5, 4, 5, 4.5], "texture": "#2"},
				"west": {"uv": [4.5, 4.5, 5, 5], "texture": "#2"},
				"up": {"uv": [0.5, 5.5, 0, 5], "texture": "#2"},
				"down": {"uv": [5.5, 0, 5, 0.5], "texture": "#2"}
			}
		},
		{
			"from": [5, 11, 7],
			"to": [6, 12, 8],
			"rotation": {"angle": 0, "axis": "y", "origin": [13, 19, 15]},
			"faces": {
				"north": {"uv": [0.5, 5, 1, 5.5], "texture": "#2"},
				"east": {"uv": [5, 0.5, 5.5, 1], "texture": "#2"},
				"south": {"uv": [1, 5, 1.5, 5.5], "texture": "#2"},
				"west": {"uv": [5, 1, 5.5, 1.5], "texture": "#2"},
				"up": {"uv": [2, 5.5, 1.5, 5], "texture": "#2"},
				"down": {"uv": [5.5, 1.5, 5, 2], "texture": "#2"}
			}
		},
		{
			"from": [4, 12, 7],
			"to": [5, 13, 8],
			"rotation": {"angle": 0, "axis": "y", "origin": [12, 20, 15]},
			"faces": {
				"north": {"uv": [2, 5, 2.5, 5.5], "texture": "#2"},
				"east": {"uv": [5, 2, 5.5, 2.5], "texture": "#2"},
				"south": {"uv": [2.5, 5, 3, 5.5], "texture": "#2"},
				"west": {"uv": [5, 2.5, 5.5, 3], "texture": "#2"},
				"up": {"uv": [3.5, 5.5, 3, 5], "texture": "#2"},
				"down": {"uv": [5.5, 3, 5, 3.5], "texture": "#2"}
			}
		},
		{
			"from": [3, 13, 7],
			"to": [4, 14, 8],
			"rotation": {"angle": 0, "axis": "y", "origin": [11, 21, 15]},
			"faces": {
				"north": {"uv": [3.5, 5, 4, 5.5], "texture": "#2"},
				"east": {"uv": [5, 3.5, 5.5, 4], "texture": "#2"},
				"south": {"uv": [4, 5, 4.5, 5.5], "texture": "#2"},
				"west": {"uv": [5, 4, 5.5, 4.5], "texture": "#2"},
				"up": {"uv": [5, 5.5, 4.5, 5], "texture": "#2"},
				"down": {"uv": [5.5, 4.5, 5, 5], "texture": "#2"}
			}
		},
		{
			"from": [7, 6, 7],
			"to": [8, 7, 8],
			"rotation": {"angle": 0, "axis": "y", "origin": [15, 14, 15]},
			"faces": {
				"north": {"uv": [5, 5, 5.5, 5.5], "texture": "#2"},
				"east": {"uv": [0, 5.5, 0.5, 6], "texture": "#2"},
				"south": {"uv": [5.5, 0, 6, 0.5], "texture": "#2"},
				"west": {"uv": [0.5, 5.5, 1, 6], "texture": "#2"},
				"up": {"uv": [6, 1, 5.5, 0.5], "texture": "#2"},
				"down": {"uv": [1.5, 5.5, 1, 6], "texture": "#2"}
			}
		},
		{
			"from": [6, 7, 7],
			"to": [7, 8, 8],
			"rotation": {"angle": 0, "axis": "y", "origin": [14, 15, 15]},
			"faces": {
				"north": {"uv": [5.5, 1, 6, 1.5], "texture": "#2"},
				"east": {"uv": [1.5, 5.5, 2, 6], "texture": "#2"},
				"south": {"uv": [5.5, 1.5, 6, 2], "texture": "#2"},
				"west": {"uv": [2, 5.5, 2.5, 6], "texture": "#2"},
				"up": {"uv": [6, 2.5, 5.5, 2], "texture": "#2"},
				"down": {"uv": [3, 5.5, 2.5, 6], "texture": "#2"}
			}
		},
		{
			"from": [7, 7, 7],
			"to": [8, 8, 8],
			"rotation": {"angle": 0, "axis": "y", "origin": [14, 15, 15]},
			"faces": {
				"north": {"uv": [5.5, 2.5, 6, 3], "texture": "#2"},
				"east": {"uv": [3, 5.5, 3.5, 6], "texture": "#2"},
				"south": {"uv": [5.5, 3, 6, 3.5], "texture": "#2"},
				"west": {"uv": [3.5, 5.5, 4, 6], "texture": "#2"},
				"up": {"uv": [6, 4, 5.5, 3.5], "texture": "#2"},
				"down": {"uv": [4.5, 5.5, 4, 6], "texture": "#2"}
			}
		},
		{
			"from": [6, 8, 7],
			"to": [7, 9, 8],
			"rotation": {"angle": 0, "axis": "y", "origin": [14, 15, 15]},
			"faces": {
				"north": {"uv": [5.5, 4, 6, 4.5], "texture": "#2"},
				"east": {"uv": [4.5, 5.5, 5, 6], "texture": "#2"},
				"south": {"uv": [5.5, 4.5, 6, 5], "texture": "#2"},
				"west": {"uv": [5, 5.5, 5.5, 6], "texture": "#2"},
				"up": {"uv": [6, 5.5, 5.5, 5], "texture": "#2"},
				"down": {"uv": [6, 5.5, 5.5, 6], "texture": "#2"}
			}
		},
		{
			"from": [4, 9, 7],
			"to": [5, 10, 8],
			"rotation": {"angle": 0, "axis": "y", "origin": [12, 17, 15]},
			"faces": {
				"north": {"uv": [0, 6, 0.5, 6.5], "texture": "#2"},
				"east": {"uv": [6, 0, 6.5, 0.5], "texture": "#2"},
				"south": {"uv": [0.5, 6, 1, 6.5], "texture": "#2"},
				"west": {"uv": [6, 0.5, 6.5, 1], "texture": "#2"},
				"up": {"uv": [1.5, 6.5, 1, 6], "texture": "#2"},
				"down": {"uv": [6.5, 1, 6, 1.5], "texture": "#2"}
			}
		},
		{
			"from": [2, 11, 7],
			"to": [3, 12, 8],
			"rotation": {"angle": 0, "axis": "y", "origin": [10, 19, 15]},
			"faces": {
				"north": {"uv": [1.5, 6, 2, 6.5], "texture": "#2"},
				"east": {"uv": [6, 1.5, 6.5, 2], "texture": "#2"},
				"south": {"uv": [2, 6, 2.5, 6.5], "texture": "#2"},
				"west": {"uv": [6, 2, 6.5, 2.5], "texture": "#2"},
				"up": {"uv": [3, 6.5, 2.5, 6], "texture": "#2"},
				"down": {"uv": [6.5, 2.5, 6, 3], "texture": "#2"}
			}
		},
		{
			"from": [5, 9, 7],
			"to": [6, 10, 8],
			"rotation": {"angle": 0, "axis": "y", "origin": [13, 17, 15]},
			"faces": {
				"north": {"uv": [3, 6, 3.5, 6.5], "texture": "#2"},
				"east": {"uv": [6, 3, 6.5, 3.5], "texture": "#2"},
				"south": {"uv": [3.5, 6, 4, 6.5], "texture": "#2"},
				"west": {"uv": [6, 3.5, 6.5, 4], "texture": "#2"},
				"up": {"uv": [4.5, 6.5, 4, 6], "texture": "#2"},
				"down": {"uv": [6.5, 4, 6, 4.5], "texture": "#2"}
			}
		},
		{
			"from": [4, 10, 7],
			"to": [5, 11, 8],
			"rotation": {"angle": 0, "axis": "y", "origin": [12, 18, 15]},
			"faces": {
				"north": {"uv": [4.5, 6, 5, 6.5], "texture": "#2"},
				"east": {"uv": [6, 4.5, 6.5, 5], "texture": "#2"},
				"south": {"uv": [5, 6, 5.5, 6.5], "texture": "#2"},
				"west": {"uv": [6, 5, 6.5, 5.5], "texture": "#2"},
				"up": {"uv": [6, 6.5, 5.5, 6], "texture": "#2"},
				"down": {"uv": [6.5, 5.5, 6, 6], "texture": "#2"}
			}
		},
		{
			"from": [3, 11, 7],
			"to": [4, 12, 8],
			"rotation": {"angle": 0, "axis": "y", "origin": [11, 19, 15]},
			"faces": {
				"north": {"uv": [6, 6, 6.5, 6.5], "texture": "#2"},
				"east": {"uv": [0, 6.5, 0.5, 7], "texture": "#2"},
				"south": {"uv": [6.5, 0, 7, 0.5], "texture": "#2"},
				"west": {"uv": [0.5, 6.5, 1, 7], "texture": "#2"},
				"up": {"uv": [7, 1, 6.5, 0.5], "texture": "#2"},
				"down": {"uv": [1.5, 6.5, 1, 7], "texture": "#2"}
			}
		},
		{
			"from": [2, 12, 7],
			"to": [3, 13, 8],
			"rotation": {"angle": 0, "axis": "y", "origin": [10, 20, 15]},
			"faces": {
				"north": {"uv": [6.5, 1, 7, 1.5], "texture": "#2"},
				"east": {"uv": [1.5, 6.5, 2, 7], "texture": "#2"},
				"south": {"uv": [6.5, 1.5, 7, 2], "texture": "#2"},
				"west": {"uv": [2, 6.5, 2.5, 7], "texture": "#2"},
				"up": {"uv": [7, 2.5, 6.5, 2], "texture": "#2"},
				"down": {"uv": [3, 6.5, 2.5, 7], "texture": "#2"}
			}
		},
		{
			"from": [1, 14, 7],
			"to": [2, 15, 8],
			"rotation": {"angle": 0, "axis": "y", "origin": [9, 22, 15]},
			"faces": {
				"north": {"uv": [6.5, 2.5, 7, 3], "texture": "#2"},
				"east": {"uv": [3, 6.5, 3.5, 7], "texture": "#2"},
				"south": {"uv": [6.5, 3, 7, 3.5], "texture": "#2"},
				"west": {"uv": [3.5, 6.5, 4, 7], "texture": "#2"},
				"up": {"uv": [7, 4, 6.5, 3.5], "texture": "#2"},
				"down": {"uv": [4.5, 6.5, 4, 7], "texture": "#2"}
			}
		},
		{
			"from": [14, 1, 7],
			"to": [15, 2, 8],
			"rotation": {"angle": 0, "axis": "y", "origin": [9, 22, 15]},
			"faces": {
				"north": {"uv": [6.5, 4, 7, 4.5], "texture": "#2"},
				"east": {"uv": [4.5, 6.5, 5, 7], "texture": "#2"},
				"south": {"uv": [6.5, 4.5, 7, 5], "texture": "#2"},
				"west": {"uv": [5, 6.5, 5.5, 7], "texture": "#2"},
				"up": {"uv": [7, 5.5, 6.5, 5], "texture": "#2"},
				"down": {"uv": [6, 6.5, 5.5, 7], "texture": "#2"}
			}
		},
		{
			"from": [2, 13, 7],
			"to": [3, 14, 8],
			"rotation": {"angle": 0, "axis": "y", "origin": [9, 22, 15]},
			"faces": {
				"north": {"uv": [6.5, 5.5, 7, 6], "texture": "#2"},
				"east": {"uv": [6, 6.5, 6.5, 7], "texture": "#2"},
				"south": {"uv": [6.5, 6, 7, 6.5], "texture": "#2"},
				"west": {"uv": [6.5, 6.5, 7, 7], "texture": "#2"},
				"up": {"uv": [0.5, 7.5, 0, 7], "texture": "#2"},
				"down": {"uv": [7.5, 0, 7, 0.5], "texture": "#2"}
			}
		},
		{
			"from": [1, 12, 7],
			"to": [2, 13, 8],
			"rotation": {"angle": 0, "axis": "y", "origin": [9, 22, 15]},
			"faces": {
				"north": {"uv": [0.5, 7, 1, 7.5], "texture": "#2"},
				"east": {"uv": [7, 0.5, 7.5, 1], "texture": "#2"},
				"south": {"uv": [1, 7, 1.5, 7.5], "texture": "#2"},
				"west": {"uv": [7, 1, 7.5, 1.5], "texture": "#2"},
				"up": {"uv": [2, 7.5, 1.5, 7], "texture": "#2"},
				"down": {"uv": [7.5, 1.5, 7, 2], "texture": "#2"}
			}
		},
		{
			"from": [3, 14, 7],
			"to": [4, 15, 8],
			"rotation": {"angle": 0, "axis": "y", "origin": [9, 22, 15]},
			"faces": {
				"north": {"uv": [2, 7, 2.5, 7.5], "texture": "#2"},
				"east": {"uv": [7, 2, 7.5, 2.5], "texture": "#2"},
				"south": {"uv": [2.5, 7, 3, 7.5], "texture": "#2"},
				"west": {"uv": [7, 2.5, 7.5, 3], "texture": "#2"},
				"up": {"uv": [3.5, 7.5, 3, 7], "texture": "#2"},
				"down": {"uv": [7.5, 3, 7, 3.5], "texture": "#2"}
			}
		},
		{
			"from": [10, 6, 7],
			"to": [11, 7, 8],
			"rotation": {"angle": 0, "axis": "y", "origin": [18, 14, 15]},
			"faces": {
				"north": {"uv": [3.5, 7, 4, 7.5], "texture": "#2"},
				"east": {"uv": [7, 3.5, 7.5, 4], "texture": "#2"},
				"south": {"uv": [4, 7, 4.5, 7.5], "texture": "#2"},
				"west": {"uv": [7, 4, 7.5, 4.5], "texture": "#2"},
				"up": {"uv": [5, 7.5, 4.5, 7], "texture": "#2"},
				"down": {"uv": [7.5, 4.5, 7, 5], "texture": "#2"}
			}
		},
		{
			"from": [10, 7, 7],
			"to": [11, 8, 8],
			"rotation": {"angle": 0, "axis": "y", "origin": [18, 15, 15]},
			"faces": {
				"north": {"uv": [5, 7, 5.5, 7.5], "texture": "#2"},
				"east": {"uv": [7, 5, 7.5, 5.5], "texture": "#2"},
				"south": {"uv": [5.5, 7, 6, 7.5], "texture": "#2"},
				"west": {"uv": [7, 5.5, 7.5, 6], "texture": "#2"},
				"up": {"uv": [6.5, 7.5, 6, 7], "texture": "#2"},
				"down": {"uv": [7.5, 6, 7, 6.5], "texture": "#2"}
			}
		},
		{
			"from": [5, 8, 7],
			"to": [6, 9, 8],
			"rotation": {"angle": 0, "axis": "y", "origin": [18, 15, 15]},
			"faces": {
				"north": {"uv": [6.5, 7, 7, 7.5], "texture": "#2"},
				"east": {"uv": [7, 6.5, 7.5, 7], "texture": "#2"},
				"south": {"uv": [7, 7, 7.5, 7.5], "texture": "#2"},
				"west": {"uv": [0, 7.5, 0.5, 8], "texture": "#2"},
				"up": {"uv": [8, 0.5, 7.5, 0], "texture": "#2"},
				"down": {"uv": [1, 7.5, 0.5, 8], "texture": "#2"}
			}
		},
		{
			"from": [8, 5, 7],
			"to": [9, 6, 8],
			"rotation": {"angle": 0, "axis": "y", "origin": [18, 15, 15]},
			"faces": {
				"north": {"uv": [7.5, 0.5, 8, 1], "texture": "#2"},
				"east": {"uv": [1, 7.5, 1.5, 8], "texture": "#2"},
				"south": {"uv": [7.5, 1, 8, 1.5], "texture": "#2"},
				"west": {"uv": [1.5, 7.5, 2, 8], "texture": "#2"},
				"up": {"uv": [8, 2, 7.5, 1.5], "texture": "#2"},
				"down": {"uv": [2.5, 7.5, 2, 8], "texture": "#2"}
			}
		},
		{
			"from": [7, 10, 7],
			"to": [8, 11, 8],
			"rotation": {"angle": 0, "axis": "y", "origin": [18, 15, 15]},
			"faces": {
				"north": {"uv": [7.5, 2, 8, 2.5], "texture": "#2"},
				"east": {"uv": [2.5, 7.5, 3, 8], "texture": "#2"},
				"south": {"uv": [7.5, 2.5, 8, 3], "texture": "#2"},
				"west": {"uv": [3, 7.5, 3.5, 8], "texture": "#2"},
				"up": {"uv": [8, 3.5, 7.5, 3], "texture": "#2"},
				"down": {"uv": [4, 7.5, 3.5, 8], "texture": "#2"}
			}
		},
		{
			"from": [5, 12, 7],
			"to": [6, 13, 8],
			"rotation": {"angle": 0, "axis": "y", "origin": [18, 15, 15]},
			"faces": {
				"north": {"uv": [7.5, 3.5, 8, 4], "texture": "#2"},
				"east": {"uv": [4, 7.5, 4.5, 8], "texture": "#2"},
				"south": {"uv": [7.5, 4, 8, 4.5], "texture": "#2"},
				"west": {"uv": [4.5, 7.5, 5, 8], "texture": "#2"},
				"up": {"uv": [8, 5, 7.5, 4.5], "texture": "#2"},
				"down": {"uv": [5.5, 7.5, 5, 8], "texture": "#2"}
			}
		},
		{
			"from": [3, 10, 7],
			"to": [4, 11, 8],
			"rotation": {"angle": 0, "axis": "y", "origin": [18, 15, 15]},
			"faces": {
				"north": {"uv": [7.5, 5, 8, 5.5], "texture": "#2"},
				"east": {"uv": [5.5, 7.5, 6, 8], "texture": "#2"},
				"south": {"uv": [7.5, 5.5, 8, 6], "texture": "#2"},
				"west": {"uv": [6, 7.5, 6.5, 8], "texture": "#2"},
				"up": {"uv": [8, 6.5, 7.5, 6], "texture": "#2"},
				"down": {"uv": [7, 7.5, 6.5, 8], "texture": "#2"}
			}
		},
		{
			"from": [2, 14, 7],
			"to": [3, 15, 8],
			"rotation": {"angle": 0, "axis": "y", "origin": [18, 15, 15]},
			"faces": {
				"north": {"uv": [7.5, 6.5, 8, 7], "texture": "#2"},
				"east": {"uv": [7, 7.5, 7.5, 8], "texture": "#2"},
				"south": {"uv": [7.5, 7, 8, 7.5], "texture": "#2"},
				"west": {"uv": [7.5, 7.5, 8, 8], "texture": "#2"},
				"up": {"uv": [0.5, 8.5, 0, 8], "texture": "#2"},
				"down": {"uv": [8.5, 0, 8, 0.5], "texture": "#2"}
			}
		},
		{
			"from": [1, 13, 7],
			"to": [2, 14, 8],
			"rotation": {"angle": 0, "axis": "y", "origin": [18, 15, 15]},
			"faces": {
				"north": {"uv": [0.5, 8, 1, 8.5], "texture": "#2"},
				"east": {"uv": [8, 0.5, 8.5, 1], "texture": "#2"},
				"south": {"uv": [1, 8, 1.5, 8.5], "texture": "#2"},
				"west": {"uv": [8, 1, 8.5, 1.5], "texture": "#2"},
				"up": {"uv": [2, 8.5, 1.5, 8], "texture": "#2"},
				"down": {"uv": [8.5, 1.5, 8, 2], "texture": "#2"}
			}
		},
		{
			"from": [10, 4, 7],
			"to": [11, 5, 8],
			"rotation": {"angle": 0, "axis": "y", "origin": [17, 12, 15]},
			"faces": {
				"north": {"uv": [2, 8, 2.5, 8.5], "texture": "#2"},
				"east": {"uv": [8, 2, 8.5, 2.5], "texture": "#2"},
				"south": {"uv": [2.5, 8, 3, 8.5], "texture": "#2"},
				"west": {"uv": [8, 2.5, 8.5, 3], "texture": "#2"},
				"up": {"uv": [3.5, 8.5, 3, 8], "texture": "#2"},
				"down": {"uv": [8.5, 3, 8, 3.5], "texture": "#2"}
			}
		},
		{
			"from": [9, 3, 7],
			"to": [10, 4, 8],
			"rotation": {"angle": 0, "axis": "y", "origin": [16, 11, 15]},
			"faces": {
				"north": {"uv": [3.5, 8, 4, 8.5], "texture": "#2"},
				"east": {"uv": [8, 3.5, 8.5, 4], "texture": "#2"},
				"south": {"uv": [4, 8, 4.5, 8.5], "texture": "#2"},
				"west": {"uv": [8, 4, 8.5, 4.5], "texture": "#2"},
				"up": {"uv": [5, 8.5, 4.5, 8], "texture": "#2"},
				"down": {"uv": [8.5, 4.5, 8, 5], "texture": "#2"}
			}
		},
		{
			"from": [9, 4, 7],
			"to": [10, 5, 8],
			"rotation": {"angle": 0, "axis": "y", "origin": [16, 12, 15]},
			"faces": {
				"north": {"uv": [5, 8, 5.5, 8.5], "texture": "#2"},
				"east": {"uv": [8, 5, 8.5, 5.5], "texture": "#2"},
				"south": {"uv": [5.5, 8, 6, 8.5], "texture": "#2"},
				"west": {"uv": [8, 5.5, 8.5, 6], "texture": "#2"},
				"up": {"uv": [6.5, 8.5, 6, 8], "texture": "#2"},
				"down": {"uv": [8.5, 6, 8, 6.5], "texture": "#2"}
			}
		},
		{
			"from": [8, 2, 7],
			"to": [9, 3, 8],
			"rotation": {"angle": 0, "axis": "y", "origin": [15, 10, 15]},
			"faces": {
				"north": {"uv": [6.5, 8, 7, 8.5], "texture": "#2"},
				"east": {"uv": [8, 6.5, 8.5, 7], "texture": "#2"},
				"south": {"uv": [7, 8, 7.5, 8.5], "texture": "#2"},
				"west": {"uv": [8, 7, 8.5, 7.5], "texture": "#2"},
				"up": {"uv": [8, 8.5, 7.5, 8], "texture": "#2"},
				"down": {"uv": [8.5, 7.5, 8, 8], "texture": "#2"}
			}
		},
		{
			"from": [7, 2, 7],
			"to": [8, 3, 8],
			"rotation": {"angle": 0, "axis": "y", "origin": [14, 10, 15]},
			"faces": {
				"north": {"uv": [8, 8, 8.5, 8.5], "texture": "#2"},
				"east": {"uv": [0, 8.5, 0.5, 9], "texture": "#2"},
				"south": {"uv": [8.5, 0, 9, 0.5], "texture": "#2"},
				"west": {"uv": [0.5, 8.5, 1, 9], "texture": "#2"},
				"up": {"uv": [9, 1, 8.5, 0.5], "texture": "#2"},
				"down": {"uv": [1.5, 8.5, 1, 9], "texture": "#2"}
			}
		},
		{
			"from": [8, 3, 7],
			"to": [9, 4, 8],
			"rotation": {"angle": 0, "axis": "y", "origin": [15, 11, 15]},
			"faces": {
				"north": {"uv": [8.5, 1, 9, 1.5], "texture": "#2"},
				"east": {"uv": [1.5, 8.5, 2, 9], "texture": "#2"},
				"south": {"uv": [8.5, 1.5, 9, 2], "texture": "#2"},
				"west": {"uv": [2, 8.5, 2.5, 9], "texture": "#2"},
				"up": {"uv": [9, 2.5, 8.5, 2], "texture": "#2"},
				"down": {"uv": [3, 8.5, 2.5, 9], "texture": "#2"}
			}
		},
		{
			"from": [10, 5, 7],
			"to": [11, 6, 8],
			"rotation": {"angle": 0, "axis": "y", "origin": [17, 13, 15]},
			"faces": {
				"north": {"uv": [8.5, 2.5, 9, 3], "texture": "#2"},
				"east": {"uv": [3, 8.5, 3.5, 9], "texture": "#2"},
				"south": {"uv": [8.5, 3, 9, 3.5], "texture": "#2"},
				"west": {"uv": [3.5, 8.5, 4, 9], "texture": "#2"},
				"up": {"uv": [9, 4, 8.5, 3.5], "texture": "#2"},
				"down": {"uv": [4.5, 8.5, 4, 9], "texture": "#2"}
			}
		},
		{
			"from": [11, 6, 7],
			"to": [12, 7, 8],
			"rotation": {"angle": 0, "axis": "y", "origin": [18, 14, 15]},
			"faces": {
				"north": {"uv": [8.5, 4, 9, 4.5], "texture": "#2"},
				"east": {"uv": [4.5, 8.5, 5, 9], "texture": "#2"},
				"south": {"uv": [8.5, 4.5, 9, 5], "texture": "#2"},
				"west": {"uv": [5, 8.5, 5.5, 9], "texture": "#2"},
				"up": {"uv": [9, 5.5, 8.5, 5], "texture": "#2"},
				"down": {"uv": [6, 8.5, 5.5, 9], "texture": "#2"}
			}
		},
		{
			"from": [11, 5, 7],
			"to": [12, 6, 8],
			"rotation": {"angle": 0, "axis": "y", "origin": [18, 13, 15]},
			"faces": {
				"north": {"uv": [8.5, 5.5, 9, 6], "texture": "#2"},
				"east": {"uv": [6, 8.5, 6.5, 9], "texture": "#2"},
				"south": {"uv": [8.5, 6, 9, 6.5], "texture": "#2"},
				"west": {"uv": [6.5, 8.5, 7, 9], "texture": "#2"},
				"up": {"uv": [9, 7, 8.5, 6.5], "texture": "#2"},
				"down": {"uv": [7.5, 8.5, 7, 9], "texture": "#2"}
			}
		},
		{
			"from": [12, 6, 7],
			"to": [13, 7, 8],
			"rotation": {"angle": 0, "axis": "y", "origin": [19, 14, 15]},
			"faces": {
				"north": {"uv": [8.5, 7, 9, 7.5], "texture": "#2"},
				"east": {"uv": [7.5, 8.5, 8, 9], "texture": "#2"},
				"south": {"uv": [8.5, 7.5, 9, 8], "texture": "#2"},
				"west": {"uv": [8, 8.5, 8.5, 9], "texture": "#2"},
				"up": {"uv": [9, 8.5, 8.5, 8], "texture": "#2"},
				"down": {"uv": [9, 8.5, 8.5, 9], "texture": "#2"}
			}
		},
		{
			"from": [12, 7, 7],
			"to": [13, 8, 8],
			"rotation": {"angle": 0, "axis": "y", "origin": [19, 15, 15]},
			"faces": {
				"north": {"uv": [0, 9, 0.5, 9.5], "texture": "#2"},
				"east": {"uv": [9, 0, 9.5, 0.5], "texture": "#2"},
				"south": {"uv": [0.5, 9, 1, 9.5], "texture": "#2"},
				"west": {"uv": [9, 0.5, 9.5, 1], "texture": "#2"},
				"up": {"uv": [1.5, 9.5, 1, 9], "texture": "#2"},
				"down": {"uv": [9.5, 1, 9, 1.5], "texture": "#2"}
			}
		},
		{
			"from": [13, 7, 7],
			"to": [14, 8, 8],
			"rotation": {"angle": 0, "axis": "y", "origin": [20, 15, 15]},
			"faces": {
				"north": {"uv": [1.5, 9, 2, 9.5], "texture": "#2"},
				"east": {"uv": [9, 1.5, 9.5, 2], "texture": "#2"},
				"south": {"uv": [2, 9, 2.5, 9.5], "texture": "#2"},
				"west": {"uv": [9, 2, 9.5, 2.5], "texture": "#2"},
				"up": {"uv": [3, 9.5, 2.5, 9], "texture": "#2"},
				"down": {"uv": [9.5, 2.5, 9, 3], "texture": "#2"}
			}
		},
		{
			"from": [13, 8, 7],
			"to": [14, 9, 8],
			"rotation": {"angle": 0, "axis": "y", "origin": [20, 16, 15]},
			"faces": {
				"north": {"uv": [3, 9, 3.5, 9.5], "texture": "#2"},
				"east": {"uv": [9, 3, 9.5, 3.5], "texture": "#2"},
				"south": {"uv": [3.5, 9, 4, 9.5], "texture": "#2"},
				"west": {"uv": [9, 3.5, 9.5, 4], "texture": "#2"},
				"up": {"uv": [4.5, 9.5, 4, 9], "texture": "#2"},
				"down": {"uv": [9.5, 4, 9, 4.5], "texture": "#2"}
			}
		},
		{
			"from": [15, 0, 7],
			"to": [16, 1, 8],
			"rotation": {"angle": 0, "axis": "y", "origin": [22, 8, 15]},
			"faces": {
				"north": {"uv": [4.5, 9, 5, 9.5], "texture": "#2"},
				"east": {"uv": [9, 4.5, 9.5, 5], "texture": "#2"},
				"south": {"uv": [5, 9, 5.5, 9.5], "texture": "#2"},
				"west": {"uv": [9, 5, 9.5, 5.5], "texture": "#2"},
				"up": {"uv": [6, 9.5, 5.5, 9], "texture": "#2"},
				"down": {"uv": [9.5, 5.5, 9, 6], "texture": "#2"}
			}
		},
		{
			"from": [15, 1, 7],
			"to": [16, 2, 8],
			"rotation": {"angle": 0, "axis": "y", "origin": [22, 9, 15]},
			"faces": {
				"north": {"uv": [6, 9, 6.5, 9.5], "texture": "#2"},
				"east": {"uv": [9, 6, 9.5, 6.5], "texture": "#2"},
				"south": {"uv": [6.5, 9, 7, 9.5], "texture": "#2"},
				"west": {"uv": [9, 6.5, 9.5, 7], "texture": "#2"},
				"up": {"uv": [7.5, 9.5, 7, 9], "texture": "#2"},
				"down": {"uv": [9.5, 7, 9, 7.5], "texture": "#2"}
			}
		},
		{
			"from": [15, 2, 7],
			"to": [16, 3, 8],
			"rotation": {"angle": 0, "axis": "y", "origin": [22, 10, 15]},
			"faces": {
				"north": {"uv": [7.5, 9, 8, 9.5], "texture": "#2"},
				"east": {"uv": [9, 7.5, 9.5, 8], "texture": "#2"},
				"south": {"uv": [8, 9, 8.5, 9.5], "texture": "#2"},
				"west": {"uv": [9, 8, 9.5, 8.5], "texture": "#2"},
				"up": {"uv": [9, 9.5, 8.5, 9], "texture": "#2"},
				"down": {"uv": [9.5, 8.5, 9, 9], "texture": "#2"}
			}
		},
		{
			"from": [14, 0, 7],
			"to": [15, 1, 8],
			"rotation": {"angle": 0, "axis": "y", "origin": [21, 8, 15]},
			"faces": {
				"north": {"uv": [9, 9, 9.5, 9.5], "texture": "#2"},
				"east": {"uv": [0, 9.5, 0.5, 10], "texture": "#2"},
				"south": {"uv": [9.5, 0, 10, 0.5], "texture": "#2"},
				"west": {"uv": [0.5, 9.5, 1, 10], "texture": "#2"},
				"up": {"uv": [10, 1, 9.5, 0.5], "texture": "#2"},
				"down": {"uv": [1.5, 9.5, 1, 10], "texture": "#2"}
			}
		},
		{
			"from": [13, 0, 7],
			"to": [14, 1, 8],
			"rotation": {"angle": 0, "axis": "y", "origin": [20, 8, 15]},
			"faces": {
				"north": {"uv": [9.5, 1, 10, 1.5], "texture": "#2"},
				"east": {"uv": [1.5, 9.5, 2, 10], "texture": "#2"},
				"south": {"uv": [9.5, 1.5, 10, 2], "texture": "#2"},
				"west": {"uv": [2, 9.5, 2.5, 10], "texture": "#2"},
				"up": {"uv": [10, 2.5, 9.5, 2], "texture": "#2"},
				"down": {"uv": [3, 9.5, 2.5, 10], "texture": "#2"}
			}
		},
		{
			"from": [13, 1, 7],
			"to": [14, 2, 8],
			"rotation": {"angle": 0, "axis": "y", "origin": [20, 9, 15]},
			"faces": {
				"north": {"uv": [9.5, 2.5, 10, 3], "texture": "#2"},
				"east": {"uv": [3, 9.5, 3.5, 10], "texture": "#2"},
				"south": {"uv": [9.5, 3, 10, 3.5], "texture": "#2"},
				"west": {"uv": [3.5, 9.5, 4, 10], "texture": "#2"},
				"up": {"uv": [10, 4, 9.5, 3.5], "texture": "#2"},
				"down": {"uv": [4.5, 9.5, 4, 10], "texture": "#2"}
			}
		},
		{
			"from": [13, 2, 7],
			"to": [14, 3, 8],
			"rotation": {"angle": 0, "axis": "y", "origin": [20, 10, 15]},
			"faces": {
				"north": {"uv": [9.5, 4, 10, 4.5], "texture": "#2"},
				"east": {"uv": [4.5, 9.5, 5, 10], "texture": "#2"},
				"south": {"uv": [9.5, 4.5, 10, 5], "texture": "#2"},
				"west": {"uv": [5, 9.5, 5.5, 10], "texture": "#2"},
				"up": {"uv": [10, 5.5, 9.5, 5], "texture": "#2"},
				"down": {"uv": [6, 9.5, 5.5, 10], "texture": "#2"}
			}
		},
		{
			"from": [14, 2, 7],
			"to": [15, 3, 8],
			"rotation": {"angle": 0, "axis": "y", "origin": [21, 10, 15]},
			"faces": {
				"north": {"uv": [9.5, 5.5, 10, 6], "texture": "#2"},
				"east": {"uv": [6, 9.5, 6.5, 10], "texture": "#2"},
				"south": {"uv": [9.5, 6, 10, 6.5], "texture": "#2"},
				"west": {"uv": [6.5, 9.5, 7, 10], "texture": "#2"},
				"up": {"uv": [10, 7, 9.5, 6.5], "texture": "#2"},
				"down": {"uv": [7.5, 9.5, 7, 10], "texture": "#2"}
			}
		},
		{
			"from": [12, 3, 7],
			"to": [13, 4, 8],
			"rotation": {"angle": 0, "axis": "y", "origin": [19, 11, 15]},
			"faces": {
				"north": {"uv": [9.5, 7, 10, 7.5], "texture": "#2"},
				"east": {"uv": [7.5, 9.5, 8, 10], "texture": "#2"},
				"south": {"uv": [9.5, 7.5, 10, 8], "texture": "#2"},
				"west": {"uv": [8, 9.5, 8.5, 10], "texture": "#2"},
				"up": {"uv": [10, 8.5, 9.5, 8], "texture": "#2"},
				"down": {"uv": [9, 9.5, 8.5, 10], "texture": "#2"}
			}
		},
		{
			"from": [11, 3, 7],
			"to": [12, 4, 8],
			"rotation": {"angle": 0, "axis": "y", "origin": [18, 11, 15]},
			"faces": {
				"north": {"uv": [9.5, 8.5, 10, 9], "texture": "#2"},
				"east": {"uv": [9, 9.5, 9.5, 10], "texture": "#2"},
				"south": {"uv": [9.5, 9, 10, 9.5], "texture": "#2"},
				"west": {"uv": [9.5, 9.5, 10, 10], "texture": "#2"},
				"up": {"uv": [0.5, 10.5, 0, 10], "texture": "#2"},
				"down": {"uv": [10.5, 0, 10, 0.5], "texture": "#2"}
			}
		},
		{
			"from": [12, 4, 7],
			"to": [13, 5, 8],
			"rotation": {"angle": 0, "axis": "y", "origin": [19, 12, 15]},
			"faces": {
				"north": {"uv": [0.5, 10, 1, 10.5], "texture": "#2"},
				"east": {"uv": [10, 0.5, 10.5, 1], "texture": "#2"},
				"south": {"uv": [1, 10, 1.5, 10.5], "texture": "#2"},
				"west": {"uv": [10, 1, 10.5, 1.5], "texture": "#2"},
				"up": {"uv": [2, 10.5, 1.5, 10], "texture": "#2"},
				"down": {"uv": [10.5, 1.5, 10, 2], "texture": "#2"}
			}
		},
		{
			"from": [13, 3, 7],
			"to": [14, 4, 8],
			"rotation": {"angle": 0, "axis": "y", "origin": [20, 11, 15]},
			"faces": {
				"north": {"uv": [2, 10, 2.5, 10.5], "texture": "#2"},
				"east": {"uv": [10, 2, 10.5, 2.5], "texture": "#2"},
				"south": {"uv": [2.5, 10, 3, 10.5], "texture": "#2"},
				"west": {"uv": [10, 2.5, 10.5, 3], "texture": "#2"},
				"up": {"uv": [3.5, 10.5, 3, 10], "texture": "#2"},
				"down": {"uv": [10.5, 3, 10, 3.5], "texture": "#2"}
			}
		},
		{
			"from": [12, 2, 7],
			"to": [13, 3, 8],
			"rotation": {"angle": 0, "axis": "y", "origin": [19, 10, 15]},
			"faces": {
				"north": {"uv": [3.5, 10, 4, 10.5], "texture": "#2"},
				"east": {"uv": [10, 3.5, 10.5, 4], "texture": "#2"},
				"south": {"uv": [4, 10, 4.5, 10.5], "texture": "#2"},
				"west": {"uv": [10, 4, 10.5, 4.5], "texture": "#2"},
				"up": {"uv": [5, 10.5, 4.5, 10], "texture": "#2"},
				"down": {"uv": [10.5, 4.5, 10, 5], "texture": "#2"}
			}
		},
		{
			"from": [11, 4, 7],
			"to": [12, 5, 8],
			"rotation": {"angle": 0, "axis": "y", "origin": [18, 12, 15]},
			"faces": {
				"north": {"uv": [5, 10, 5.5, 10.5], "texture": "#2"},
				"east": {"uv": [10, 5, 10.5, 5.5], "texture": "#2"},
				"south": {"uv": [5.5, 10, 6, 10.5], "texture": "#2"},
				"west": {"uv": [10, 5.5, 10.5, 6], "texture": "#2"},
				"up": {"uv": [6.5, 10.5, 6, 10], "texture": "#2"},
				"down": {"uv": [10.5, 6, 10, 6.5], "texture": "#2"}
			}
		}
	],
	"display": {
		"thirdperson_righthand": {
			"rotation": [0, -90, -52],
			"translation": [-0.25, 7.75, 2.25]
		},
		"thirdperson_lefthand": {
			"rotation": [0, 90, 52],
			"translation": [1, 7.75, 2.25]
		},
		"firstperson_righthand": {
			"rotation": [69, -93, 6],
			"translation": [0.5, 2.25, 0],
			"scale": [1, 1, 0.75]
		},
		"firstperson_lefthand": {
			"rotation": [69, 93, 0],
			"translation": [0.5, 2.25, 0],
			"scale": [1, 1, 0.75]
		},
		"ground": {
			"translation": [0, 4.5, 0],
			"scale": [0.5, 0.5, 0.5]
		},
		"gui": {
			"rotation": [-30, -180, 0],
			"translation": [0.25, -0.75, 0]
		}
	},
	"groups": [
		{
			"name": "group",
			"origin": [8, 8, 8],
			"color": 0,
			"children": [
				{
					"name": "Base",
					"origin": [8, 8, 8],
					"color": 0,
					"children": [0, 1, 2, 3, 4, 5, 6, 7, 8, 9, 10, 11, 12, 13, 14, 15, 16, 17, 18, 19, 20, 21, 22, 23, 24, 25, 26, 27, 28, 29, 30, 31, 32, 33, 34, 35, 36, 37, 38, 39, 40, 41, 42, 43]
				},
				{
					"name": "Blade",
					"origin": [8, 8, 8],
					"color": 0,
					"children": [
						{
							"name": "Shaft",
							"origin": [17, 12, 15],
							"color": 0,
							"children": [44, 45, 46, 47, 48, 49, 50, 51, 52, 53, 54, 55, 56]
						},
						{
							"name": "Handle",
							"origin": [8, 8, 8],
							"color": 0,
							"children": [57, 58, 59, 60, 61, 62, 63, 64, 65, 66, 67, 68, 69, 70]
						}
					]
				}
			]
		}
	]
}