{
	"__comment": "Designed by Sphax with BDcraft Cubik PRO 0.76 Beta - http://bdcraft.net",
	"parent": "item/_bdc/door",
	"ambientocclusion": false,
	"textures": {
		"particle": "#top",
		"bottom": "block/copper_door_bottom",
		"top": "block/copper_door_top"
	},
	"elements": [
		{
			"__comment": "Box11",
			"from": [ 6.5, 0, 0 ],
			"to": [ 9.5, 16, 16 ],
			"faces": {
				"down": { "uv": [ 0, 5.25, 2, 5.75 ], "texture": "#bottom", "cullface": "down" },
				"north": { "uv": [ 0, 0, 0.25, 16 ], "texture": "#bottom", "cullface": "north" },
				"south": { "uv": [ 0, 5.25, 2, 5.75 ], "texture": "#bottom", "cullface": "south" },
				"west": { "uv": [ 0, 0, 16, 16 ], "texture": "#bottom", "cullface": "west" },
				"east": { "uv": [ 16, 0, 0, 16 ], "texture": "#bottom" }
			}
		},
		{
			"from": [ 6.5, 16, 0 ],
			"to": [ 9.5, 32, 3 ],
			"faces": {
				"up": { "uv": [ 0, 5.25, 2, 5.75 ], "texture": "#bottom", "cullface": "up" },
				"north": { "uv": [ 0, 0, 0.25, 16 ], "texture": "#top", "cullface": "north" },
				"south": { "uv": [ 0, 5.25, 2, 5.75 ], "texture": "#bottom" },
				"west": { "uv": [ 0, 0, 3, 16 ], "texture": "#top", "cullface": "west" },
				"east": { "uv": [ 3, 0, 0, 16 ], "texture": "#top" }
			}
		},
		{
			"from": [ 6.5, 16, 13 ],
			"to": [ 9.5, 32, 16 ],
			"faces": {
				"up": { "uv": [ 0, 5.25, 2, 5.75 ], "texture": "#bottom", "cullface": "up" },
				"north": { "uv": [ 2, 5.25, 0, 5.75 ], "texture": "#bottom" },
				"south": { "uv": [ 0, 5.25, 2, 5.75 ], "texture": "#bottom", "cullface": "south" },
				"west": { "uv": [ 13, 0, 16, 16 ], "texture": "#top", "cullface": "west" },
				"east": { "uv": [ 16, 0, 13, 16 ], "texture": "#top" }
			}
		},
		{
			"from": [ 6.5, 29, 3 ],
			"to": [ 9.5, 32, 13 ],
			"faces": {
				"down": { "uv": [ 0, 5.25, 2, 5.75 ], "texture": "#bottom" },
				"up": { "uv": [ 0, 5.25, 2, 5.75 ], "texture": "#bottom", "cullface": "up" },
				"west": { "uv": [ 3, 0, 13, 3 ], "texture": "#top", "cullface": "west" },
				"east": { "uv": [ 13, 0, 3, 3 ], "texture": "#top" }
			}
		},
		{
			"__comment": "Box15",
			"from": [ 7.75, 31, 11 ],
			"to": [ 8.75, 32, 13 ],
			"faces": {
				"down": { "uv": [ 13, 0, 11, 0.25 ], "texture": "#bottom", "rotation": 90 },
				"north": { "uv": [ 11, 0, 13, 1 ], "texture": "#bottom" },
				"south": { "uv": [ 11, 0, 13, 1 ], "texture": "#bottom" },
				"west": { "uv": [ 11, 0, 13, 1 ], "texture": "#bottom" },
				"east": { "uv": [ 13, 0, 11, 1 ], "texture": "#bottom" }
			}
		},
		{
			"__comment": "Box18",
			"from": [ 6.5, 16, 3 ],
			"to": [ 9.5, 19, 13 ],
			"faces": {
				"up": { "uv": [ 0, 5.25, 2, 5.75 ], "texture": "#bottom" },
				"west": { "uv": [ 3, 13, 13, 16 ], "texture": "#top", "cullface": "west" },
				"east": { "uv": [ 13, 13, 3, 16 ], "texture": "#top" }
			}
		},
		{
			"__comment": "Box19",
			"from": [ 7.25, 22, 6 ],
			"to": [ 8.75, 23, 10 ],
			"faces": {
				"down": { "uv": [ 9, 12, 9.5, 13 ], "texture": "#top", "rotation": 270 },
				"up": { "uv": [ 9, 12, 9.5, 13 ], "texture": "#top", "rotation": 270 },
				"north": { "uv": [ 9, 13, 9.5, 12 ], "texture": "#top", "rotation": 270 },
				"south": { "uv": [ 9, 12, 9.5, 13 ], "texture": "#top", "rotation": 270 },
				"west": { "uv": [ 6, 9, 10, 10 ], "texture": "#top" },
				"east": { "uv": [ 10, 9, 6, 10 ], "texture": "#top" }
			}
		},
		{
			"__comment": "Box19",
			"from": [ 7.25, 25, 6 ],
			"to": [ 8.75, 26, 10 ],
			"faces": {
				"down": { "uv": [ 9, 12, 9.5, 13 ], "texture": "#top", "rotation": 270 },
				"up": { "uv": [ 9, 12, 9.5, 13 ], "texture": "#top", "rotation": 270 },
				"north": { "uv": [ 9, 13, 9.5, 12 ], "texture": "#top", "rotation": 270 },
				"south": { "uv": [ 9, 12, 9.5, 13 ], "texture": "#top", "rotation": 270 },
				"west": { "uv": [ 6, 6, 10, 7 ], "texture": "#top" },
				"east": { "uv": [ 10, 6, 6, 7 ], "texture": "#top" }
			}
		},
		{
			"__comment": "Box19",
			"from": [ 7.25, 23, 6 ],
			"to": [ 8.75, 25, 7 ],
			"faces": {
				"north": { "uv": [ 9, 13, 9.5, 12 ], "texture": "#top", "rotation": 270 },
				"south": { "uv": [ 9, 12, 9.5, 13 ], "texture": "#top", "rotation": 270 },
				"west": { "uv": [ 6, 7, 7, 9 ], "texture": "#top" },
				"east": { "uv": [ 7, 7, 6, 9 ], "texture": "#top" }
			}
		},
		{
			"__comment": "Box19",
			"from": [ 7.25, 23, 9 ],
			"to": [ 8.75, 25, 10 ],
			"faces": {
				"north": { "uv": [ 9, 13, 9.5, 12 ], "texture": "#top", "rotation": 270 },
				"south": { "uv": [ 9, 12, 9.5, 13 ], "texture": "#top", "rotation": 270 },
				"west": { "uv": [ 9, 7, 10, 9 ], "texture": "#top" },
				"east": { "uv": [ 10, 7, 9, 9 ], "texture": "#top" }
			}
		},
		{
			"__comment": "cross",
			"from": [ 7.5, 28.5, 3 ],
			"to": [ 8.5, 29.5, 7.75 ],
			"rotation": { "origin": [ 7.5, 29, 3 ], "axis": "x", "angle": 45 },
			"faces": {
				"down": { "uv": [ 5, 13, 10, 12 ], "texture": "#top", "rotation": 90 },
				"up": { "uv": [ 5, 12, 10, 13 ], "texture": "#top", "rotation": 270 },
				"west": { "uv": [ 5, 12, 10, 13 ], "texture": "#top" },
				"east": { "uv": [ 5, 12, 10, 13 ], "texture": "#top" }
			}
		},
		{
			"__comment": "cross",
			"from": [ 7.5, 18.5, 8.25 ],
			"to": [ 8.5, 19.5, 13 ],
			"rotation": { "origin": [ 7.5, 19, 13 ], "axis": "x", "angle": 45 },
			"faces": {
				"down": { "uv": [ 5, 13, 10, 12 ], "texture": "#top", "rotation": 90 },
				"up": { "uv": [ 5, 12, 10, 13 ], "texture": "#top", "rotation": 270 },
				"west": { "uv": [ 5, 12, 10, 13 ], "texture": "#top" },
				"east": { "uv": [ 5, 12, 10, 13 ], "texture": "#top" }
			}
		},
		{
			"__comment": "cross",
			"from": [ 7.5, 28.5, 8.25 ],
			"to": [ 8.5, 29.5, 13 ],
			"rotation": { "origin": [ 7.5, 29, 13 ], "axis": "x", "angle": -45 },
			"faces": {
				"down": { "uv": [ 5, 13, 10, 12 ], "texture": "#top", "rotation": 90 },
				"up": { "uv": [ 5, 12, 10, 13 ], "texture": "#top", "rotation": 270 },
				"west": { "uv": [ 5, 12, 10, 13 ], "texture": "#top" },
				"east": { "uv": [ 5, 12, 10, 13 ], "texture": "#top" }
			}
		},
		{
			"__comment": "cross",
			"from": [ 7.5, 18.5, 3 ],
			"to": [ 8.5, 19.5, 7.75 ],
			"rotation": { "origin": [ 7.5, 19, 3 ], "axis": "x", "angle": -45 },
			"faces": {
				"down": { "uv": [ 5, 13, 10, 12 ], "texture": "#top", "rotation": 90 },
				"up": { "uv": [ 5, 12, 10, 13 ], "texture": "#top", "rotation": 270 },
				"west": { "uv": [ 5, 12, 10, 13 ], "texture": "#top" },
				"east": { "uv": [ 5, 12, 10, 13 ], "texture": "#top" }
			}
		}
	]
}
