{
	"__comment": "Designed by HanFox with Cubik Studio - https://cubik.studio",
	"parent": "item/_bdc/door",
	"ambientocclusion": false,
	"textures": {
		"particle": "#texture1",
		"texture": "block/pale_oak_door_top",
		"texture1": "block/pale_oak_door_bottom"
	},
	"elements": [
		{
			"from": [ 6.5, 16, 0 ],
			"to": [ 9.5, 32, 16 ],
			"faces": {
				"up": { "uv": [ 13, 1, 16, 1.5 ], "texture": "#texture", "cullface": "up" },
				"north": { "uv": [ 0, 0, 0.125, 16 ], "texture": "#texture", "cullface": "north" },
				"south": { "uv": [ 13, 1, 16, 1.5 ], "texture": "#texture", "cullface": "south" },
				"west": { "uv": [ 0, 0, 16, 16 ], "texture": "#texture", "cullface": "west" },
				"east": { "uv": [ 16, 0, 0, 16 ], "texture": "#texture" }
			}
		},
		{
			"from": [ 6.5, 0, 0 ],
			"to": [ 9.5, 16, 16 ],
			"faces": {
				"down": { "uv": [ 13, 6, 16, 6.5 ], "texture": "#texture1", "cullface": "down" },
				"north": { "uv": [ 0, 0, 0.125, 16 ], "texture": "#texture1", "cullface": "north" },
				"south": { "uv": [ 13, 6, 16, 6.5 ], "texture": "#texture1", "cullface": "south" },
				"west": { "uv": [ 0, 0, 16, 16 ], "texture": "#texture1", "cullface": "west" },
				"east": { "uv": [ 16, 0, 0, 16 ], "texture": "#texture1" }
			}
		}
	]
}