{"parent": "minecraft:adventure/sleep_in_bed", "criteria": {"minecraft:badlands": {"conditions": {"player": [{"condition": "minecraft:entity_properties", "entity": "this", "predicate": {"location": {"biomes": "minecraft:badlands"}}}]}, "trigger": "minecraft:location"}, "minecraft:bamboo_jungle": {"conditions": {"player": [{"condition": "minecraft:entity_properties", "entity": "this", "predicate": {"location": {"biomes": "minecraft:bamboo_jungle"}}}]}, "trigger": "minecraft:location"}, "minecraft:beach": {"conditions": {"player": [{"condition": "minecraft:entity_properties", "entity": "this", "predicate": {"location": {"biomes": "minecraft:beach"}}}]}, "trigger": "minecraft:location"}, "minecraft:birch_forest": {"conditions": {"player": [{"condition": "minecraft:entity_properties", "entity": "this", "predicate": {"location": {"biomes": "minecraft:birch_forest"}}}]}, "trigger": "minecraft:location"}, "minecraft:cherry_grove": {"conditions": {"player": [{"condition": "minecraft:entity_properties", "entity": "this", "predicate": {"location": {"biomes": "minecraft:cherry_grove"}}}]}, "trigger": "minecraft:location"}, "minecraft:cold_ocean": {"conditions": {"player": [{"condition": "minecraft:entity_properties", "entity": "this", "predicate": {"location": {"biomes": "minecraft:cold_ocean"}}}]}, "trigger": "minecraft:location"}, "minecraft:dark_forest": {"conditions": {"player": [{"condition": "minecraft:entity_properties", "entity": "this", "predicate": {"location": {"biomes": "minecraft:dark_forest"}}}]}, "trigger": "minecraft:location"}, "minecraft:deep_cold_ocean": {"conditions": {"player": [{"condition": "minecraft:entity_properties", "entity": "this", "predicate": {"location": {"biomes": "minecraft:deep_cold_ocean"}}}]}, "trigger": "minecraft:location"}, "minecraft:deep_dark": {"conditions": {"player": [{"condition": "minecraft:entity_properties", "entity": "this", "predicate": {"location": {"biomes": "minecraft:deep_dark"}}}]}, "trigger": "minecraft:location"}, "minecraft:deep_frozen_ocean": {"conditions": {"player": [{"condition": "minecraft:entity_properties", "entity": "this", "predicate": {"location": {"biomes": "minecraft:deep_frozen_ocean"}}}]}, "trigger": "minecraft:location"}, "minecraft:deep_lukewarm_ocean": {"conditions": {"player": [{"condition": "minecraft:entity_properties", "entity": "this", "predicate": {"location": {"biomes": "minecraft:deep_lukewarm_ocean"}}}]}, "trigger": "minecraft:location"}, "minecraft:deep_ocean": {"conditions": {"player": [{"condition": "minecraft:entity_properties", "entity": "this", "predicate": {"location": {"biomes": "minecraft:deep_ocean"}}}]}, "trigger": "minecraft:location"}, "minecraft:desert": {"conditions": {"player": [{"condition": "minecraft:entity_properties", "entity": "this", "predicate": {"location": {"biomes": "minecraft:desert"}}}]}, "trigger": "minecraft:location"}, "minecraft:dripstone_caves": {"conditions": {"player": [{"condition": "minecraft:entity_properties", "entity": "this", "predicate": {"location": {"biomes": "minecraft:dripstone_caves"}}}]}, "trigger": "minecraft:location"}, "minecraft:eroded_badlands": {"conditions": {"player": [{"condition": "minecraft:entity_properties", "entity": "this", "predicate": {"location": {"biomes": "minecraft:eroded_badlands"}}}]}, "trigger": "minecraft:location"}, "minecraft:flower_forest": {"conditions": {"player": [{"condition": "minecraft:entity_properties", "entity": "this", "predicate": {"location": {"biomes": "minecraft:flower_forest"}}}]}, "trigger": "minecraft:location"}, "minecraft:forest": {"conditions": {"player": [{"condition": "minecraft:entity_properties", "entity": "this", "predicate": {"location": {"biomes": "minecraft:forest"}}}]}, "trigger": "minecraft:location"}, "minecraft:frozen_ocean": {"conditions": {"player": [{"condition": "minecraft:entity_properties", "entity": "this", "predicate": {"location": {"biomes": "minecraft:frozen_ocean"}}}]}, "trigger": "minecraft:location"}, "minecraft:frozen_peaks": {"conditions": {"player": [{"condition": "minecraft:entity_properties", "entity": "this", "predicate": {"location": {"biomes": "minecraft:frozen_peaks"}}}]}, "trigger": "minecraft:location"}, "minecraft:frozen_river": {"conditions": {"player": [{"condition": "minecraft:entity_properties", "entity": "this", "predicate": {"location": {"biomes": "minecraft:frozen_river"}}}]}, "trigger": "minecraft:location"}, "minecraft:grove": {"conditions": {"player": [{"condition": "minecraft:entity_properties", "entity": "this", "predicate": {"location": {"biomes": "minecraft:grove"}}}]}, "trigger": "minecraft:location"}, "minecraft:ice_spikes": {"conditions": {"player": [{"condition": "minecraft:entity_properties", "entity": "this", "predicate": {"location": {"biomes": "minecraft:ice_spikes"}}}]}, "trigger": "minecraft:location"}, "minecraft:jagged_peaks": {"conditions": {"player": [{"condition": "minecraft:entity_properties", "entity": "this", "predicate": {"location": {"biomes": "minecraft:jagged_peaks"}}}]}, "trigger": "minecraft:location"}, "minecraft:jungle": {"conditions": {"player": [{"condition": "minecraft:entity_properties", "entity": "this", "predicate": {"location": {"biomes": "minecraft:jungle"}}}]}, "trigger": "minecraft:location"}, "minecraft:lukewarm_ocean": {"conditions": {"player": [{"condition": "minecraft:entity_properties", "entity": "this", "predicate": {"location": {"biomes": "minecraft:lukewarm_ocean"}}}]}, "trigger": "minecraft:location"}, "minecraft:lush_caves": {"conditions": {"player": [{"condition": "minecraft:entity_properties", "entity": "this", "predicate": {"location": {"biomes": "minecraft:lush_caves"}}}]}, "trigger": "minecraft:location"}, "minecraft:mangrove_swamp": {"conditions": {"player": [{"condition": "minecraft:entity_properties", "entity": "this", "predicate": {"location": {"biomes": "minecraft:mangrove_swamp"}}}]}, "trigger": "minecraft:location"}, "minecraft:meadow": {"conditions": {"player": [{"condition": "minecraft:entity_properties", "entity": "this", "predicate": {"location": {"biomes": "minecraft:meadow"}}}]}, "trigger": "minecraft:location"}, "minecraft:mushroom_fields": {"conditions": {"player": [{"condition": "minecraft:entity_properties", "entity": "this", "predicate": {"location": {"biomes": "minecraft:mushroom_fields"}}}]}, "trigger": "minecraft:location"}, "minecraft:ocean": {"conditions": {"player": [{"condition": "minecraft:entity_properties", "entity": "this", "predicate": {"location": {"biomes": "minecraft:ocean"}}}]}, "trigger": "minecraft:location"}, "minecraft:old_growth_birch_forest": {"conditions": {"player": [{"condition": "minecraft:entity_properties", "entity": "this", "predicate": {"location": {"biomes": "minecraft:old_growth_birch_forest"}}}]}, "trigger": "minecraft:location"}, "minecraft:old_growth_pine_taiga": {"conditions": {"player": [{"condition": "minecraft:entity_properties", "entity": "this", "predicate": {"location": {"biomes": "minecraft:old_growth_pine_taiga"}}}]}, "trigger": "minecraft:location"}, "minecraft:old_growth_spruce_taiga": {"conditions": {"player": [{"condition": "minecraft:entity_properties", "entity": "this", "predicate": {"location": {"biomes": "minecraft:old_growth_spruce_taiga"}}}]}, "trigger": "minecraft:location"}, "minecraft:plains": {"conditions": {"player": [{"condition": "minecraft:entity_properties", "entity": "this", "predicate": {"location": {"biomes": "minecraft:plains"}}}]}, "trigger": "minecraft:location"}, "minecraft:river": {"conditions": {"player": [{"condition": "minecraft:entity_properties", "entity": "this", "predicate": {"location": {"biomes": "minecraft:river"}}}]}, "trigger": "minecraft:location"}, "minecraft:savanna": {"conditions": {"player": [{"condition": "minecraft:entity_properties", "entity": "this", "predicate": {"location": {"biomes": "minecraft:savanna"}}}]}, "trigger": "minecraft:location"}, "minecraft:savanna_plateau": {"conditions": {"player": [{"condition": "minecraft:entity_properties", "entity": "this", "predicate": {"location": {"biomes": "minecraft:savanna_plateau"}}}]}, "trigger": "minecraft:location"}, "minecraft:snowy_beach": {"conditions": {"player": [{"condition": "minecraft:entity_properties", "entity": "this", "predicate": {"location": {"biomes": "minecraft:snowy_beach"}}}]}, "trigger": "minecraft:location"}, "minecraft:snowy_plains": {"conditions": {"player": [{"condition": "minecraft:entity_properties", "entity": "this", "predicate": {"location": {"biomes": "minecraft:snowy_plains"}}}]}, "trigger": "minecraft:location"}, "minecraft:snowy_slopes": {"conditions": {"player": [{"condition": "minecraft:entity_properties", "entity": "this", "predicate": {"location": {"biomes": "minecraft:snowy_slopes"}}}]}, "trigger": "minecraft:location"}, "minecraft:snowy_taiga": {"conditions": {"player": [{"condition": "minecraft:entity_properties", "entity": "this", "predicate": {"location": {"biomes": "minecraft:snowy_taiga"}}}]}, "trigger": "minecraft:location"}, "minecraft:sparse_jungle": {"conditions": {"player": [{"condition": "minecraft:entity_properties", "entity": "this", "predicate": {"location": {"biomes": "minecraft:sparse_jungle"}}}]}, "trigger": "minecraft:location"}, "minecraft:stony_peaks": {"conditions": {"player": [{"condition": "minecraft:entity_properties", "entity": "this", "predicate": {"location": {"biomes": "minecraft:stony_peaks"}}}]}, "trigger": "minecraft:location"}, "minecraft:stony_shore": {"conditions": {"player": [{"condition": "minecraft:entity_properties", "entity": "this", "predicate": {"location": {"biomes": "minecraft:stony_shore"}}}]}, "trigger": "minecraft:location"}, "minecraft:sunflower_plains": {"conditions": {"player": [{"condition": "minecraft:entity_properties", "entity": "this", "predicate": {"location": {"biomes": "minecraft:sunflower_plains"}}}]}, "trigger": "minecraft:location"}, "minecraft:swamp": {"conditions": {"player": [{"condition": "minecraft:entity_properties", "entity": "this", "predicate": {"location": {"biomes": "minecraft:swamp"}}}]}, "trigger": "minecraft:location"}, "minecraft:taiga": {"conditions": {"player": [{"condition": "minecraft:entity_properties", "entity": "this", "predicate": {"location": {"biomes": "minecraft:taiga"}}}]}, "trigger": "minecraft:location"}, "minecraft:warm_ocean": {"conditions": {"player": [{"condition": "minecraft:entity_properties", "entity": "this", "predicate": {"location": {"biomes": "minecraft:warm_ocean"}}}]}, "trigger": "minecraft:location"}, "minecraft:windswept_forest": {"conditions": {"player": [{"condition": "minecraft:entity_properties", "entity": "this", "predicate": {"location": {"biomes": "minecraft:windswept_forest"}}}]}, "trigger": "minecraft:location"}, "minecraft:windswept_gravelly_hills": {"conditions": {"player": [{"condition": "minecraft:entity_properties", "entity": "this", "predicate": {"location": {"biomes": "minecraft:windswept_gravelly_hills"}}}]}, "trigger": "minecraft:location"}, "minecraft:windswept_hills": {"conditions": {"player": [{"condition": "minecraft:entity_properties", "entity": "this", "predicate": {"location": {"biomes": "minecraft:windswept_hills"}}}]}, "trigger": "minecraft:location"}, "minecraft:windswept_savanna": {"conditions": {"player": [{"condition": "minecraft:entity_properties", "entity": "this", "predicate": {"location": {"biomes": "minecraft:windswept_savanna"}}}]}, "trigger": "minecraft:location"}, "minecraft:wooded_badlands": {"conditions": {"player": [{"condition": "minecraft:entity_properties", "entity": "this", "predicate": {"location": {"biomes": "minecraft:wooded_badlands"}}}]}, "trigger": "minecraft:location"}}, "display": {"description": {"translate": "advancements.adventure.adventuring_time.description"}, "frame": "challenge", "icon": {"count": 1, "id": "minecraft:diamond_boots"}, "title": {"translate": "advancements.adventure.adventuring_time.title"}}, "requirements": [["minecraft:mushroom_fields"], ["minecraft:deep_frozen_ocean"], ["minecraft:frozen_ocean"], ["minecraft:deep_cold_ocean"], ["minecraft:cold_ocean"], ["minecraft:deep_ocean"], ["minecraft:ocean"], ["minecraft:deep_lukewarm_ocean"], ["minecraft:lukewarm_ocean"], ["minecraft:warm_ocean"], ["minecraft:stony_shore"], ["minecraft:swamp"], ["minecraft:mangrove_swamp"], ["minecraft:snowy_slopes"], ["minecraft:snowy_plains"], ["minecraft:snowy_beach"], ["minecraft:windswept_gravelly_hills"], ["minecraft:grove"], ["minecraft:windswept_hills"], ["minecraft:snowy_taiga"], ["minecraft:windswept_forest"], ["minecraft:taiga"], ["minecraft:plains"], ["minecraft:meadow"], ["minecraft:beach"], ["minecraft:forest"], ["minecraft:old_growth_spruce_taiga"], ["minecraft:flower_forest"], ["minecraft:birch_forest"], ["minecraft:dark_forest"], ["minecraft:savanna_plateau"], ["minecraft:savanna"], ["minecraft:jungle"], ["minecraft:badlands"], ["minecraft:desert"], ["minecraft:wooded_badlands"], ["minecraft:jagged_peaks"], ["minecraft:stony_peaks"], ["minecraft:frozen_river"], ["minecraft:river"], ["minecraft:ice_spikes"], ["minecraft:old_growth_pine_taiga"], ["minecraft:sunflower_plains"], ["minecraft:old_growth_birch_forest"], ["minecraft:sparse_jungle"], ["minecraft:bamboo_jungle"], ["minecraft:eroded_badlands"], ["minecraft:windswept_savanna"], ["minecraft:cherry_grove"], ["minecraft:frozen_peaks"], ["minecraft:dripstone_caves"], ["minecraft:lush_caves"], ["minecraft:deep_dark"]], "rewards": {"function": "roguecraft:skillpoints/advancement"}, "sends_telemetry_event": true}