{"parent": "minecraft:adventure/shoot_arrow", "criteria": {"bullseye": {"conditions": {"projectile": [{"condition": "minecraft:entity_properties", "entity": "this", "predicate": {"distance": {"horizontal": {"min": 30.0}}}}], "signal_strength": 15}, "trigger": "minecraft:target_hit"}}, "display": {"description": {"translate": "advancements.adventure.bullseye.description"}, "frame": "challenge", "icon": {"count": 1, "id": "minecraft:target"}, "title": {"translate": "advancements.adventure.bullseye.title"}}, "requirements": [["bullseye"]], "rewards": {"function": "roguecraft:skillpoints/advancement"}, "sends_telemetry_event": true}