{"parent": "minecraft:adventure/minecraft_trials_edition", "criteria": {"overoverkill": {"conditions": {"damage": {"type": {"direct_entity": {"type": "minecraft:player", "equipment": {"mainhand": {"items": "minecraft:mace"}}}, "tags": [{"expected": true, "id": "minecraft:is_player_attack"}]}, "dealt": {"min": 100.0}}}, "trigger": "minecraft:player_hurt_entity"}}, "display": {"description": {"translate": "advancements.adventure.overoverkill.description"}, "frame": "challenge", "icon": {"count": 1, "id": "minecraft:mace"}, "title": {"translate": "advancements.adventure.overoverkill.title"}}, "requirements": [["overoverkill"]], "rewards": {"function": "roguecraft:skillpoints/advancement"}, "sends_telemetry_event": true}