{"parent": "minecraft:adventure/trade", "criteria": {"summoned_golem": {"conditions": {"entity": [{"condition": "minecraft:entity_properties", "entity": "this", "predicate": {"type": "minecraft:iron_golem"}}]}, "trigger": "minecraft:summoned_entity"}}, "display": {"description": {"translate": "advancements.adventure.summon_iron_golem.description"}, "frame": "goal", "icon": {"count": 1, "id": "minecraft:carved_pumpkin"}, "title": {"translate": "advancements.adventure.summon_iron_golem.title"}}, "requirements": [["summoned_golem"]], "sends_telemetry_event": true, "rewards": {"function": "roguecraft:skillpoints/advancement"}}