{
	"criteria": {
		"requirement": {
			"trigger": "minecraft:consume_item",
			"conditions": {
				"player": [
					{
						"condition": "minecraft:entity_properties",
						"entity": "this",
						"predicate": {}
					}
				],
				"item": {
					"items": [
						"minecraft:potion"
					],
					"components": {"custom_data":{"tag":"bloodbound_potion"},"enchantments":{"levels":{"lure":0}},"potion_contents":{"custom_color":8912896}}
				}
			}
		}
	},
	"rewards": {
		"function": "cavernous:myst/drank_potion"
	}
}
