{
  "//comment": "These entities will be ignored even when specified in the animation json files. Entities that should not be affected do not need to get listed here",
  "replace": false,
  "values": [
    "minecraft:player",
    "minecraft:item",
    "minecraft:item_frame",
    {"id": "minecraft:glow_item_frame", "required": false},
    "minecraft:armor_stand",
    "minecraft:area_effect_cloud",
    {"id": "minecraft:marker", "required": false},
    {"id": "minecraft:item_display", "required": false},
    {"id": "minecraft:text_display", "required": false},
    {"id": "minecraft:block_display", "required": false},
    {"id": "minecraft:interaction", "required": false},
    "minecraft:falling_block",
    "minecraft:tnt",
    {"id": "#minecraft:impact_projectiles", "required": false},
    "#minecraft:arrows",
    "minecraft:shulker_bullet",
    "minecraft:ender_pearl",
    "minecraft:eye_of_ender",
    "minecraft:end_crystal",
    "minecraft:experience_orb",
    "minecraft:experience_bottle",
    "minecraft:potion",
    "minecraft:firework_rocket",
    {"id": "minecraft:boat", "required": false},
    {"id": "#minecraft:boat", "required": false},
    {"id": "minecraft:chest_boat", "required": false},
    "minecraft:minecart",
    "minecraft:chest_minecart",
    "minecraft:furnace_minecart",
    "minecraft:hopper_minecart",
    "minecraft:command_block_minecart",
    "minecraft:spawner_minecart",
    "minecraft:tnt_minecart",
    "minecraft:fishing_bobber",
    "minecraft:llama_spit",
    "minecraft:leash_knot",
    "minecraft:painting",
    "minecraft:lightning_bolt"
  ]
}
