{
  "type": "minecraft:archaeology",
  "pools": [
    {
      "bonus_rolls": 0.0,
      "entries": [
        {
          "type": "minecraft:item",
          "name": "minecraft:archer_pottery_sherd",
          "functions": [
            {
              "function":"minecraft:set_components",
              "components": {
                "minecraft:tooltip_style": "raritytooltips:uncommon"
              }
            }
          ]
        },
        {
          "type": "minecraft:item",
          "name": "minecraft:miner_pottery_sherd",
          "functions": [
            {
              "function":"minecraft:set_components",
              "components": {
                "minecraft:tooltip_style": "raritytooltips:uncommon"
              }
            }
          ]
        },
        {
          "type": "minecraft:item",
          "name": "minecraft:prize_pottery_sherd",
          "functions": [
            {
              "function":"minecraft:set_components",
              "components": {
                "minecraft:tooltip_style": "raritytooltips:uncommon"
              }
            }
          ]
        },
        {
          "type": "minecraft:item",
          "name": "minecraft:skull_pottery_sherd",
          "functions": [
            {
              "function":"minecraft:set_components",
              "components": {
                "minecraft:tooltip_style": "raritytooltips:uncommon"
              }
            }
          ]
        },
        {
          "type": "minecraft:item",
          "name": "minecraft:diamond"
        },
        {
          "type": "minecraft:item",
          "name": "minecraft:tnt"
        },
        {
          "type": "minecraft:item",
          "name": "minecraft:gunpowder"
        },
        {
          "type": "minecraft:item",
          "name": "minecraft:emerald"
        }
      ],
      "rolls": 1.0
    }
  ],
  "random_sequence": "minecraft:archaeology/desert_pyramid"
}