{
  "type": "minecraft:jigsaw",
  "biomes": [
    "minecraft:swamp",
    "minecraft:mangrove_swamp"
  ],
  "step": "surface_structures",
  "spawn_overrides": {
    "monster": {
      "bounding_box": "full",
      "spawns": [
        {
          "type": "minecraft:witch",
          "weight": 70,
          "minCount": 3,
          "maxCount": 4
        },
        {
          "type": "minecraft:slime",
          "weight": 70,
          "minCount": 2,
          "maxCount": 3
        }
      ]
    }
  },
  "terrain_adaptation": "beard_box",
  "start_pool": "luistercorp:swamp/lava_well",
  "size": 1,
  "start_height": {
    "absolute": 0
  },
  "project_start_to_heightmap": "WORLD_SURFACE_WG",
  "max_distance_from_center": 20,
  "use_expansion_hack": false,
  "liquid_settings": "ignore_waterlogging"
}