{
  "pools": [
    {
      "rolls": 1,
      "entries": [
        {
          "type": "minecraft:item",
          "name": "minecraft:bone",
          "weight": 5,
          "functions": [
            {
              "function": "minecraft:set_count",
              "count": {
                "min": 1,
                "max": 2
              },
              "add": false
            },
            {
              "function": "minecraft:set_count",
              "count": 1,
              "add": true,
              "conditions": [
                {
                  "condition": "minecraft:random_chance_with_enchanted_bonus",
                  "enchantment": "minecraft:looting",
                  "unenchanted_chance": 0.2,
                  "enchanted_chance": {
                    "type": "minecraft:linear",
                    "base": 0.4,
                    "per_level_above_first": 0.2
                  }
                }
              ]
            }
          ],
          "conditions": [
            {
              "condition": "minecraft:random_chance",
              "chance": 0.125
            }
          ]
        },
        {
          "type": "minecraft:item",
          "name": "minecraft:wither_rose",
          "weight": 1,
		  "functions": [
            {
              "function": "minecraft:set_count",
              "count": 1
            }
          ],
          "conditions": [
            {
              "condition": "minecraft:random_chance_with_enchanted_bonus",
              "enchantment": "minecraft:looting",
              "unenchanted_chance": 0.005,
              "enchanted_chance": {
                "type": "minecraft:linear",
                "base": 0.006,
                "per_level_above_first": 0.001
              }
            }
          ]
        }
      ]
    }
  ]
}
