{
    "type": "minecraft:chest",
    "pools": [
      {
        "rolls": 5,
        "entries": [
          {
            "type": "minecraft:item",
            "name": "minecraft:vine"
          },
          {
            "type": "minecraft:item",
            "name": "minecraft:tnt"
          }
        ]
      },
      {
        "rolls": {
          "min": 0,
          "max": 1
        },
        "entries": [
          {
            "type": "minecraft:item",
            "name": "minecraft:book"
          }
        ],
        "functions": [
          {
            "function": "minecraft:enchant_with_levels",
            "levels": 30,
            "options": "#minecraft:on_random_loot"
          }
        ]
      },
      {
        "rolls": 5,
        "entries": [
          {
            "type": "minecraft:item",
            "name": "minecraft:gold_nugget"
          },
          {
            "type": "minecraft:item",
            "name": "minecraft:diamond"
          },
          {
            "type": "minecraft:item",
            "name": "minecraft:gold_ingot"
          }
        ]
      }
    ]
  }