{
    "type": "minecraft:chest",
    "pools": [
      {
        "rolls": 1,
        "entries": [
          {
            "type": "minecraft:item",
            "name": "minecraft:beetroot",
            "functions": []
          },
          {
            "type": "minecraft:item",
            "name": "minecraft:potato"
          },
          {
            "type": "minecraft:item",
            "name": "minecraft:carrot"
          },
          {
            "type": "minecraft:item",
            "name": "minecraft:wheat"
          },
          {
            "type": "minecraft:item",
            "name": "minecraft:gold_ingot"
          },
          {
            "type": "minecraft:item",
            "name": "minecraft:iron_ingot"
          },
          {
            "type": "minecraft:item",
            "name": "minecraft:emerald",
            "functions": []
          }
        ],
        "functions": []
      }
    ]
  }