{
    "type": "minecraft:archaeology",
    "pools": [
      {
        "bonus_rolls": 0,
        "entries": [
          {
            "type": "minecraft:item",
            "name": "minecraft:clay_ball",
            "weight": 5
          },
          {
            "type": "minecraft:item",
            "name": "minecraft:brick",
            "weight": 5
          },
          {
            "type": "minecraft:item",
            "name": "minecraft:burn_pottery_sherd",
            "weight": 1
          },
          {
            "type": "minecraft:item",
            "name": "minecraft:danger_pottery_sherd",
            "weight": 1
          },
          {
            "type": "minecraft:item",
            "name": "minecraft:friend_pottery_sherd",
            "weight": 1
          },
          {
            "type": "minecraft:item",
            "name": "minecraft:heart_pottery_sherd",
            "weight": 1
          },
          {
            "type": "minecraft:item",
            "name": "minecraft:heartbreak_pottery_sherd",
            "weight": 1
          },
          {
            "type": "minecraft:item",
            "name": "minecraft:howl_pottery_sherd",
            "weight": 1
          },
          {
            "type": "minecraft:item",
            "name": "minecraft:sheaf_pottery_sherd",
            "weight": 1
          }
        ],
        "rolls": 1
      }
    ]
  }