{
    "group": "wasd_bows",
    "category": "equipment",
    "type": "minecraft:crafting_shaped",
    "pattern": [
        " $#",
        "$BD",
        " $#"
    ],
    "key": {
        "#": "minecraft:phantom_membrane",
        "$": "minecraft:feather",
        "B": "minecraft:bow",
        "D": "minecraft:diamond_block"
    },
    "result": {
        "count": 1,
        "id": "minecraft:bow",
        "components": {
            "minecraft:item_name": "{\"translate\":\"wasd.bows.master_builder\", \"italic\":false}",
            "minecraft:lore": [
                "{\"translate\": \"wasd.bows.master_builder.lore\", \"italic\":false, \"color\":blue}",
                "{\"translate\": \"wasd.bows.master_builder.lore2\", \"italic\":false, \"color\":blue}",
                "{\"translate\": \"wasd.bows.master_builder.lore3\", \"italic\":false, \"color\":blue}"
            ],
            "minecraft:custom_model_data": {
                "floats": [
                    6370129
                ]
            },
            "minecraft:item_model": "wasd:bows/master_builder",
            "repairable": {
                "items": "phantom_membrane"
            },
            "minecraft:max_damage": 384,
            "minecraft:custom_data": {
                "wasd_bow": 1
            }
        }
    }
}