{
    "group": "wasd_bows",
    "category": "equipment",
    "type": "minecraft:crafting_shaped",
    "pattern": [
        "123",
        "4B5",
        "678"
    ],
    "key": {
        "1": "minecraft:red_dye",
        "2": "minecraft:orange_dye",
        "3": "minecraft:yellow_dye",
        "4": "minecraft:pink_dye",
        "5": "minecraft:green_dye",
        "6": "minecraft:purple_dye",
        "7": "minecraft:blue_dye",
        "8": "minecraft:cyan_dye",
        "B": "minecraft:bow"
    },
    "result": {
        "count": 1,
        "id": "minecraft:bow",
        "components": {
            "minecraft:item_name": "{\"translate\":\"wasd.bows.rainbow\", \"italic\":false}",
            "minecraft:lore": [
                "{\"translate\": \"wasd.bows.rainbow.lore\", \"italic\":false, \"color\":blue}"
            ],
            "minecraft:custom_model_data": {
                "floats": [
                    6370108
                ]
            },
            "minecraft:item_model": "wasd:bows/rainbow",
            "repairable": {
                "items": "red_dye"
            },
            "minecraft:max_damage": 384,
            "minecraft:custom_data": {
                "wasd_bow": 1
            }
        }
    }
}