{
    "fallback": "minecraft:empty",
    "elements": [
        {
            "weight": 1,
            "element": {
                "location": "forsaken:wells/pump/cobble/1",
                "processors": "forsaken:wells/pump/mud",
                "projection": "rigid",
                "element_type": "minecraft:legacy_single_pool_element"
            }
        },
        {
            "weight": 1,
            "element": {
                "location": "forsaken:wells/pump/cobble/2",
                "processors": "forsaken:wells/pump/mud",
                "projection": "rigid",
                "element_type": "minecraft:legacy_single_pool_element"
            }
        },
        {
            "weight": 1,
            "element": {
                "location": "forsaken:wells/pump/cobble/3",
                "processors": "forsaken:wells/pump/mud",
                "projection": "rigid",
                "element_type": "minecraft:legacy_single_pool_element"
            }
        },
        {
            "weight": 1,
            "element": {
                "location": "forsaken:wells/pump/cobble/4",
                "processors": "forsaken:wells/pump/mud",
                "projection": "rigid",
                "element_type": "minecraft:legacy_single_pool_element"
            }
        },
        {
            "weight": 1,
            "element": {
                "location": "forsaken:wells/pump/cobble/5",
                "processors": "forsaken:wells/pump/mud",
                "projection": "rigid",
                "element_type": "minecraft:legacy_single_pool_element"
            }
        },
        {
            "weight": 1,
            "element": {
                "location": "forsaken:wells/pump/cobble/6",
                "processors": "forsaken:wells/pump/mud",
                "projection": "rigid",
                "element_type": "minecraft:legacy_single_pool_element"
            }
        },
        {
            "weight": 1,
            "element": {
                "location": "forsaken:wells/pump/cobble/7",
                "processors": "forsaken:wells/pump/mud",
                "projection": "rigid",
                "element_type": "minecraft:legacy_single_pool_element"
            }
        },
        {
            "weight": 1,
            "element": {
                "location": "forsaken:wells/pump/cobble/8",
                "processors": "forsaken:wells/pump/mud",
                "projection": "rigid",
                "element_type": "minecraft:legacy_single_pool_element"
            }
        },
        {
            "weight": 1,
            "element": {
                "location": "forsaken:wells/pump/cobble/9",
                "processors": "forsaken:wells/pump/mud",
                "projection": "rigid",
                "element_type": "minecraft:legacy_single_pool_element"
            }
        }
    ]
}