{
	"processors": [
		{
			"processor_type": "minecraft:rule",
			"rules": [
				{
					"location_predicate": {
						"predicate_type": "minecraft:random_block_match",
						"block": "minecraft:bone_block",
						"probability": 0.1
					},
					"input_predicate": {
						"predicate_type": "minecraft:always_true"
					},
					"output_state": {
						"Name": "minecraft:diamond_ore"
					}
				}
			]
		},
		{
			"processor_type": "minecraft:block_rot",
			"integrity": 0.2,
			"rottable_blocks": "#imst:fossil/rottable"
		}
	]
}
