{
    "name": "mstructure:wandering_trader_camp",
    "fallback": "minecraft:empty",
    "elements": [
        {
            "weight": 1,
            "element": {
                "location": "mstructure:wandering_trader_camp/blue",
                "processors": "minecraft:empty",
                "projection": "rigid",
                "element_type": "minecraft:single_pool_element"
            }
        },
        {
            "weight": 1,
            "element": {
                "location": "mstructure:wandering_trader_camp/red",
                "processors": "minecraft:empty",
                "projection": "rigid",
                "element_type": "minecraft:single_pool_element"
            }
        }
    ]
}