{
  "type": "minecraft:crafting_shaped",
  "category": "equipment",
  "pattern": [
    "  X",
    " X ",
    "#  "
  ],
  "key": {
    "#": "minecraft:stick",
    "X": "#minecraft:stone_tool_materials"
  },
  "result": {
    "id": "minecraft:stone_sword",
    "count": 1,
    "components": {
      "minecraft:item_name": "{'text':'Stone Dao'}",
      "minecraft:attribute_modifiers": {
        "modifiers": [
          {
            "type": "minecraft:attack_damage",
            "id": "attack_damage.dao",
            "amount": 2.75,
            "operation": "add_value",
            "slot": "mainhand"
          },
          {
            "type": "minecraft:attack_speed",
            "id": "attack_speed",
            "amount": -2,
            "operation": "add_value",
            "slot": "mainhand"
          }
        ],
        "show_in_tooltip": false
      },
      "lore": [
        "{'text':' '}",
        "{'color':'gray','italic':false,'text':'When in Main Hand:'}",
        "{'color':'dark_green','italic':false,'text':' 3.75 Attack Damage'}",
        "{'color':'dark_green','italic':false,'text':' 2 Attack Speed'}"
      ],
      "minecraft:item_model": "ppg:we/dao/stone"
    }
  }
}
