{
  "feature": "blooming_biosphere:savanna/terracotta_patch",
  "placement": [
    {
      "type": "minecraft:random_offset",
      "xz_spread": {
        "type": "minecraft:uniform",
          "min_inclusive": 4,
          "max_inclusive": 7
      },
      "y_spread": 0
    },
    {
      "type": "minecraft:count",
      "count": {
        "type": "minecraft:weighted_list",
        "distribution": [
          {
            "weight": 5,
            "data": 5
          },
          {
            "weight": 3,
            "data": 4
          }
        ]
      }
    }
  ]
}
