{
  "display": {
    "icon": {
      "id": "minecraft:bow",
      "components": {
        "minecraft:item_model": "ppg:we/boosting_bow"
      }
    },
    "title": "Jumpmaster",
    "description": "Obtain a Boosting Bow",
    "frame": "task",
    "show_toast": true,
    "announce_to_chat": true,
    "hidden": false
  },
  "parent": "ppgwe:display/spiked_bow",
  "criteria": {
    "requirement": {
      "trigger": "minecraft:inventory_changed",
      "conditions": {
        "items": [
          {
            "items": "minecraft:bow",
            "components": {
              "minecraft:item_model": "ppg:we/boosting_bow"
            }
          }
        ]
      }
    }
  }
}
