{
  "display": {
    "icon": {
      "id": "minecraft:iron_sword",
      "components": {
        "minecraft:item_model": "ppg:we/greatsword/iron"
      }
    },
    "title": "True Charged Slash",
    "description": "Obtain a Greatsword",
    "frame": "task",
    "show_toast": true,
    "announce_to_chat": true,
    "hidden": false
  },
  "parent": "ppgwe:display/weapon_compendium",
  "criteria": {
    "requirement": {
      "trigger": "minecraft:inventory_changed",
      "conditions": {
        "items": [
          {
            "items": "#minecraft:swords",
            "predicates": {
              "minecraft:attribute_modifiers": {
                "modifiers": {
                  "contains": [
                    {
                      "id": "attack_damage.greatsword"
                    }
                  ]
                }
              }
            }
          }
        ]
      }
    }
  }
}
