{
  "display": {
    "icon": {
      "id": "minecraft:iron_axe",
      "components": {
        "minecraft:item_model": "ppg:we/halberd/iron"
      }
    },
    "title": "Axe But Long and Pointy",
    "description": "Obtain a Halberd",
    "frame": "task",
    "show_toast": true,
    "announce_to_chat": true,
    "hidden": false
  },
  "parent": "ppgwe:display/weapon_compendium",
  "criteria": {
    "requirement": {
      "trigger": "minecraft:inventory_changed",
      "conditions": {
        "items": [
          {
            "items": "#minecraft:axes",
            "predicates": {
              "minecraft:attribute_modifiers": {
                "modifiers": {
                  "contains": [
                    {
                      "id": "attack_damage.halberd"
                    }
                  ]
                }
              }
            }
          }
        ]
      }
    }
  }
}
