{
  "display": {
    "icon": {
      "id": "minecraft:diamond_sword",
      "components": {
        "minecraft:item_model": "ppg:we/twinblade/diamond"
      }
    },
    "title": "PPG's Weapon Expansion",
    "description": "Thanks for downloading!",
    "background": "minecraft:textures/block/iron_block.png",
    "frame": "challenge",
    "show_toast": true,
    "announce_to_chat": true,
    "hidden": false
  },
  "criteria": {
    "requirement": {
      "trigger": "minecraft:tick"
    }
  },
  "rewards": {
    "recipes": [
      "ppgwe:weapon_compendium"
    ]
  }
}
