{
  "display": {
    "icon": {
      "id": "minecraft:repeating_command_block",
      "components": {
        "minecraft:item_model": "ppg:we/skin_template"
      }
    },
    "title": "Style Points",
    "description": "Obtain a Skin Template",
    "frame": "goal",
    "show_toast": true,
    "announce_to_chat": true,
    "hidden": false
  },
  "parent": "ppgwe:display/root",
  "criteria": {
    "requirement": {
      "trigger": "minecraft:inventory_changed",
      "conditions": {
        "items": [
          {
            "items": "minecraft:repeating_command_block",
            "components": {
              "minecraft:item_model": "ppg:we/skin_template"
            }
          }
        ]
      }
    }
  }
}
