{
  "display": {
    "icon": {
      "id": "minecraft:knowledge_book",
      "components": {
        "minecraft:item_model": "ppg:we/weapon_compendium"
      }
    },
    "title": "All Things Weapons!",
    "description": "Obtain a Weapon Compendium",
    "frame": "task",
    "show_toast": true,
    "announce_to_chat": true,
    "hidden": false
  },
  "parent": "ppgwe:display/root",
  "criteria": {
    "requirement": {
      "trigger": "minecraft:recipe_crafted",
      "conditions": {
        "recipe_id": "ppgwe:weapon_compendium"
      }
    }
  }
}
