{
  "display": {
    "icon": {
      "id": "minecraft:spruce_sapling"
    },
    "title": "Ho Ho Ho!",
    "description": "Obtain a Xmas Skin",
    "frame": "task",
    "show_toast": true,
    "announce_to_chat": true,
    "hidden": false
  },
  "parent": "ppgwe:display/skin_template",
  "criteria": {
    "requirement": {
      "trigger": "minecraft:inventory_changed",
      "conditions": {
        "items": [
          {
            "components": {
              "minecraft:custom_model_data": {
                "strings": [
                  "Xmas"
                ]
              }
            }
          }
        ]
      }
    }
  }
}
