{
  "criteria": {
    "requirement": {
      "trigger": "minecraft:any_block_use",
      "conditions": {
        "player": {
          "flags": {
            "is_sneaking": true
          },
          "slots": {
            "weapon.mainhand": {
              "count": 0
            },
            "weapon.offhand": {
              "count": 0
            }
          }
        },
        "location": [
          {
            "condition": "minecraft:any_of",
            "terms": [
              {
                "condition": "minecraft:block_state_property",
                "block": "minecraft:barrel"
              },
              {
                "condition": "minecraft:block_state_property",
                "block": "minecraft:chest"
              }
            ]
          }
        ]
      }
    }
  },
  "rewards": {
    "function": "haul:pickup"
  }
}