{
  "type": "minecraft:jigsaw",
  "biomes": [
    "minecraft:snowy_beach",
    "minecraft:snowy_taiga",
    "minecraft:snowy_plains",
    "minecraft:snowy_slopes",
    "minecraft:ice_spikes",
    "minecraft:grove",
    "minecraft:jagged_peaks",
    "minecraft:windswept_gravelly_hills",
    "minecraft:frozen_peaks"
  ],
  "step": "surface_structures",
  "spawn_overrides": {
    "monster": {
      "bounding_box": "full",
      "spawns": [
        {
          "type": "minecraft:bogged",
          "weight": 50,
          "minCount": 1,
          "maxCount": 1
        },
        {
          "type": "minecraft:zombie_villager",
          "weight": 50,
          "minCount": 1,
          "maxCount": 1
        }
      ]
    },
    "creature": {
      "bounding_box": "full",
      "spawns": [
        {
          "type": "minecraft:ocelot",
          "weight": 100,
          "minCount": 1,
          "maxCount": 1
        }
      ]
    }
  },
  "terrain_adaptation": "beard_box",
  "start_pool": "luistercorp:ice/normal_well",
  "size": 1,
  "start_height": {
    "absolute": 0
  },
  "project_start_to_heightmap": "WORLD_SURFACE_WG",
  "max_distance_from_center": 15,
  "use_expansion_hack": false,
  "liquid_settings": "ignore_waterlogging"
}