{
  "pools": [
    {
      "rolls": {
        "type": "minecraft:uniform",
        "min": 9,
        "max": 18
      },
      "entries": [
        {
          "type": "minecraft:item",
          "name": "minecraft:iron_ingot",
          "weight": 2
        },
        {
          "type": "minecraft:item",
          "name": "minecraft:iron_nugget",
          "weight": 1,
          "functions": [
            {
              "function": "minecraft:set_count",
              "count": {
                "type": "minecraft:uniform",
                "min": 3,
                "max": 16
              },
              "add": false
            }
          ]
        }
      ]
    },
    {
      "rolls": {
        "type": "minecraft:constant",
        "value": 1
      },
      "entries": [
        {
          "type": "minecraft:loot_table",
          "value": "pale_formations:bundles/generic/generic_gravel_filling"
        }
      ]
    }
  ],
  "random_sequence": "pale_formations:bundles/ville/final_iteration_bundle"
}
