{
    "logical_height": 384,
    "infiniburn": "#minecraft:infiniburn_overworld",
    "effects": "minecraft:overworld",
    "ambient_light": 0.4,
    "respawn_anchor_works": false,
    "has_raids": false,
    "min_y": -64,
    "height": 384,
    "natural": true,
    "coordinate_scale": 8.0,
    "piglin_safe": false,
    "bed_works": true,
    "fixed_time": 12800,
    "has_skylight": true,
    "has_ceiling": true,
    "ultrawarm": false,
    "monster_spawn_light_level": {
      "type": "minecraft:uniform",
      "min_inclusive": 0,
      "max_inclusive": 7
    },
    "monster_spawn_block_light_limit": 0
}