{
  "type": "minecraft:jigsaw",
  "biomes": [
    "minecraft:birch_forest",
    "minecraft:old_growth_birch_forest"
  ],  
  "step": "surface_structures",
  "spawn_overrides": {
    "monster": {
      "bounding_box": "full",
      "spawns": [
        {
          "type": "minecraft:skeleton",
          "weight": 100,
          "minCount": 1,
          "maxCount": 3
        }
      ]
    }
  },
  "terrain_adaptation": "beard_box",
  "start_pool": "luistercorp:birch/fountain_well",
  "size": 1,
  "start_height": {
    "absolute": 0
  },
  "project_start_to_heightmap": "WORLD_SURFACE_WG",
  "max_distance_from_center": 15,
  "use_expansion_hack": false,
  "liquid_settings": "ignore_waterlogging"
  

}