{
	"type": "minecraft:tree",
	"config": {
		"ignore_vines": true,
		"force_dirt": false,
		"minimum_size": {
			"type": "minecraft:two_layers_feature_size"
		},
		"dirt_provider": {
			"type": "minecraft:simple_state_provider",
			"state": {
				"Name": "minecraft:nether_wart_block"
			}
		},
		"trunk_provider": {
			"type": "minecraft:simple_state_provider",
			"state": {
				"Name": "minecraft:bone_block",
				"Properties": {
					"axis": "y"
				}
			}
		},
		"foliage_provider": {
			"type": "minecraft:simple_state_provider",
			"state": {
				"Name": "minecraft:nether_wart_block"
			}
		},
		"trunk_placer": {
			"type": "minecraft:straight_trunk_placer",
			"base_height": 5,
			"height_rand_a": 1,
			"height_rand_b": 0
		},
		"foliage_placer": {
			"type": "minecraft:cherry_foliage_placer",
			"radius": 2,
			"offset": 0,
			"height": {
				"type": "minecraft:uniform",
				
					"min_inclusive": 5,
					"max_inclusive": 6
				
			},
			"wide_bottom_layer_hole_chance": 0,
			"corner_hole_chance": 0.1,
			"hanging_leaves_chance": 0.3,
			"hanging_leaves_extension_chance": 0.5
		},
		"decorators": []
	}
}
