{
  "type": "minecraft:crafting_shaped",
  "category": "equipment",
  "pattern": [
    " X ",
    " X ",
    " O "
  ],
  "key": {
    "X": "#minecraft:stone_tool_materials",
    "O": "minecraft:stone_sword"
  },
  "result": {
    "id": "minecraft:stone_sword",
    "count": 1,
    "components": {
      "minecraft:item_name": "{'text':'Stone Greatsword'}",
      "minecraft:attribute_modifiers": {
        "modifiers": [
          {
            "type": "minecraft:attack_damage",
            "id": "attack_damage.greatsword",
            "amount": 7,
            "operation": "add_value",
            "slot": "mainhand"
          },
          {
            "type": "minecraft:attack_speed",
            "id": "attack_speed",
            "amount": -3.5,
            "operation": "add_value",
            "slot": "mainhand"
          },
          {
            "type": "minecraft:entity_interaction_range",
            "id": "entity_interaction_range",
            "amount": 0.5,
            "operation": "add_value",
            "slot": "mainhand"
          },
          {
            "type": "minecraft:sweeping_damage_ratio",
            "id": "sweeping_damage_ratio",
            "amount": 0.2,
            "operation": "add_value",
            "slot": "mainhand"
          },
          {
            "type": "minecraft:movement_speed",
            "id": "movement_speed.two_handed",
            "amount": 0,
            "operation": "add_multiplied_base",
            "slot": "mainhand"
          },
          {
            "type": "minecraft:attack_speed",
            "id": "attack_speed.two_handed",
            "amount": 0,
            "operation": "add_multiplied_base",
            "slot": "mainhand"
          }
        ],
        "show_in_tooltip": false
      },
      "lore": [
        "{'text':' '}",
        "{'bold':true,'color':'white','italic':false,'text':'[TWO-HANDED]'}",
        "[{'color':'red','italic':false,'text':'-50% Attack Speed '},{'color':'gray','italic':false,'text':'and'},{'color':'red','italic':false,'text':' -30% Movement'}]",
        "[{'color':'red','italic':false,'text':'Speed '},{'color':'gray','text':'when held if Off Hand is not emtpy.'}]",
        "{'text':' '}",
        "{'color':'gray','italic':false,'text':'When in Main Hand:'}",
        "{'color':'dark_green','italic':false,'text':' 8 Attack Damage'}",
        "{'color':'dark_green','italic':false,'text':' 0.5 Attack Speed'}",
        "{'color':'dark_green','italic':false,'text':' +0.5 Entity Reach'}",
        "{'color':'dark_green','italic':false,'text':' +20% Sweep Damage'}"
      ],
      "minecraft:item_model": "ppg:we/greatsword/stone"
    }
  }
}
