{
  "temperature": -0.5,
  "downfall": 0.4,
  "has_precipitation": true,
  "effects": {
        "sky_color": 10007537,
        "fog_color": 13228531,
      "water_color": 6141935,
      "water_fog_color": 6141935,
      "grass_color": 9023837,
      "foliage_color": 8038732,
      "mood_sound": {
          "sound": "minecraft:ambient.cave",
          "tick_delay": 6000,
          "block_search_extent": 8,
          "offset": 2
      },
      "music": [
          {
              "weight": 1,
              "data": {
                  "sound": "minecraft:music.overworld.cherry_grove",
                  "min_delay": 12000,
                  "max_delay": 24000,
                  "replace_current_music": false
              }
          }
      ]
  },
  "spawners": {
      "ambient": [
          {
              "type": "minecraft:bat",
              "weight": 10,
              "minCount": 8,
              "maxCount": 8
          }
      ],
      "axolotls": [],
      "creature": [
          {
              "type": "minecraft:fox",
              "weight": 1,
              "minCount": 2,
              "maxCount": 3
          },
          {
              "type": "minecraft:pig",
              "weight": 1,
              "minCount": 1,
              "maxCount": 2
          },
          {
              "type": "minecraft:rabbit",
              "weight": 2,
              "minCount": 2,
              "maxCount": 6
          },
          {
              "type": "minecraft:sheep",
              "weight": 2,
              "minCount": 2,
              "maxCount": 4
          }
      ],
      "misc": [],
      "monster": [
          {
              "type": "minecraft:spider",
              "weight": 100,
              "minCount": 4,
              "maxCount": 4
          },
          {
              "type": "minecraft:zombie",
              "weight": 95,
              "minCount": 4,
              "maxCount": 4
          },
          {
              "type": "minecraft:zombie_villager",
              "weight": 5,
              "minCount": 1,
              "maxCount": 1
          },
          {
              "type": "minecraft:skeleton",
              "weight": 100,
              "minCount": 4,
              "maxCount": 4
          },
          {
              "type": "minecraft:creeper",
              "weight": 100,
              "minCount": 4,
              "maxCount": 4
          },
          {
              "type": "minecraft:slime",
              "weight": 100,
              "minCount": 4,
              "maxCount": 4
          },
          {
              "type": "minecraft:enderman",
              "weight": 10,
              "minCount": 1,
              "maxCount": 4
          },
          {
              "type": "minecraft:witch",
              "weight": 5,
              "minCount": 1,
              "maxCount": 1
          }
      ],
      "underground_water_creature": [
          {
              "type": "minecraft:glow_squid",
              "weight": 10,
              "minCount": 4,
              "maxCount": 6
          }
      ],
      "water_ambient": [],
      "water_creature": []
  },
  "spawn_costs": {},
  "carvers": [
      "minecraft:cave",
      "minecraft:cave_extra_underground",
      "minecraft:canyon"
  ],
  "features": [
      [],
      [
          "minecraft:lake_lava_underground",
          "minecraft:lake_lava_surface"
      ],
      [
          "minecraft:amethyst_geode"
      ],
      [
          "minecraft:monster_room",
          "minecraft:monster_room_deep"
      ],
      [],
      [],
      [
          "minecraft:ore_dirt",
          "minecraft:ore_gravel",
          "minecraft:ore_granite_upper",
          "minecraft:ore_granite_lower",
          "minecraft:ore_diorite_upper",
          "minecraft:ore_diorite_lower",
          "minecraft:ore_andesite_upper",
          "minecraft:ore_andesite_lower",
          "minecraft:ore_tuff",
          "minecraft:ore_coal_upper",
          "minecraft:ore_coal_lower",
          "minecraft:ore_iron_upper",
          "minecraft:ore_iron_middle",
          "minecraft:ore_iron_small",
          "minecraft:ore_gold",
          "minecraft:ore_gold_lower",
          "minecraft:ore_redstone",
          "minecraft:ore_redstone_lower",
          "minecraft:ore_diamond",
          "minecraft:ore_diamond_large",
          "minecraft:ore_diamond_buried",
          "minecraft:ore_lapis",
          "minecraft:ore_lapis_buried",
          "minecraft:ore_copper",
          "minecraft:underwater_magma",
          "minecraft:disk_sand",
          "minecraft:disk_clay",
          "minecraft:disk_gravel",
          "minecraft:ore_emerald"
      ],
      [
          "minecraft:ore_infested"
      ],
      [
          "minecraft:spring_water",
          "minecraft:spring_lava"
      ],
      [
          "minecraft:glow_lichen",
          "blooming_biosphere:cherry_grove/trees",
          "blooming_biosphere:cherry_grove/flowers",
          "minecraft:patch_tall_grass",
          "blooming_biosphere:cherry_grove/grass_snowy",
          "blooming_biosphere:cherry_grove/fern",
          "blooming_biosphere:cherry_grove/less_pink_petals"
      ],
      [
          "minecraft:freeze_top_layer"
      ]
  ]
}