{
  "elements": [
    {
      "element": {
        "element_type": "minecraft:legacy_single_pool_element",
        "location": "ddd:dungeon/minor_desert/cores/dungeon_core_minor_desert_1",
        "processors": "ddd:sandstone_texture",
        "projection": "rigid"
      },
      "weight": 1
    },
    {
      "element": {
        "element_type": "minecraft:legacy_single_pool_element",
        "location": "ddd:dungeon/minor_desert/cores/dungeon_core_minor_desert_1",
        "processors": "ddd:sandstone_texture",
        "projection": "rigid"
      },
      "weight": 1
    }
  ],
  "fallback": "minecraft:empty"
}