{
  "processors": [
    {
      "processor_type": "minecraft:rule",
      "rules": [
        {
          "input_predicate": {
            "predicate_type": "minecraft:random_block_match",
            "block": "minecraft:grass_block",
            "probability": 0.5
          },
          "location_predicate": {
            "block": "minecraft:stone",
            "predicate_type": "minecraft:block_match"
          },
          "output_state": {
            "Name": "minecraft:stone"
          }
		},
        {
          "input_predicate": {
            "predicate_type": "minecraft:random_block_match",
            "block": "minecraft:dirt_path",
            "probability": 0.5
          },
          "location_predicate": {
            "block": "minecraft:stone",
            "predicate_type": "minecraft:block_match"
          },
          "output_state": {
            "Name": "minecraft:stone"
          }
		},
        {
          "input_predicate": {
            "predicate_type": "minecraft:random_block_match",
            "block": "minecraft:grass_block",
            "probability": 0.5
          },
          "location_predicate": {
            "block": "minecraft:granite",
            "predicate_type": "minecraft:block_match"
          },
          "output_state": {
            "Name": "minecraft:granite"
          }
		},
        {
          "input_predicate": {
            "predicate_type": "minecraft:random_block_match",
            "block": "minecraft:dirt_path",
            "probability": 0.5
          },
          "location_predicate": {
            "block": "minecraft:granite",
            "predicate_type": "minecraft:block_match"
          },
          "output_state": {
            "Name": "minecraft:granite"
          }
		},
        {
          "input_predicate": {
            "predicate_type": "minecraft:random_block_match",
            "block": "minecraft:grass_block",
            "probability": 0.5
          },
          "location_predicate": {
            "block": "minecraft:coarse_dirt",
            "predicate_type": "minecraft:block_match"
          },
          "output_state": {
            "Name": "minecraft:coarse_dirt"
          }
		},
        {
          "input_predicate": {
            "predicate_type": "minecraft:random_block_match",
            "block": "minecraft:dirt_path",
            "probability": 0.2
          },
          "location_predicate": {
            "block": "minecraft:coarse_dirt",
            "predicate_type": "minecraft:block_match"
          },
          "output_state": {
            "Name": "minecraft:coarse_dirt"
          }
		},
        {
          "input_predicate": {
            "predicate_type": "minecraft:random_block_match",
            "block": "minecraft:dirt_path",
            "probability": 0.6
          },
          "location_predicate": {
            "block": "minecraft:grass_block",
            "predicate_type": "minecraft:block_match"
          },
          "output_state": {
            "Name": "minecraft:grass_block"
          }
		},
		{
          "location_predicate": {
            "predicate_type": "minecraft:always_true"
          },
          "input_predicate": {
            "predicate_type": "minecraft:random_block_match",
            "block": "minecraft:loom",
            "probability": 0.5
          },
          "output_state": {
            "Name": "minecraft:crafting_table"
          }
        },
		{
          "location_predicate": {
            "predicate_type": "minecraft:always_true"
          },
          "input_predicate": {
            "predicate_type": "minecraft:random_block_match",
            "block": "minecraft:torch",
            "probability": 0.25
          },
          "output_state": {
            "Name": "minecraft:air"
          }
        },
		{
          "location_predicate": {
            "predicate_type": "minecraft:always_true"
          },
          "input_predicate": {
            "predicate_type": "minecraft:random_block_match",
            "block": "minecraft:polished_granite",
            "probability": 0.05
          },
          "output_state": {
            "Name": "minecraft:granite"
          }
        },
		{
          "location_predicate": {
            "predicate_type": "minecraft:always_true"
          },
          "input_predicate": {
            "predicate_type": "minecraft:random_block_match",
            "block": "minecraft:brown_banner",
            "probability": 0.25
          },
          "output_state": {
            "Name": "minecraft:air"
          }
        },
		{
          "location_predicate": {
            "predicate_type": "minecraft:always_true"
          },
          "input_predicate": {
            "predicate_type": "minecraft:random_block_match",
            "block": "minecraft:campfire",
            "probability": 0.50
          },
          "output_state": {
            "Name": "minecraft:campfire",
            "Properties": {
              "lit": "false"
            }
          }
        },
		{
          "location_predicate": {
            "predicate_type": "minecraft:always_true"
          },
          "input_predicate": {
            "predicate_type": "minecraft:random_block_match",
            "block": "minecraft:red_mushroom_block",
            "probability": 0.25
          },
          "output_state": {
            "Name": "minecraft:grass_block"
          }
        },
		{
          "location_predicate": {
            "predicate_type": "minecraft:always_true"
          },
          "input_predicate": {
            "predicate_type": "minecraft:random_block_match",
            "block": "minecraft:red_mushroom_block",
            "probability": 1.0
          },
          "output_state": {
            "Name": "minecraft:tuff"
          }
        },
		{
          "location_predicate": {
            "predicate_type": "minecraft:always_true"
          },
          "input_predicate": {
            "predicate_type": "minecraft:random_block_match",
            "block": "minecraft:red_mushroom_block",
            "probability": 0.25
          },
          "output_state": {
            "Name": "minecraft:grass_block"
          }
        },
        {
          "location_predicate": {
            "predicate_type": "minecraft:always_true"
          },
          "input_predicate": {
            "predicate_type": "minecraft:random_blockstate_match",
            "block_state": {
              "Name": "minecraft:smoker",
              "Properties": {
                "facing": "east"
              }
            },
            "probability": 0.03
          },
          "output_state": {
            "Name": "minecraft:smoker",
            "Properties": {
              "facing": "east"
            }
          },
          "block_entity_modifier": {
            "type": "minecraft:append_static",
            "data": {"Items":[{"Slot":2,"id":"minecraft:cooked_beef","Count":1}]}
          }
        },
        {
          "location_predicate": {
            "predicate_type": "minecraft:always_true"
          },
          "input_predicate": {
            "predicate_type": "minecraft:random_blockstate_match",
            "block_state": {
              "Name": "minecraft:smoker",
              "Properties": {
                "facing": "east"
              }
            },
            "probability": 0.05
          },
          "output_state": {
            "Name": "minecraft:smoker",
            "Properties": {
              "facing": "east"
            }
          },
          "block_entity_modifier": {
            "type": "minecraft:append_static",
            "data": {"Items":[{"Slot":1,"id":"minecraft:oak_log","Count":1}]}
          }
        },
        {
          "location_predicate": {
            "predicate_type": "minecraft:always_true"
          },
          "input_predicate": {
            "predicate_type": "minecraft:random_blockstate_match",
            "block_state": {
              "Name": "minecraft:smoker",
              "Properties": {
                "facing": "east"
              }
            },
            "probability": 0.05
          },
          "output_state": {
            "Name": "minecraft:smoker",
            "Properties": {
              "facing": "east"
            }
          },
          "block_entity_modifier": {
            "type": "minecraft:append_static",
            "data": {"Items":[{"Slot":2,"id":"minecraft:beef","Count":1}]}
          }
        }
      ]
    }
  ]
}