{
  "processors": [
    {
      "processor_type": "minecraft:rule",
      "rules": [
        {
          "location_predicate": {
            "predicate_type": "minecraft:always_true"
          },
          "input_predicate": {
            "predicate_type": "minecraft:random_block_match",
            "block": "minecraft:short_grass",
            "probability": 0.66
          },
          "output_state": {
            "Name": "minecraft:air"
          }
        },
        {
          "location_predicate": {
            "predicate_type": "minecraft:always_true"
          },
          "input_predicate": {
            "predicate_type": "minecraft:random_block_match",
            "block": "minecraft:short_grass",
            "probability": 0.66
          },
          "output_state": {
            "Name": "minecraft:fern"
          }
        },
        {
          "location_predicate": {
            "predicate_type": "minecraft:always_true"
          },
          "input_predicate": {
            "predicate_type": "minecraft:random_block_match",
            "block": "minecraft:oak_planks",
            "probability": 0.1
          },
          "output_state": {
            "Name": "minecraft:jungle_planks"
          }
        },
        {
          "location_predicate": {
            "predicate_type": "minecraft:always_true"
          },
          "input_predicate": {
            "predicate_type": "minecraft:random_blockstate_match",
            "block_state": {
              "Name": "minecraft:oak_slab",
              "Properties": {
                "type": "top",
                "waterlogged": "false"
              }
            },
            "probability": 0.1
          },
          "output_state": {
            "Name": "minecraft:jungle_slab",
            "Properties": {
              "type": "top",
              "waterlogged": "false"
            }
          }
        },
        {
          "location_predicate": {
            "predicate_type": "minecraft:always_true"
          },
          "input_predicate": {
            "predicate_type": "minecraft:random_blockstate_match",
            "block_state": {
              "Name": "minecraft:oak_slab",
              "Properties": {
                "type": "bottom",
                "waterlogged": "false"
              }
            },
            "probability": 0.1
          },
          "output_state": {
            "Name": "minecraft:jungle_slab",
            "Properties": {
              "type": "bottom",
              "waterlogged": "false"
            }
          }
        },
        {
          "location_predicate": {
            "predicate_type": "minecraft:always_true"
          },
          "input_predicate": {
            "predicate_type": "minecraft:random_block_match",
            "block": "minecraft:oak_fence",
            "probability": 0.1
          },
          "output_state": {
            "Name": "minecraft:jungle_fence"
          }
        },
        {
          "location_predicate": {
            "predicate_type": "minecraft:always_true"
          },
          "input_predicate": {
            "predicate_type": "minecraft:random_blockstate_match",
            "block_state": {
              "Name": "minecraft:oak_stairs",
              "Properties": {
                "facing": "north",
                "half": "top",
                "shape": "straight",
                "waterlogged": "false"
              }
            },
            "probability": 0.1
          },
          "output_state": {
            "Name": "minecraft:jungle_stairs",
            "Properties": {
              "facing": "north",
              "half": "top",
              "shape": "straight",
              "waterlogged": "false"
            }
          }
        },
        {
          "location_predicate": {
            "predicate_type": "minecraft:random_blockstate_match",
            "block_state": {
              "Name": "minecraft:oak_stairs",
              "Properties": {
                "facing": "south",
                "half": "top",
                "shape": "straight",
                "waterlogged": "false"
              }
            },
            "probability": 0.1
          },
          "input_predicate": {
            "predicate_type": "minecraft:always_true"
          },
          "output_state": {
            "Name": "minecraft:jungle_stairs",
            "Properties": {
              "facing": "south",
              "half": "top",
              "shape": "straight",
              "waterlogged": "false"
            }
          }
        },
        {
          "location_predicate": {
            "predicate_type": "minecraft:always_true"
          },
          "input_predicate": {
            "predicate_type": "minecraft:random_blockstate_match",
            "block_state": {
              "Name": "minecraft:oak_stairs",
              "Properties": {
                "facing": "west",
                "half": "top",
                "shape": "straight",
                "waterlogged": "false"
              }
            },
            "probability": 0.1
          },
          "output_state": {
            "Name": "minecraft:jungle_stairs",
            "Properties": {
              "facing": "west",
              "half": "top",
              "shape": "straight",
              "waterlogged": "false"
            }
          }
        },
        {
          "location_predicate": {
            "predicate_type": "minecraft:random_blockstate_match",
            "block_state": {
              "Name": "minecraft:oak_stairs",
              "Properties": {
                "facing": "east",
                "half": "top",
                "shape": "straight",
                "waterlogged": "false"
              }
            },
            "probability": 0.1
          },
          "input_predicate": {
            "predicate_type": "minecraft:always_true"
          },
          "output_state": {
            "Name": "minecraft:jungle_stairs",
            "Properties": {
              "facing": "east",
              "half": "top",
              "shape": "straight",
              "waterlogged": "false"
            }
          }
        },
        {
          "location_predicate": {
            "predicate_type": "minecraft:random_blockstate_match",
            "block_state": {
              "Name": "minecraft:oak_stairs",
              "Properties": {
                "facing": "north",
                "half": "bottom",
                "shape": "straight",
                "waterlogged": "false"
              }
            },
            "probability": 0.1
          },
          "input_predicate": {
            "predicate_type": "minecraft:always_true"
          },
          "output_state": {
            "Name": "minecraft:jungle_stairs",
            "Properties": {
              "facing": "north",
              "half": "bottom",
              "shape": "straight",
              "waterlogged": "false"
            }
          }
        },
        {
          "location_predicate": {
            "predicate_type": "minecraft:random_blockstate_match",
            "block_state": {
              "Name": "minecraft:oak_stairs",
              "Properties": {
                "facing": "south",
                "half": "bottom",
                "shape": "straight",
                "waterlogged": "false"
              }
            },
            "probability": 0.1
          },
          "input_predicate": {
            "predicate_type": "minecraft:always_true"
          },
          "output_state": {
            "Name": "minecraft:jungle_stairs",
            "Properties": {
              "facing": "south",
              "half": "bottom",
              "shape": "straight",
              "waterlogged": "false"
            }
          }
        },
        {
          "location_predicate": {
            "predicate_type": "minecraft:always_true"
          },
          "input_predicate": {
            "predicate_type": "minecraft:random_blockstate_match",
            "block_state": {
              "Name": "minecraft:oak_stairs",
              "Properties": {
                "facing": "west",
                "half": "bottom",
                "shape": "straight",
                "waterlogged": "false"
              }
            },
            "probability": 0.1
          },
          "output_state": {
            "Name": "minecraft:jungle_stairs",
            "Properties": {
              "facing": "west",
              "half": "bottom",
              "shape": "straight",
              "waterlogged": "false"
            }
          }
        },
        {
          "location_predicate": {
            "predicate_type": "minecraft:always_true"
          },
          "input_predicate": {
            "predicate_type": "minecraft:random_blockstate_match",
            "block_state": {
              "Name": "minecraft:oak_stairs",
              "Properties": {
                "facing": "east",
                "half": "bottom",
                "shape": "straight",
                "waterlogged": "false"
              }
            },
            "probability": 0.1
          },
          "output_state": {
            "Name": "minecraft:jungle_stairs",
            "Properties": {
              "facing": "east",
              "half": "bottom",
              "shape": "straight",
              "waterlogged": "false"
            }
          }
        }
      ]
    }
  ]
}
