{
  "processors": [
    {
      "processor_type": "minecraft:rule",
      "rules": [
        {
          "input_predicate": {
            "predicate_type": "minecraft:random_block_match",
            "block": "minecraft:grass_block",
            "probability": 1.0
          },
          "location_predicate": {
            "block": "minecraft:snow_block",
            "predicate_type": "minecraft:block_match"
          },
          "output_state": {
            "Name": "minecraft:snow_block"
          }
		},
        {
          "input_predicate": {
            "predicate_type": "minecraft:random_block_match",
            "block": "minecraft:grass_block",
            "probability": 1.0
          },
          "location_predicate": {
            "block": "minecraft:powder_snow",
            "predicate_type": "minecraft:block_match"
          },
          "output_state": {
            "Name": "minecraft:powder_snow"
          }
		},
        {
          "input_predicate": {
            "predicate_type": "minecraft:random_block_match",
            "block": "minecraft:grass_block",
            "probability": 1.0
          },
          "location_predicate": {
            "block": "minecraft:ice",
            "predicate_type": "minecraft:block_match"
          },
          "output_state": {
            "Name": "minecraft:ice"
          }
		},
        {
          "input_predicate": {
            "predicate_type": "minecraft:random_block_match",
            "block": "minecraft:grass_block",
            "probability": 1.0
          },
          "location_predicate": {
            "block": "minecraft:packed_ice",
            "predicate_type": "minecraft:block_match"
          },
          "output_state": {
            "Name": "minecraft:packed_ice"
          }
		},

        {
          "location_predicate": {
            "predicate_type": "minecraft:always_true"
          },
          "input_predicate": {
            "predicate_type": "minecraft:random_blockstate_match",
            "block_state": {
              "Name": "minecraft:furnace",
              "Properties": {
                "facing": "east"
              }
            },
            "probability": 0.2
          },
          "output_state": {
            "Name": "minecraft:furnace",
            "Properties": {
              "facing": "east"
            }
          },
          "block_entity_modifier": {
            "type": "minecraft:append_static",
            "data": {"Items":[{"Slot":1,"id":"minecraft:stick","Count":2}]}
          }
        },
        {
          "location_predicate": {
            "predicate_type": "minecraft:always_true"
          },
          "input_predicate": {
            "predicate_type": "minecraft:random_blockstate_match",
            "block_state": {
              "Name": "minecraft:furnace",
              "Properties": {
                "facing": "east"
              }
            },
            "probability": 0.05
          },
          "output_state": {
            "Name": "minecraft:furnace",
            "Properties": {
              "facing": "east"
            }
          },
          "block_entity_modifier": {
            "type": "minecraft:append_static",
            "data": {"Items":[{"Slot":1,"id":"minecraft:coal","Count":1}]}
          }
        },
        {
          "location_predicate": {
            "predicate_type": "minecraft:always_true"
          },
          "input_predicate": {
            "predicate_type": "minecraft:random_blockstate_match",
            "block_state": {
              "Name": "minecraft:furnace",
              "Properties": {
                "facing": "east"
              }
            },
            "probability": 0.01
          },
          "output_state": {
            "Name": "minecraft:furnace",
            "Properties": {
              "facing": "east"
            }
          },
          "block_entity_modifier": {
            "type": "minecraft:append_static",
            "data": {"Items":[{"Slot":1,"id":"minecraft:coal","Count":2}]}
          }
        }
      ]
    }
  ]
}