{
  "processors": [
    {
      "processor_type": "minecraft:rule",
      "rules": [
        {
          "location_predicate": {
            "predicate_type": "minecraft:always_true"
          },
          "input_predicate": {
            "predicate_type": "minecraft:random_blockstate_match",
            "block_state": {
              "Name": "minecraft:smoker",
              "Properties": {
                "facing": "south",
                "lit": "false"
              }
            },
            "probability": 0.05
          },
          "output_state": {
            "Name": "minecraft:smoker",
            "Properties": {
              "facing": "south",
              "lit": "false"
            }
          },
          "block_entity_modifier": {
            "type": "minecraft:append_static",
            "data": {"Items":[{"Slot":2,"id":"minecraft:popped_chorus_fruit","Count":1}]}
          }
        },
        {
          "location_predicate": {
            "predicate_type": "minecraft:always_true"
          },
          "input_predicate": {
            "predicate_type": "minecraft:random_blockstate_match",
            "block_state": {
              "Name": "minecraft:smoker",
              "Properties": {
                "facing": "south",
                "lit": "false"
              }
            },
            "probability": 0.1
          },
          "output_state": {
            "Name": "minecraft:smoker",
            "Properties": {
              "facing": "south",
              "lit": "false"
            }
          },
          "block_entity_modifier": {
            "type": "minecraft:append_static",
            "data": {"Items":[{"Slot":1,"id":"minecraft:charcoal","Count":1}]}
          }
        },
        {
          "location_predicate": {
            "predicate_type": "minecraft:always_true"
          },
          "input_predicate": {
            "predicate_type": "minecraft:random_blockstate_match",
            "block_state": {
              "Name": "minecraft:smoker",
              "Properties": {
                "facing": "south",
                "lit": "false"
              }
            },
            "probability": 0.25
          },
          "output_state": {
            "Name": "minecraft:smoker",
            "Properties": {
              "facing": "south",
              "lit": "false"
            }
          },
          "block_entity_modifier": {
            "type": "minecraft:append_static",
            "data": {"Items":[{"Slot":1,"id":"minecraft:stick","Count":12}]}
          }
        },
        {
          "location_predicate": {
            "predicate_type": "minecraft:always_true"
          },
          "input_predicate": {
            "predicate_type": "minecraft:random_blockstate_match",
            "block_state": {
              "Name": "minecraft:smoker",
              "Properties": {
                "facing": "south",
                "lit": "false"
              }
            },
            "probability": 0.5
          },
          "output_state": {
            "Name": "minecraft:smoker",
            "Properties": {
              "facing": "south",
              "lit": "false"
            }
          },
          "block_entity_modifier": {
            "type": "minecraft:append_static",
            "data": {"Items":[{"Slot":1,"id":"minecraft:stick","Count":7}]}
          }
        },
        {
          "location_predicate": {
            "predicate_type": "minecraft:always_true"
          },
          "input_predicate": {
            "predicate_type": "minecraft:random_blockstate_match",
            "block_state": {
              "Name": "minecraft:smoker",
              "Properties": {
                "facing": "south",
                "lit": "false"
              }
            },
            "probability": 0.3
          },
          "output_state": {
            "Name": "minecraft:smoker",
            "Properties": {
              "facing": "south",
              "lit": "false"
            }
          },
          "block_entity_modifier": {
            "type": "minecraft:append_static",
            "data": {"Items":[{"Slot":1,"id":"minecraft:stick","Count":4}]}
          }
        },
        {
          "location_predicate": {
            "predicate_type": "minecraft:always_true"
          },
          "input_predicate": {
            "predicate_type": "minecraft:random_blockstate_match",
            "block_state": {
              "Name": "minecraft:smoker",
              "Properties": {
                "facing": "south",
                "lit": "false"
              }
            },
            "probability": 0.15
          },
          "output_state": {
            "Name": "minecraft:smoker",
            "Properties": {
              "facing": "south",
              "lit": "false"
            }
          },
          "block_entity_modifier": {
            "type": "minecraft:append_static",
            "data": {"Items":[{"Slot":1,"id":"minecraft:charcoal","Count":3}]}
          }
        },
        {
          "location_predicate": {
            "predicate_type": "minecraft:always_true"
          },
          "input_predicate": {
            "predicate_type": "minecraft:random_blockstate_match",
            "block_state": {
              "Name": "minecraft:smoker",
              "Properties": {
                "facing": "south",
                "lit": "false"
              }
            },
            "probability": 0.05
          },
          "output_state": {
            "Name": "minecraft:smoker",
            "Properties": {
              "facing": "south",
              "lit": "false"
            }
          },
          "block_entity_modifier": {
            "type": "minecraft:append_static",
            "data": {"Items":[{"Slot":1,"id":"minecraft:charcoal","Count":5}]}
          }
        },
        {
          "location_predicate": {
            "predicate_type": "minecraft:always_true"
          },
          "input_predicate": {
            "predicate_type": "minecraft:random_block_match",
            "block": "minecraft:flower_pot",
            "probability": 0.2
          },
          "output_state": {
            "Name": "minecraft:potted_oak_sapling"
          }
        },
        {
          "location_predicate": {
            "predicate_type": "minecraft:always_true"
          },
          "input_predicate": {
            "predicate_type": "minecraft:random_block_match",
            "block": "minecraft:flower_pot",
            "probability": 0.2
          },
          "output_state": {
            "Name": "minecraft:potted_birch_sapling"
          }
        },
        {
          "location_predicate": {
            "predicate_type": "minecraft:always_true"
          },
          "input_predicate": {
            "predicate_type": "minecraft:random_block_match",
            "block": "minecraft:flower_pot",
            "probability": 0.2
          },
          "output_state": {
            "Name": "minecraft:potted_spruce_sapling"
          }
        },
        {
          "location_predicate": {
            "predicate_type": "minecraft:always_true"
          },
          "input_predicate": {
            "predicate_type": "minecraft:random_block_match",
            "block": "minecraft:flower_pot",
            "probability": 0.2
          },
          "output_state": {
            "Name": "minecraft:potted_jungle_sapling"
          }
        },
        {
          "location_predicate": {
            "predicate_type": "minecraft:always_true"
          },
          "input_predicate": {
            "predicate_type": "minecraft:random_block_match",
            "block": "minecraft:flower_pot",
            "probability": 0.1
          },
          "output_state": {
            "Name": "minecraft:potted_dark_oak_sapling"
          }
        },
        {
          "location_predicate": {
            "predicate_type": "minecraft:always_true"
          },
          "input_predicate": {
            "predicate_type": "minecraft:random_block_match",
            "block": "minecraft:flower_pot",
            "probability": 0.1
          },
          "output_state": {
            "Name": "minecraft:potted_acacia_sapling"
          }
        },
        {
          "location_predicate": {
            "predicate_type": "minecraft:always_true"
          },
          "input_predicate": {
            "predicate_type": "minecraft:random_block_match",
            "block": "minecraft:flower_pot",
            "probability": 0.05
          },
          "output_state": {
            "Name": "minecraft:potted_cherry_sapling"
          }
        },
        {
          "location_predicate": {
            "predicate_type": "minecraft:always_true"
          },
          "input_predicate": {
            "predicate_type": "minecraft:random_block_match",
            "block": "minecraft:flower_pot",
            "probability": 0.05
          },
          "output_state": {
            "Name": "minecraft:potted_mangrove_propagule"
          }
        },
        {
          "location_predicate": {
            "predicate_type": "minecraft:always_true"
          },
          "input_predicate": {
            "predicate_type": "minecraft:random_block_match",
            "block": "minecraft:flower_pot",
            "probability": 0.05
          },
          "output_state": {
            "Name": "minecraft:potted_azalea_bush"
          }
        },
        {
          "location_predicate": {
            "predicate_type": "minecraft:always_true"
          },
          "input_predicate": {
            "predicate_type": "minecraft:random_block_match",
            "block": "minecraft:flower_pot",
            "probability": 0.05
          },
          "output_state": {
            "Name": "minecraft:potted_flowering_azalea_bush"
          }
        },
        {
          "location_predicate": {
            "predicate_type": "minecraft:always_true"
          },
          "input_predicate": {
            "predicate_type": "minecraft:random_block_match",
            "block": "minecraft:light_blue_candle",
            "probability": 0.05
          },
          "output_state": {
            "Name": "minecraft:light_blue_candle",
            "Properties": {
              "candles": "4",
              "lit": "true"
            }
          }
        },
        {
          "location_predicate": {
            "predicate_type": "minecraft:always_true"
          },
          "input_predicate": {
            "predicate_type": "minecraft:random_block_match",
            "block": "minecraft:light_blue_candle",
            "probability": 0.25
          },
          "output_state": {
            "Name": "minecraft:light_blue_candle",
            "Properties": {
              "candles": "3",
              "lit": "true"
            }
          }
        },
        {
          "location_predicate": {
            "predicate_type": "minecraft:always_true"
          },
          "input_predicate": {
            "predicate_type": "minecraft:random_block_match",
            "block": "minecraft:light_blue_candle",
            "probability": 0.50
          },
          "output_state": {
            "Name": "minecraft:light_blue_candle",
            "Properties": {
              "candles": "2",
              "lit": "true"
            }
          }
        }
      ]
    }
  ]
}
