{
  "processors": [
    {
      "processor_type": "minecraft:rule",
      "rules": [
        {
          "location_predicate": {
            "predicate_type": "minecraft:always_true"
          },
          "input_predicate": {
            "predicate_type": "minecraft:random_block_match",
            "block": "minecraft:nether_sprouts",
            "probability": 0.5
          },
          "output_state": {
            "Name": "minecraft:warped_roots"
          }
        },
        {
          "location_predicate": {
            "predicate_type": "minecraft:always_true"
          },
          "input_predicate": {
            "predicate_type": "minecraft:random_block_match",
            "block": "minecraft:nether_sprouts",
            "probability": 0.15
          },
          "output_state": {
            "Name": "minecraft:warped_fungus"
          }
        },
        {
          "location_predicate": {
            "predicate_type": "minecraft:always_true"
          },
          "input_predicate": {
            "predicate_type": "minecraft:random_block_match",
            "block": "minecraft:nether_sprouts",
            "probability": 0.05
          },
          "output_state": {
            "Name": "minecraft:crimson_roots"
          }
        },
        {
          "location_predicate": {
            "predicate_type": "minecraft:always_true"
          },
          "input_predicate": {
            "predicate_type": "minecraft:random_block_match",
            "block": "minecraft:nether_sprouts",
            "probability": 0.02
          },
          "output_state": {
            "Name": "minecraft:crimson_fungus"
          }
        }
      ]
    }
  ]
}
