{
  "type": "minecraft:smithing_transform",
  "base": [
    "shield"
  ],
  "addition": "minecraft:prismarine_crystals",
  "template": "minecraft:dragon_breath",
  "result": {
    "id": "shield",
    "components": {
      "minecraft:item_model": "enderite:shield",
      "minecraft:item_name": "{\"bold\":true,\"color\":\"light_purple\",\"text\":\"Enderite shield\"}",
      "minecraft:repairable": {
        "items": "minecraft:prismarine_crystals"
      },
      "minecraft:max_damage": 2688
    }
  }
}