{
  "type": "minecraft:smithing_transform",
  "base": "minecraft:netherite_sword",
  "addition": "minecraft:prismarine_crystals",
  "template": "minecraft:dragon_breath",
  "result": {
    "id": "netherite_sword",
    "components": {
      "minecraft:item_name": "{\"bold\":true,\"color\":\"light_purple\",\"text\":\"Espada de enderita\"}",
      "minecraft:item_model": "enderite:enderite_sword",
      "minecraft:attribute_modifiers": {
        "modifiers": [
          {
            "type": "minecraft:attack_speed",
            "id": "enderite:10",
            "amount": -2.5,
            "operation": "add_value"
          },
          {
            "type": "minecraft:attack_damage",
            "id": "enderite:10",
            "amount": 10,
            "operation": "add_value"
          },
          {
            "type": "minecraft:sweeping_damage_ratio",
            "id": "enderite:10",
            "amount": 4,
            "operation": "add_value"
          }
        ],
        "show_in_tooltip": false
      },
      "minecraft:max_damage": 6093,
      "minecraft:lore": [
        "{\"color\":\"dark_purple\",\"text\":\"10 attack damage\"}",
        "{\"color\":\"dark_purple\",\"text\":\"1.8 attack speed\"}"
      ],
      "minecraft:enchantable": {
        "value": 40
      },
      "minecraft:repairable": {
        "items": "minecraft:prismarine_crystals"
      }
    }
  }
}