{
  "type": "minecraft:smithing_transform",
  "base": "minecraft:netherite_hoe",
  "addition": "minecraft:prismarine_crystals",
  "template": "minecraft:dragon_breath",
  "result": {
    "id": "netherite_sword",
    "components": {
      "minecraft:item_name": "{\"bold\":true,\"color\":\"light_purple\",\"text\":\"Enderite scythe\"}",
      "minecraft:item_model": "enderite:enderite_hoe",
      "minecraft:attribute_modifiers": {
        "modifiers": [
          {
            "type": "minecraft:sweeping_damage_ratio",
            "id": "enderite:9",
            "amount": 6,
            "operation": "add_value"
          },
          {
            "type": "minecraft:entity_interaction_range",
            "id": "enderite:9",
            "amount": 2,
            "operation": "add_value"
          },
          {
            "type": "minecraft:attack_speed",
            "id": "enderite:9",
            "amount": -3.2,
            "operation": "add_value"
          },
          {
            "type": "minecraft:attack_damage",
            "id": "enderite:9",
            "amount": 15,
            "operation": "add_value"
          }
        ],
        "show_in_tooltip": false
      },
      "minecraft:max_damage": 6093,
      "minecraft:lore": [
        "{\"color\":\"dark_purple\",\"text\":\"15 damage\"}",
        "{\"color\":\"dark_purple\",\"text\":\"0.8 attack speed\"}",
        "{\"color\":\"dark_purple\",\"text\":\"5 attack reach\"}"
      ],
      "minecraft:enchantable": {
        "value": 40
      },
      "minecraft:repairable": {
        "items": "minecraft:prismarine_crystals"
      }
    }
  }
}