{
  "type": "minecraft:smithing_transform",
  "base": [
    "bow"
  ],
  "addition": "minecraft:prismarine_crystals",
  "template": "minecraft:dragon_breath",
  "result": {
    "id": "bow",
    "components": {
      "minecraft:item_model": "enderite:enderite_bow",
      "minecraft:item_name": "{\"bold\":true,\"color\":\"light_purple\",\"text\":\"Enderite bow\"}",
      "minecraft:repairable": {
        "items": "minecraft:prismarine_crystals"
      },
      "minecraft:max_damage": 5376,
      "minecraft:enchantable": {
        "value": 40
      },
      "minecraft:attribute_modifiers": {
        "modifiers": [
          {
            "type": "minecraft:safe_fall_distance",
            "id": "enderite:65",
            "amount": 20,
            "operation": "add_value"
          },
          {
            "type": "minecraft:jump_strength",
            "id": "enderite:65",
            "amount": 1,
            "operation": "add_value",
            "slot": "mainhand"
          }
        ],
        "show_in_tooltip": false
      },
      "minecraft:lore": [
        "{\"color\":\"dark_purple\",\"text\":\"-10 falldamage\"}",
        "{\"color\":\"dark_purple\",\"text\":\"+5 jump strength\"}"
      ]
    }
  }
}