{
  "type": "minecraft:smithing_transform",
  "base": "minecraft:netherite_leggings",
  "addition": "minecraft:prismarine_crystals",
  "template": "minecraft:dragon_breath",
  "result": {
    "id": "minecraft:netherite_leggings",
    "components": {
      "minecraft:item_name": "{\"bold\":true,\"color\":\"light_purple\",\"text\":\"Enderite leggings\"}",
      "minecraft:item_model": "enderite:enderite_leggings",
      "minecraft:attribute_modifiers": {
        "modifiers": [
          {
            "type": "minecraft:armor",
            "id": "enderite:4",
            "amount": 10,
            "operation": "add_value",
            "slot": "armor"
          },
          {
            "type": "minecraft:armor_toughness",
            "id": "enderite:4",
            "amount": 5,
            "operation": "add_multiplied_base"
          },
          {
            "type": "minecraft:knockback_resistance",
            "id": "enderite:4",
            "amount": 2,
            "operation": "add_value",
            "slot": "armor"
          },
          {
            "type": "minecraft:max_health",
            "id": "enderite:4",
            "amount": 5,
            "operation": "add_value",
            "slot": "armor"
          }
        ],
        "show_in_tooltip": false
      },
      "minecraft:lore": [
        "{\"color\":\"dark_purple\",\"text\":\"+10 Armor\"}",
        "{\"color\":\"dark_purple\",\"text\":\"+5 Armor toughness\"}",
        "{\"color\":\"dark_purple\",\"text\":\" +2 Knockback resistance \"}",
        "{\"color\":\"dark_purple\",\"text\":\"+1,5 hearts\"}"
      ],
      "minecraft:enchantable": {
        "value": 40
      },
      "minecraft:repairable": {
        "items": "minecraft:prismarine_crystals"
      },
      "minecraft:max_damage": 1443,
      "minecraft:equippable": {
        "slot": "legs",
        "equip_sound": "minecraft:block.beacon.activate",
        "asset_id": "enderite:enderitearmor",
        "dispensable": true,
        "swappable": true,
        "damage_on_hurt": true,
        "equip_on_interact": true
      }
    }
  }
}