{
  "type": "minecraft:smithing_transform",
  "base": "minecraft:netherite_shovel",
  "addition": "minecraft:prismarine_crystals",
  "template": "minecraft:dragon_breath",
  "result": {
    "id": "netherite_shovel",
    "components": {
      "minecraft:item_name": "{\"bold\":true,\"color\":\"light_purple\",\"text\":\"Enderite shovel\"}",
      "minecraft:item_model": "enderite:enderite_shovel",
      "minecraft:attribute_modifiers": {
        "modifiers": [
          {
            "type": "minecraft:mining_efficiency",
            "id": "enderite:8",
            "amount": 15,
            "operation": "add_value"
          },
          {
            "type": "minecraft:attack_speed",
            "id": "enderite:8",
            "amount": -3,
            "operation": "add_value"
          },
          {
            "type": "minecraft:attack_damage",
            "id": "enderite:8",
            "amount": 3,
            "operation": "add_value"
          }
        ],
        "show_in_tooltip": false
      },
      "minecraft:max_damage": 6093,
      "minecraft:lore": [
        "{\"color\":\"dark_purple\",\"text\":\"3 attack damage\"}",
        "{\"color\":\"dark_purple\",\"text\":\"1 attack speed\"}"
      ],
      "minecraft:enchantable": {
        "value": 40
      },
      "minecraft:repairable": {
        "items": "minecraft:prismarine_crystals"
      }
    }
  }
}