{
  "type": "minecraft:smithing_transform",
  "base": "minecraft:netherite_pickaxe",
  "addition": "minecraft:prismarine_crystals",
  "template": "minecraft:dragon_breath",
  "result": {
    "id": "minecraft:netherite_pickaxe",
    "components": {
      "minecraft:item_name": "{\"bold\":true,\"color\":\"light_purple\",\"text\":\"Enderite pickaxe\"}",
      "minecraft:item_model": "enderite:enderite_pickaxe",
      "minecraft:attribute_modifiers": {
        "modifiers": [
          {
            "type": "minecraft:attack_speed",
            "id": "enderite:12",
            "amount": -2.9,
            "operation": "add_value"
          },
          {
            "type": "minecraft:attack_damage",
            "id": "enderite:12",
            "amount": 8,
            "operation": "add_value"
          },
          {
            "type": "minecraft:mining_efficiency",
            "id": "enderite:12",
            "amount": 15,
            "operation": "add_value"
          }
        ],
        "show_in_tooltip": false
      },
      "minecraft:max_damage": 6093,
      "minecraft:lore": [
        "{\"color\":\"dark_purple\",\"text\":\"8 attack damage\"}",
        "{\"color\":\"dark_purple\",\"text\":\"1.1 attack speed\"}"
      ],
      "minecraft:repairable": {
        "items": "minecraft:prismarine_crystals"
      },
      "minecraft:enchantable": {
        "value": 40
      }
    }
  }
}