{
  "type": "minecraft:crafting_shaped",
  "category": "misc",
  "pattern": [
    "non",
    "oco",
    "non"
  ],
  "key": {
    "n": [
      "minecraft:netherite_ingot"
    ],
    "o": [
      "minecraft:crying_obsidian"
    ],
    "c": [
      "end_crystal"
    ]
  },
  "result": {
    "id": "minecraft:prismarine_shard",
    "components": {
      "minecraft:item_model": "enderite:raw_enderite",
      "minecraft:item_name": "{\"bold\":true,\"color\":\"light_purple\",\"text\":\"Raw enderite\"}"
    }
  }
}