{
    "type": "minecraft:gift",
    "pools": [
      {
        "rolls": 1,
        "entries": [
          {
            "type": "minecraft:loot_table",
            "value": "minecraft:gameplay/hero_of_the_village/armorer_gift"
          },
          {
            "type": "minecraft:loot_table",
            "value": "minecraft:gameplay/hero_of_the_village/butcher_gift"
          },
          {
            "type": "minecraft:loot_table",
            "value": "minecraft:gameplay/hero_of_the_village/cartographer_gift"
          },
          {
            "type": "minecraft:loot_table",
            "value": "minecraft:gameplay/hero_of_the_village/cleric_gift"
          },
          {
            "type": "minecraft:loot_table",
            "value": "minecraft:gameplay/hero_of_the_village/farmer_gift"
          },
          {
            "type": "minecraft:loot_table",
            "value": "minecraft:gameplay/hero_of_the_village/fisherman_gift"
          },
          {
            "type": "minecraft:loot_table",
            "value": "minecraft:gameplay/hero_of_the_village/fletcher_gift"
          },
          {
            "type": "minecraft:loot_table",
            "value": "minecraft:gameplay/hero_of_the_village/leatherworker_gift"
          },
          {
            "type": "minecraft:loot_table",
            "value": "minecraft:gameplay/hero_of_the_village/librarian_gift"
          },
          {
            "type": "minecraft:loot_table",
            "value": "minecraft:gameplay/hero_of_the_village/mason_gift"
          },
          {
            "type": "minecraft:loot_table",
            "value": "minecraft:gameplay/hero_of_the_village/shepherd_gift"
          },
          {
            "type": "minecraft:loot_table",
            "value": "minecraft:gameplay/hero_of_the_village/toolsmith_gift"
          },
          {
            "type": "minecraft:loot_table",
            "value": "minecraft:gameplay/hero_of_the_village/weaponsmith_gift"
          },
          {
            "type": "minecraft:loot_table",
            "value": "minecraft:gameplay/cat_morning_gift"
          }
        ]
      }
    ]
  }