{
  "display": {
    "icon": {
      "id": "minecraft:tnt_minecart"
    },
    "title": "Blast from the Hat",
    "description": "Obtain the Boomproof Hat",
    "frame": "task",
    "show_toast": true,
    "announce_to_chat": true,
    "hidden": false
  },
  "parent": "mt:treasure_advancements/first_rare_badlands_treasure",
  "criteria": {
    "obtainchest": {
      "trigger": "minecraft:inventory_changed",
      "conditions": {
        "items": [
          {
            "items": [
              "minecraft:structure_block"
            ],
            "predicates": {
              "minecraft:enchantments": [
                {
                  "enchantments": "mt:armor/boomproof_cap"
                }
              ]
            }
          }
        ]
      }
    }
  }
}
