{
    "condition": "minecraft:any_of",
    "terms": [
        {
            "condition": "minecraft:location_check",
            "predicate": {
                "block": {
                    "blocks": [
                        "minecraft:player_head"
                    ],
                    "state": {
                        "rotation": "2"
                    }
                }
            }
        },
        {
            "condition": "minecraft:location_check",
            "predicate": {
                "block": {
                    "blocks": [
                        "minecraft:player_head"
                    ],
                    "state": {
                        "rotation": "3"
                    }
                }
            }
        },
        {
            "condition": "minecraft:location_check",
            "predicate": {
                "block": {
                    "blocks": [
                        "minecraft:player_head"
                    ],
                    "state": {
                        "rotation": "4"
                    }
                }
            }
        },
        {
            "condition": "minecraft:location_check",
            "predicate": {
                "block": {
                    "blocks": [
                        "minecraft:player_head"
                    ],
                    "state": {
                        "rotation": "5"
                    }
                }
            }
        },
        {
            "condition": "minecraft:location_check",
            "predicate": {
                "block": {
                    "blocks": [
                        "minecraft:player_wall_head"
                    ],
                    "state": {
                        "facing": "east"
                    }
                }
            }
        }
    ]
}