{
    "condition": "minecraft:any_of",
    "terms": [
        {
            "condition": "minecraft:location_check",
            "predicate": {
                "block": {
                    "blocks": [
                        "minecraft:player_head"
                    ],
                    "state": {
                        "rotation": "14"
                    }
                }
            }
        },
        {
            "condition": "minecraft:location_check",
            "predicate": {
                "block": {
                    "blocks": [
                        "minecraft:player_head"
                    ],
                    "state": {
                        "rotation": "15"
                    }
                }
            }
        },
        {
            "condition": "minecraft:location_check",
            "predicate": {
                "block": {
                    "blocks": [
                        "minecraft:player_head"
                    ],
                    "state": {
                        "rotation": "0"
                    }
                }
            }
        },
        {
            "condition": "minecraft:location_check",
            "predicate": {
                "block": {
                    "blocks": [
                        "minecraft:player_head"
                    ],
                    "state": {
                        "rotation": "1"
                    }
                }
            }
        },
        {
            "condition": "minecraft:location_check",
            "predicate": {
                "block": {
                    "blocks": [
                        "minecraft:player_wall_head"
                    ],
                    "state": {
                        "facing": "north"
                    }
                }
            }
        }
    ]
}