{
  "condition": "minecraft:entity_properties",
  "entity": "this",
  "predicate": {
    "equipment": {
      "offhand": {
        "predicates": {
          "minecraft:attribute_modifiers": {
            "modifiers": {
              "contains": [
                {
                  "id": "attack_damage_offhand.close_combat",
                  "amount": {
                    "min": 0.1
                  }
                }
              ]
            }
          }
        }
      }
    }
  }
}
