{
  "type": "minecraft:vegetation_patch",
  "config": {
      "depth": 1,
      "extra_bottom_block_chance": 0,
      "extra_edge_column_chance": 0.75,
      "ground_state": {
          "type": "minecraft:simple_state_provider",
          "state": {
              "Name": "minecraft:coarse_dirt"
          }
      },
      "replaceable": "#minecraft:moss_replaceable",
      "surface": "floor",
      "vegetation_chance": 0,
      "vegetation_feature": {
          "feature": "minecraft:patch_grass",
          "placement": []
      },
      "vertical_range": 5,
      "xz_radius": {
          "type": "minecraft:uniform",
          "min_inclusive": 2,
          "max_inclusive": 4
      }
  }
}