{
  "condition": "minecraft:any_of",
  "terms": [
    {
      "condition": "minecraft:location_check",
      "predicate": {
        "block": {
          "blocks": "#netherweather:heating"
        }
      }
    },
    {
      "condition": "minecraft:location_check",
      "predicate": {
        "fluid": {
          "fluids": "#minecraft:lava"
        }
      }
    },
    {
      "condition": "minecraft:entity_properties",
      "entity": "this",
      "predicate": {
        "flags": {
          "is_on_fire": true
        }
      }
    }
  ]
}