{
  "name": "scorching:desert_well/shaft_large",
  "fallback": "minecraft:empty",
  "elements": [
    {
      "weight": 100,
      "element": {
        "element_type": "minecraft:single_pool_element",
        "projection": "rigid",
        "location": "scorched:desert_well/axolotl1",
        "processors": "minecraft:empty"
      }
    },
    {
      "weight": 100,
      "element": {
        "element_type": "minecraft:single_pool_element",
        "projection": "rigid",
        "location": "scorched:desert_well/axolotl2",
        "processors": "minecraft:empty"
      }
    },
    {
      "weight": 100,
      "element": {
        "element_type": "minecraft:single_pool_element",
        "projection": "rigid",
        "location": "scorched:desert_well/axolotl3",
        "processors": "minecraft:empty"
      }
    },
    {
      "weight": 100,
      "element": {
        "element_type": "minecraft:single_pool_element",
        "projection": "rigid",
        "location": "scorched:desert_well/axolotl4",
        "processors": "minecraft:empty"
      }
    },
    {
      "weight": 4,
      "element": {
        "element_type": "minecraft:single_pool_element",
        "projection": "rigid",
        "location": "scorched:desert_well/axolotl5",
        "processors": "minecraft:empty"
      }
    }
  ]
}
