{
  "display": {
    "icon": {
      "id": "minecraft:wooden_axe",
      "count": 1
    },
    "title": "The Phantom Lumberjack",
    "description": "Find all types of Fallen Logs",
    "frame": "challenge",
    "show_toast": true,
    "announce_to_chat": true,
    "hidden": false
  },
  "parent": "minecraft:story/smelt_iron",
  "criteria": {
    "acacia": {
      "trigger": "minecraft:location",
      "conditions": {
        "player": [
          {
            "condition": "minecraft:entity_properties",
            "entity": "this",
            "predicate": {
              "location": {
                "structures": "luistercorp:fallen_log_acacia"
              }
            }
          }
        ]
      }
    },
    "cerezo": {
      "trigger": "minecraft:location",
      "conditions": {
        "player": [
          {
            "condition": "minecraft:entity_properties",
            "entity": "this",
            "predicate": {
              "location": {
                "structures": "luistercorp:fallen_log_cherry"
              }
            }
          }
        ]
      }
    },
    "jungla": {
      "trigger": "minecraft:location",
      "conditions": {
        "player": [
          {
            "condition": "minecraft:entity_properties",
            "entity": "this",
            "predicate": {
              "location": {
                "structures": "luistercorp:fallen_log_jungle"
              }
            }
          }
        ]
      }
    },
    "megataiga": {
      "trigger": "minecraft:location",
      "conditions": {
        "player": [
          {
            "condition": "minecraft:entity_properties",
            "entity": "this",
            "predicate": {
              "location": {
                "structures": "luistercorp:fallen_log_mega_spruce"
              }
            }
          }
        ]
      }
    },
    "roble_oscuro": {
      "trigger": "minecraft:location",
      "conditions": {
        "player": [
          {
            "condition": "minecraft:entity_properties",
            "entity": "this",
            "predicate": {
              "location": {
                "structures": "luistercorp:fallen_log_dark_oak"
              }
            }
          }
        ]
      }
    },
    "roble_palido": {
      "trigger": "minecraft:location",
      "conditions": {
        "player": [
          {
            "condition": "minecraft:entity_properties",
            "entity": "this",
            "predicate": {
              "location": {
                "structures": "luistercorp:fallen_log_pale_oak"
              }
            }
          }
        ]
      }
    },
    "azalea": {
      "trigger": "minecraft:location",
      "conditions": {
        "player": [
          {
            "condition": "minecraft:entity_properties",
            "entity": "this",
            "predicate": {
              "location": {
                "structures": "luistercorp:fallen_log_azalea"
              }
            }
          }
        ]
      }
    },
    "manglar": {
      "trigger": "minecraft:location",
      "conditions": {
        "player": [
          {
            "condition": "minecraft:entity_properties",
            "entity": "this",
            "predicate": {
              "location": {
                "structures": "luistercorp:fallen_log_mangrove"
              }
            }
          }
        ]
      }
    },
    "pantano": {
      "trigger": "minecraft:location",
      "conditions": {
        "player": [
          {
            "condition": "minecraft:entity_properties",
            "entity": "this",
            "predicate": {
              "location": {
                "structures": "luistercorp:fallen_log_swamp"
              }
            }
          }
        ]
      }
    }
  },
  "requirements": [
    [
      "acacia"
    ],
    [
      "cerezo"
    ],
    [
      "jungla"
    ],
    [
      "megataiga"
    ],
    [
      "roble_oscuro"
    ],
    [
      "roble_palido"
    ],
    [
      "azalea"
    ],
    [
      "manglar"
    ],
    [
      "pantano"
    ] 
  ]
}