{
  "elements": [
    {
      "element": {
        "element_type": "minecraft:single_pool_element",
        "location": "pale_formations:wall_nail/wall_nail_straight",
        "processors": "pale_formations:wall_nail/wall_nail",
        "projection": "rigid"
      },
      "weight": 10
    },
    {
      "element": {
        "element_type": "minecraft:single_pool_element",
        "location": "pale_formations:wall_nail/wall_nail_descend",
        "processors": "pale_formations:wall_nail/wall_nail",
        "projection": "rigid"
      },
      "weight": 8
    },
    {
      "element": {
        "element_type": "minecraft:single_pool_element",
        "location": "pale_formations:wall_nail/wall_nail_curve_inward",
        "processors": "pale_formations:wall_nail/wall_nail",
        "projection": "rigid"
      },
      "weight": 2
    },
    {
      "element": {
        "element_type": "minecraft:single_pool_element",
        "location": "pale_formations:wall_nail/wall_nail_curve_outward",
        "processors": "pale_formations:wall_nail/wall_nail",
        "projection": "rigid"
      },
      "weight": 2
    },
    {
      "element": {
        "element_type": "minecraft:single_pool_element",
        "location": "pale_formations:wall_nail/wall_nail_turn_inward",
        "processors": "pale_formations:wall_nail/wall_nail",
        "projection": "rigid"
      },
      "weight": 2
    },
    {
      "element": {
        "element_type": "minecraft:single_pool_element",
        "location": "pale_formations:wall_nail/wall_nail_turn_outward",
        "processors": "pale_formations:wall_nail/wall_nail",
        "projection": "rigid"
      },
      "weight": 2
    },
    {
      "element": {
        "element_type": "minecraft:single_pool_element",
        "location": "pale_formations:wall_nail/wall_nail_arch",
        "processors": "pale_formations:wall_nail/wall_nail",
        "projection": "rigid"
      },
      "weight": 3
    },
    {
      "element": {
        "element_type": "minecraft:single_pool_element",
        "location": "pale_formations:wall_nail/wall_nail_end",
        "processors": "pale_formations:wall_nail/wall_nail",
        "projection": "rigid"
      },
      "weight": 3
    },
    {
      "element": {
        "element_type": "minecraft:empty_pool_element"
      },
      "weight": 3
    }
  ],
  "fallback": "minecraft:empty"
}