{
  "type": "minecraft:crafting_shaped",
  "category": "equipment",
  "pattern": [
    " X ",
    " O ",
    " O "
  ],
  "key": {
    "X": "minecraft:golden_shovel",
    "O": "minecraft:stick"
  },
  "result": {
    "id": "minecraft:golden_axe",
    "count": 1,
    "components": {
      "minecraft:item_name": "{'text':'Golden Spear'}",
      "minecraft:attribute_modifiers": {
        "modifiers": [
          {
            "type": "minecraft:attack_damage",
            "id": "attack_damage.spear",
            "amount": 3.5,
            "operation": "add_value",
            "slot": "mainhand"
          },
          {
            "type": "minecraft:attack_speed",
            "id": "attack_speed",
            "amount": -2.9,
            "operation": "add_value",
            "slot": "mainhand"
          },
          {
            "type": "minecraft:entity_interaction_range",
            "id": "entity_interaction_range",
            "amount": 1.5,
            "operation": "add_value",
            "slot": "mainhand"
          }
        ],
        "show_in_tooltip": false
      },
      "lore": [
        "{'text':' '}",
        "{'bold':true,'color':'white','italic':false,'text':'[CRITICAL RANGE]'}",
        "{'color':'gray','italic':false,'text':'Hitting a target within 2.5'}",
        "{'color':'gray','italic':false,'text':'blocks applies a short duration'}",
        "{'color':'gray','italic':false,'text':'of strong slowness and mining'}",
        "{'color':'gray','italic':false,'text':'fatigue on the user.'}",
        "{'text':' '}",
        "{'color':'gray','italic':false,'text':'When in Main Hand:'}",
        "{'color':'dark_green','italic':false,'text':' 4.5 Attack Damage'}",
        "{'color':'dark_green','italic':false,'text':' 1.1 Attack Speed'}",
        "{'color':'dark_green','italic':false,'text':' +1.5 Entity Reach'}"
      ],
      "minecraft:item_model": "ppg:we/spear/golden"
    }
  }
}
