{
    "replace": false,
    "values": [
        "minecraft:forest",
        "minecraft:flower_forest",
        "minecraft:plains",
        "minecraft:sunflower_plains",
        "minecraft:meadow",
        {
            "id": "terralith:highlands",
            "required": false
        },
        {
            "id": "terralith:steppe",
            "required": false
        },
        {
            "id": "regions_unexplored:autumnal_maple_forest",
            "required": false
        },
        {
            "id": "regions_unexplored:maple_forest",
            "required": false
        },
        {
            "id": "regions_unexplored:orchard",
            "required": false
        },
        {
            "id": "regions_unexplored:deciduous_forest",
            "required": false
        },
        {
            "id": "regions_unexplored:temperate_grove",
            "required": false
        },
        {
            "id": "regions_unexplored:grassland",
            "required": false
        },
        {
            "id": "regions_unexplored:shrubland",
            "required": false
        },
        {
            "id": "biomeswevegone:orchard",
            "required": false
        },
        {
            "id": "biomeswevegone:red_oak_forest",
            "required": false
        },
        {
            "id": "biomeswevegone:autumnal_forest",
            "required": false
        },
        {
            "id": "biomesoplenty:woodland",
            "required": false
        },
        {
            "id": "biomesoplenty:old_growth_woodland",
            "required": false
        },
        {
            "id": "biomesoplenty:grassland",
            "required": false
        },
        {
            "id": "biomesoplenty:clover_patch",
            "required": false
        },
        {
            "id": "biomesoplenty:lavender_field",
            "required": false
        },
        {
            "id": "biomesoplenty:aspen_glade",
            "required": false
        },
        {
            "id": "biomesoplenty:seasonal_orchard",
            "required": false
        },
        {
            "id": "biomesoplenty:seasonal_forest",
            "required": false
        },
        {
            "id": "natures_spirit:shrubby_highlands",
            "required": false
        },
        {
            "id": "natures_spirit:cypress_fields",
            "required": false
        },
        {
            "id": "natures_spirit:aspen_forest",
            "required": false
        },
        {
            "id": "natures_spirit:marigold_meadows",
            "required": false
        },
        {
            "id": "#c:plains",
            "required": false
        },
        {
            "id": "#forge:is_plains",
            "required": false
        }
    ]
}