[
  {
    "function": "minecraft:set_attributes",
    "modifiers": [
      {
        "id": "attack_speed.spin_combo_heavy",
        "attribute": "minecraft:attack_speed",
        "amount": 0,
        "operation": "add_value",
        "slot": "mainhand"
      },
      {
        "id": "attack_speed.spin_combo_spin2",
        "attribute": "minecraft:attack_speed",
        "amount": 0,
        "operation": "add_value",
        "slot": "mainhand"
      },
      {
        "id": "attack_speed.spin_combo_spin1",
        "attribute": "minecraft:attack_speed",
        "amount": 0,
        "operation": "add_value",
        "slot": "mainhand"
      },
      {
        "id": "attack_damage.spin_combo",
        "attribute": "minecraft:attack_damage",
        "amount": 0,
        "operation": "add_value",
        "slot": "mainhand"
      }
    ],
    "replace": false
  },
  {
    "function": "minecraft:set_custom_model_data",
    "floats": {
      "values": [],
      "mode": "replace_all"
    }
  }
]
