{
	"processors": [
	  {
		"processor_type": "minecraft:rule",
		"rules": [
		  {
			"location_predicate": {
			  "predicate_type": "minecraft:always_true"
			},
			"input_predicate": {
			  "predicate_type": "minecraft:random_blockstate_match",
			  "block_state": {
				"Name": "minecraft:decorated_pot"
			  },
			  "probability": 0.18
			},
			"output_state": {
			  "Name": "minecraft:candle",
			  "Properties": {
				"candles": "3"
			  }
			}
		  },
		  {
			"location_predicate": {
			  "predicate_type": "minecraft:always_true"
			},
			"input_predicate": {
			  "predicate_type": "minecraft:random_block_match",
			  "block": "minecraft:decorated_pot",
			  "probability": 0.18
			},
			"output_state": {
			  "Name": "minecraft:flower_pot"
			}
		  },
		  {
			"location_predicate": {
			  "predicate_type": "minecraft:always_true"
			},
			"input_predicate": {
			  "predicate_type": "minecraft:random_block_match",
			  "block": "minecraft:decorated_pot",
			  "probability": 0.18
			},
			"output_state": {
			  "Name": "minecraft:potted_dead_bush"
			}
		  },
		  {
			"location_predicate": {
			  "predicate_type": "minecraft:always_true"
			},
			"input_predicate": {
			  "predicate_type": "minecraft:random_block_match",
			  "block": "minecraft:decorated_pot",
			  "probability": 0.18
			},
			"output_state": {
			  "Name": "minecraft:cobweb"
			}
		  },
		  {
			"location_predicate": {
			  "predicate_type": "minecraft:always_true"
			},
			"input_predicate": {
			  "predicate_type": "minecraft:random_blockstate_match",
			  "block_state": {
				"Name": "minecraft:candle",
				"Properties": {
				  "candles": "1",
				  "lit": "true",
				  "waterlogged": "false"
				}
			  },
			  "probability": 0.12
			},
			"output_state": {
			  "Name": "minecraft:brown_candle",
			  "Properties": {
				"candles": "2",
				"lit": "true",
				"waterlogged": "false"
			  }
			}
		  },
		  {
			"location_predicate": {
			  "predicate_type": "minecraft:always_true"
			},
			"input_predicate": {
			  "predicate_type": "minecraft:random_blockstate_match",
			  "block_state": {
				"Name": "minecraft:candle",
				"Properties": {
				  "candles": "1",
				  "lit": "true",
				  "waterlogged": "false"
				}
			  },
			  "probability": 0.12
			},
			"output_state": {
			  "Name": "minecraft:light_gray_candle",
			  "Properties": {
				"candles": "2",
				"lit": "true",
				"waterlogged": "false"
			  }
			}
		  },
		  {
			"location_predicate": {
			  "predicate_type": "minecraft:always_true"
			},
			"input_predicate": {
			  "predicate_type": "minecraft:random_blockstate_match",
			  "block_state": {
				"Name": "minecraft:candle",
				"Properties": {
				  "candles": "1",
				  "lit": "true",
				  "waterlogged": "false"
				}
			  },
			  "probability": 0.12
			},
			"output_state": {
			  "Name": "minecraft:white_candle",
			  "Properties": {
				"waterlogged": "false",
				"lit": "true",
				"candles": "2"
			  }
			}
		  },
		  {
			"location_predicate": {
			  "predicate_type": "minecraft:always_true"
			},
			"input_predicate": {
			  "predicate_type": "minecraft:random_block_match",
			  "block": "minecraft:rail",
			  "probability": 0.0073
			},
			"output_state": {
			  "Name": "minecraft:barrel",
			  "Properties": {
				"facing": "up"
			  }
			},
			"block_entity_modifier": {
			  "type": "minecraft:append_loot",
			  "loot_table": "hopo:chests/mineshaft/abandoned_miners_stuff"
			}
		  },
		  {
			"location_predicate": {
			  "predicate_type": "minecraft:always_true"
			},
			"input_predicate": {
			  "predicate_type": "minecraft:random_block_match",
			  "block": "minecraft:rail",
			  "probability": 0.0005
			},
			"output_state": {
			  "Name": "minecraft:raw_iron_block"
			}
		  },
		  {
			"location_predicate": {
			  "predicate_type": "minecraft:always_true"
			},
			"input_predicate": {
			  "predicate_type": "minecraft:random_block_match",
			  "block": "minecraft:rail",
			  "probability": 0.0005
			},
			"output_state": {
			  "Name": "minecraft:raw_gold_block"
			}
		  },
		  {
			"location_predicate": {
			  "predicate_type": "minecraft:always_true"
			},
			"input_predicate": {
			  "predicate_type": "minecraft:random_block_match",
			  "block": "minecraft:rail",
			  "probability": 0.0005
			},
			"output_state": {
			  "Name": "minecraft:raw_copper_block"
			}
		  },
		  {
			"location_predicate": {
			  "predicate_type": "minecraft:always_true"
			},
			"input_predicate": {
			  "predicate_type": "minecraft:random_block_match",
			  "block": "minecraft:rail",
			  "probability": 0.0005
			},
			"output_state": {
			  "Name": "minecraft:coal_block"
			}
		  },
		  {
			"location_predicate": {
			  "predicate_type": "minecraft:always_true"
			},
			"input_predicate": {
			  "predicate_type": "minecraft:random_block_match",
			  "block": "minecraft:rail",
			  "probability": 0.0005
			},
			"output_state": {
			  "Name": "minecraft:lava_cauldron"
			}
		  },
		  {
			"location_predicate": {
			  "predicate_type": "minecraft:always_true"
			},
			"input_predicate": {
			  "predicate_type": "minecraft:random_block_match",
			  "block": "minecraft:rail",
			  "probability": 0.0005
			},
			"output_state": {
			  "Name": "minecraft:water_cauldron"
			}
		  },
		  {
			"location_predicate": {
			  "predicate_type": "minecraft:always_true"
			},
			"input_predicate": {
			  "predicate_type": "minecraft:random_block_match",
			  "block": "minecraft:rail",
			  "probability": 0.09
			},
			"output_state": {
			  "Name": "minecraft:brown_carpet"
			}
		  },
		  {
			"location_predicate": {
			  "predicate_type": "minecraft:always_true"
			},
			"input_predicate": {
			  "predicate_type": "minecraft:random_block_match",
			  "block": "minecraft:rail",
			  "probability": 0.003
			},
			"output_state": {
			  "Name": "minecraft:damaged_anvil"
			}
		  },
		  {
			"location_predicate": {
			  "predicate_type": "minecraft:always_true"
			},
			"input_predicate": {
			  "predicate_type": "minecraft:random_block_match",
			  "block": "minecraft:rail",
			  "probability": 0.0044
			},
			"output_state": {
			  "Name": "minecraft:furnace"
			}
		  },
		  {
			"location_predicate": {
			  "predicate_type": "minecraft:always_true"
			},
			"input_predicate": {
			  "predicate_type": "minecraft:random_block_match",
			  "block": "minecraft:rail",
			  "probability": 0.0073
			},
			"output_state": {
			  "Name": "minecraft:tnt"
			}
		  },
		  {
			"location_predicate": {
			  "predicate_type": "minecraft:always_true"
			},
			"input_predicate": {
			  "predicate_type": "minecraft:random_block_match",
			  "block": "minecraft:rail",
			  "probability": 0.0073
			},
			"output_state": {
			  "Name": "minecraft:skeleton_skull",
			  "Properties": {
				"rotation": "2"
			  }
			}
		  },
		  {
			"location_predicate": {
			  "predicate_type": "minecraft:always_true"
			},
			"input_predicate": {
			  "predicate_type": "minecraft:random_block_match",
			  "block": "minecraft:rail",
			  "probability": 0.0073
			},
			"output_state": {
			  "Name": "minecraft:crafting_table"
			}
		  },
		  {
			"location_predicate": {
			  "predicate_type": "minecraft:always_true"
			},
			"input_predicate": {
			  "predicate_type": "minecraft:random_block_match",
			  "block": "minecraft:rail",
			  "probability": 0.0073
			},
			"output_state": {
			  "Name": "minecraft:lantern"
			}
		  },
		  {
			"location_predicate": {
			  "predicate_type": "minecraft:always_true"
			},
			"input_predicate": {
			  "predicate_type": "minecraft:random_block_match",
			  "block": "minecraft:rail",
			  "probability": 0.0073
			},
			"output_state": {
			  "Name": "minecraft:stonecutter"
			}
		  },
		  {
			"location_predicate": {
			  "predicate_type": "minecraft:always_true"
			},
			"input_predicate": {
			  "predicate_type": "minecraft:random_block_match",
			  "block": "minecraft:rail",
			  "probability": 0.0073
			},
			"output_state": {
			  "Name": "minecraft:brown_banner",
			  "Properties": {
				"rotation": "13"
			  }
			}
		  },
		  {
			"location_predicate": {
			  "predicate_type": "minecraft:always_true"
			},
			"input_predicate": {
			  "predicate_type": "minecraft:random_block_match",
			  "block": "minecraft:rail",
			  "probability": 0.0073
			},
			"output_state": {
			  "Name": "minecraft:oak_slab"
			}
		  },
		  {
			"location_predicate": {
			  "predicate_type": "minecraft:always_true"
			},
			"input_predicate": {
			  "predicate_type": "minecraft:random_block_match",
			  "block": "minecraft:rail",
			  "probability": 0.0073
			},
			"output_state": {
			  "Name": "minecraft:brown_mushroom"
			}
		  },
		  {
			"location_predicate": {
			  "predicate_type": "minecraft:always_true"
			},
			"input_predicate": {
			  "predicate_type": "minecraft:random_block_match",
			  "block": "minecraft:rail",
			  "probability": 0.0073
			},
			"output_state": {
			  "Name": "minecraft:red_mushroom"
			}
		  },
		  {
			"location_predicate": {
			  "predicate_type": "minecraft:always_true"
			},
			"input_predicate": {
			  "predicate_type": "minecraft:random_block_match",
			  "block": "minecraft:rail",
			  "probability": 0.0073
			},
			"output_state": {
			  "Name": "minecraft:cobweb"
			}
		  },
		  {
			"location_predicate": {
			  "predicate_type": "minecraft:always_true"
			},
			"input_predicate": {
			  "predicate_type": "minecraft:random_block_match",
			  "block": "minecraft:rail",
			  "probability": 0.0073
			},
			"output_state": {
			  "Name": "minecraft:glow_lichen",
			  "Properties": {
				"down": "true",
				"east": "false",
				"north": "false",
				"south": "false",
				"up": "false",
				"waterlogged": "false",
				"west": "false"
			  }
			}
		  },
		  {
			"location_predicate": {
			  "predicate_type": "minecraft:always_true"
			},
			"input_predicate": {
			  "predicate_type": "minecraft:random_block_match",
			  "block": "minecraft:rail",
			  "probability": 0.0073
			},
			"output_state": {
			  "Name": "minecraft:decorated_pot"
			},
			"block_entity_modifier": {
			  "type": "minecraft:append_loot",
			  "loot_table": "hopo:archaeology/mineshaft_remnants"
			}
		  },
		  {
			"location_predicate": {
			  "predicate_type": "minecraft:always_true"
			},
			"input_predicate": {
			  "predicate_type": "minecraft:random_block_match",
			  "block": "minecraft:rail",
			  "probability": 0.0073
			},
			"output_state": {
			  "Name": "minecraft:flower_pot"
			}
		  },
		  {
			"location_predicate": {
			  "predicate_type": "minecraft:always_true"
			},
			"input_predicate": {
			  "predicate_type": "minecraft:random_block_match",
			  "block": "minecraft:rail",
			  "probability": 0.0073
			},
			"output_state": {
			  "Name": "minecraft:candle",
			  "Properties": {
				"candles": "3",
				"waterlogged": "false",
				"lit": "true"
			  }
			}
		  },
		  {
			"location_predicate": {
			  "predicate_type": "minecraft:always_true"
			},
			"input_predicate": {
			  "predicate_type": "minecraft:random_block_match",
			  "block": "minecraft:stone",
			  "probability": 0.01
			},
			"output_state": {
			  "Name": "minecraft:mossy_cobblestone"
			}
		  },
		  {
			"location_predicate": {
			  "predicate_type": "minecraft:always_true"
			},
			"input_predicate": {
			  "predicate_type": "minecraft:random_block_match",
			  "block": "minecraft:stone",
			  "probability": 0.1
			},
			"output_state": {
			  "Name": "minecraft:deepslate"
			}
		  },
		  {
			"location_predicate": {
			  "predicate_type": "minecraft:always_true"
			},
			"input_predicate": {
			  "predicate_type": "minecraft:random_block_match",
			  "block": "minecraft:stone",
			  "probability": 0.01
			},
			"output_state": {
			  "Name": "minecraft:infested_cobblestone"
			}
		  },
		  {
			"location_predicate": {
			  "predicate_type": "minecraft:always_true"
			},
			"input_predicate": {
			  "predicate_type": "minecraft:random_block_match",
			  "block": "minecraft:stone",
			  "probability": 0.01
			},
			"output_state": {
			  "Name": "minecraft:cobblestone"
			}
		  },
		  {
			"location_predicate": {
			  "predicate_type": "minecraft:always_true"
			},
			"input_predicate": {
			  "predicate_type": "minecraft:random_block_match",
			  "block": "minecraft:stone",
			  "probability": 0.0005
			},
			"output_state": {
			  "Name": "minecraft:barrel",
			  "Properties": {
				"facing": "up",
				"open": "false"
			  }
			},
			"block_entity_modifier": {
			  "type": "minecraft:append_loot",
			  "loot_table": "hopo:chests/mineshaft/abandoned_miners_stuff"
			}
		  },
		  {
			"location_predicate": {
			  "predicate_type": "minecraft:always_true"
			},
			"input_predicate": {
			  "predicate_type": "minecraft:random_block_match",
			  "block": "minecraft:stone",
			  "probability": 0.027
			},
			"output_state": {
			  "Name": "minecraft:suspicious_gravel",
			  "Properties": {
				"dusted": "0"
			  }
			},
			"block_entity_modifier": {
			  "type": "minecraft:append_loot",
			  "loot_table": "hopo:archaeology/mineshaft_remnants"
			}
		  },
		  {
			"location_predicate": {
			  "predicate_type": "minecraft:always_true"
			},
			"input_predicate": {
			  "predicate_type": "minecraft:random_block_match",
			  "block": "minecraft:stone",
			  "probability": 0.022
			},
			"output_state": {
			  "Name": "minecraft:gravel"
			}
		  },
		  {
			"location_predicate": {
			  "predicate_type": "minecraft:always_true"
			},
			"input_predicate": {
			  "predicate_type": "minecraft:random_block_match",
			  "block": "minecraft:acacia_planks",
			  "probability": 0.007
			},
			"output_state": {
			  "Name": "minecraft:iron_ore"
			}
		  },
		  {
			"location_predicate": {
			  "predicate_type": "minecraft:always_true"
			},
			"input_predicate": {
			  "predicate_type": "minecraft:random_block_match",
			  "block": "minecraft:acacia_planks",
			  "probability": 0.007
			},
			"output_state": {
			  "Name": "minecraft:oxidized_copper"
			}
		  },
		  {
			"location_predicate": {
			  "predicate_type": "minecraft:always_true"
			},
			"input_predicate": {
			  "predicate_type": "minecraft:random_block_match",
			  "block": "minecraft:acacia_planks",
			  "probability": 0.05
			},
			"output_state": {
			  "Name": "minecraft:oak_planks"
			}
		  },
		  {
			"location_predicate": {
			  "predicate_type": "minecraft:always_true"
			},
			"input_predicate": {
			  "predicate_type": "minecraft:random_block_match",
			  "block": "minecraft:acacia_log",
			  "probability": 0.1
			},
			"output_state": {
			  "Name": "minecraft:cobweb"
			}
		  },
		  {
			"location_predicate": {
			  "predicate_type": "minecraft:always_true"
			},
			"input_predicate": {
			  "predicate_type": "minecraft:random_block_match",
			  "block": "minecraft:acacia_planks",
			  "probability": 0.0085
			},
			"output_state": {
			  "Name": "minecraft:acacia_trapdoor",
			  "Properties": {
				"facing": "north",
				"half": "top",
				"open": "false",
				"powered": "false",
				"waterlogged": "false"
			  }
			}
		  },
		  {
			"location_predicate": {
			  "predicate_type": "minecraft:always_true"
			},
			"input_predicate": {
			  "predicate_type": "minecraft:random_block_match",
			  "block": "minecraft:acacia_planks",
			  "probability": 0.0085
			},
			"output_state": {
			  "Name": "minecraft:acacia_trapdoor",
			  "Properties": {
				"facing": "east",
				"half": "top",
				"open": "false",
				"powered": "false",
				"waterlogged": "false"
			  }
			}
		  },
		  {
			"location_predicate": {
			  "predicate_type": "minecraft:always_true"
			},
			"input_predicate": {
			  "predicate_type": "minecraft:random_block_match",
			  "block": "minecraft:rail",
			  "probability": 0.4
			},
			"output_state": {
			  "Name": "minecraft:air"
			}
		  },
		  {
			"location_predicate": {
			  "predicate_type": "minecraft:always_true"
			},
			"input_predicate": {
			  "predicate_type": "minecraft:random_block_match",
			  "block": "minecraft:chiseled_stone_bricks",
			  "probability": 0.35
			},
			"output_state": {
			  "Name": "minecraft:infested_chiseled_stone_bricks"
			}
		  },
		  {
			"location_predicate": {
			  "predicate_type": "minecraft:always_true"
			},
			"input_predicate": {
			  "predicate_type": "minecraft:random_block_match",
			  "block": "minecraft:cobweb",
			  "probability": 0.77
			},
			"output_state": {
			  "Name": "minecraft:air"
			}
		  },
		  {
			"location_predicate": {
			  "predicate_type": "minecraft:always_true"
			},
			"input_predicate": {
			  "predicate_type": "minecraft:random_block_match",
			  "block": "minecraft:acacia_planks",
			  "probability": 0.04
			},
			"output_state": {
			  "Name": "minecraft:air"
			}
		  },
		  {
			"location_predicate": {
			  "predicate_type": "minecraft:always_true"
			},
			"input_predicate": {
			  "predicate_type": "minecraft:random_block_match",
			  "block": "minecraft:acacia_planks",
			  "probability": 0.05
			},
			"output_state": {
			  "Name": "minecraft:stone"
			}
		  },
		  {
			"location_predicate": {
			  "predicate_type": "minecraft:always_true"
			},
			"input_predicate": {
			  "predicate_type": "minecraft:random_block_match",
			  "block": "minecraft:acacia_planks",
			  "probability": 0.01
			},
			"output_state": {
			  "Name": "minecraft:infested_stone"
			}
		  },
		  {
			"location_predicate": {
			  "predicate_type": "minecraft:always_true"
			},
			"input_predicate": {
			  "predicate_type": "minecraft:random_blockstate_match",
			  "block_state": {
				"Name": "minecraft:acacia_log",
				"Properties": {
				  "axis": "y"
				}
			  },
			  "probability": 0.27
			},
			"output_state": {
			  "Name": "minecraft:stripped_acacia_log",
			  "Properties": {
				"axis": "y"
			  }
			}
		  },
		  {
			"location_predicate": {
			  "predicate_type": "minecraft:always_true"
			},
			"input_predicate": {
			  "predicate_type": "minecraft:random_block_match",
			  "block": "minecraft:acacia_fence",
			  "probability": 0.2
			},
			"output_state": {
			  "Name": "minecraft:acacia_planks"
			}
		  },
		  {
			"location_predicate": {
			  "predicate_type": "minecraft:always_true"
			},
			"input_predicate": {
			  "predicate_type": "minecraft:random_block_match",
			  "block": "minecraft:oak_fence",
			  "probability": 0.2
			},
			"output_state": {
			  "Name": "minecraft:oak_planks"
			}
		  },
		  {
			"location_predicate": {
			  "predicate_type": "minecraft:always_true"
			},
			"input_predicate": {
			  "predicate_type": "minecraft:random_blockstate_match",
			  "block_state": {
				"Name": "minecraft:acacia_planks"
			  },
			  "probability": 0.027
			},
			"output_state": {
			  "Name": "minecraft:acacia_slab",
			  "Properties": {
				"type": "bottom",
				"waterlogged": "false"
			  }
			}
		  },
		  {
			"location_predicate": {
			  "predicate_type": "minecraft:always_true"
			},
			"input_predicate": {
			  "predicate_type": "minecraft:random_block_match",
			  "block": "minecraft:acacia_log",
			  "probability": 0.27
			},
			"output_state": {
			  "Name": "minecraft:acacia_planks"
			}
		  }
		]
	  }
	]
  }
  