{
  "processors": [
    {
      "processor_type": "minecraft:rule",
      "rules": [
        {
          "location_predicate": {
            "predicate_type": "minecraft:always_true"
          },
          "input_predicate": {
            "predicate_type": "minecraft:random_block_match",
            "block": "minecraft:gravel",
            "probability": 0.04
          },
          "output_state": {
            "Name": "minecraft:suspicious_gravel",
            "Properties": {
              "dusted": "0"
            }
          },
          "block_entity_modifier": {
            "type": "minecraft:append_loot",
            "loot_table": "pale_formations:archaeology/generic/usual_gravel"
          }
        }
      ]
    },
    {
      "processor_type": "minecraft:rule",
      "rules": [
        {
          "location_predicate": {
            "predicate_type": "minecraft:always_true"
          },
          "input_predicate": {
            "predicate_type": "minecraft:random_block_match",
            "block": "minecraft:gravel",
            "probability": 0.11
          },
          "output_state": {
            "Name": "minecraft:polished_tuff"
          }
        },
        {
          "location_predicate": {
            "predicate_type": "minecraft:always_true"
          },
          "input_predicate": {
            "predicate_type": "minecraft:random_block_match",
            "block": "minecraft:gravel",
            "probability": 0.35
          },
          "output_state": {
            "Name": "minecraft:grass_block"
          }
        }
      ]
    }
  ]
}
