{
	"__comment": "Designed by BDcraft - https://bdcraft.net",
	"parent": "minecraft:block/thin_block",
	"ambientocclusion": false,
	"textures": {
		"particle": "#texture",
		"texture": "block/copper_trapdoor",
		"door": "block/copper_door_top"
	},
	"elements": [
		{
			"__comment": "Border",
			"from": [ 0, 0, 0 ],
			"to": [ 16, 3, 16 ],
			"faces": {
				"down": { "uv": [ 16, 16, 0, 0 ], "texture": "#texture", "cullface": "down" },
				"up": { "uv": [ 0, 0, 16, 16 ], "texture": "#texture" },
				"north": { "uv": [ 5.5, 0, 5.75, 3 ], "texture": "#door", "cullface": "north" },
				"south": { "uv": [ 5.5, 0, 5.75, 3 ], "texture": "#door", "cullface": "south" },
				"west": { "uv": [ 5.5, 0, 5.75, 3 ], "texture": "#door", "cullface": "west" },
				"east": { "uv": [ 5.5, 0, 5.75, 3 ], "texture": "#door", "cullface": "east" }
			}
		},
		{
			"__comment": "Inner",
			"from": [ 2.5, 0, 13.01 ],
			"to": [ 13.5, 3, 14.01 ],
			"faces": {
				"north": { "uv": [ 5.5, 0, 5.75, 3 ], "texture": "#door" }
			}
		},
		{
			"__comment": "Inner",
			"from": [ 2.5, 0, 1.99 ],
			"to": [ 13.5, 3, 2.99 ],
			"faces": {
				"south": { "uv": [ 5.5, 0, 5.75, 3 ], "texture": "#door" }
			}
		},
		{
			"__comment": "Inner",
			"from": [ 13.01, 0, 2.5 ],
			"to": [ 14.01, 3, 13.5 ],
			"faces": {
				"west": { "uv": [ 5.5, 0, 5.75, 3 ], "texture": "#door" }
			}
		},
		{
			"__comment": "Inner",
			"from": [ 1.99, 0, 2.5 ],
			"to": [ 2.99, 3, 13.5 ],
			"faces": {
				"east": { "uv": [ 5.5, 0, 5.75, 3 ], "texture": "#door" }
			}
		},
		{
			"__comment": "InnerCorner",
			"from": [ 10, 0.0151, 4 ],
			"to": [ 13, 2.9951, 5 ],
			"rotation": { "origin": [ 13, 0, 5 ], "axis": "y", "angle": -45 },
			"faces": {
				"down": { "uv": [ 2.5, 5.25, 3, 5.75 ], "texture": "#texture", "cullface": "down" },
				"up": { "uv": [ 2.5, 5.25, 3, 5.75 ], "texture": "#texture" },
				"south": { "uv": [ 5.5, 0, 5.75, 3 ], "texture": "#door" }
			}
		},
		{
			"__comment": "InnerCorner",
			"from": [ 11, 0.0151, 13 ],
			"to": [ 14, 2.9951, 14 ],
			"rotation": { "origin": [ 11, 0, 13 ], "axis": "y", "angle": 45 },
			"faces": {
				"down": { "uv": [ 2.5, 5.25, 3, 5.75 ], "texture": "#texture", "cullface": "down" },
				"up": { "uv": [ 2.5, 5.25, 3, 5.75 ], "texture": "#texture" },
				"north": { "uv": [ 5.5, 0, 5.75, 3 ], "texture": "#door" }
			}
		},
		{
			"__comment": "InnerCorner",
			"from": [ 3, 0.0151, 4 ],
			"to": [ 6, 2.9951, 5 ],
			"rotation": { "origin": [ 3, 0, 5 ], "axis": "y", "angle": 45 },
			"faces": {
				"down": { "uv": [ 2.5, 5.25, 3, 5.75 ], "texture": "#texture", "cullface": "down" },
				"up": { "uv": [ 2.5, 5.25, 3, 5.75 ], "texture": "#texture" },
				"south": { "uv": [ 5.5, 0, 5.75, 3 ], "texture": "#door" }
			}
		},
		{
			"__comment": "InnerCorner",
			"from": [ 3, 0.0151, 11 ],
			"to": [ 6, 2.9951, 12 ],
			"rotation": { "origin": [ 3, 0, 11 ], "axis": "y", "angle": -45 },
			"faces": {
				"down": { "uv": [ 2.5, 5.25, 3, 5.75 ], "texture": "#texture", "cullface": "down" },
				"up": { "uv": [ 2.5, 5.25, 3, 5.75 ], "texture": "#texture" },
				"north": { "uv": [ 5.5, 0, 5.75, 3 ], "texture": "#door" }
			}
		},
		{
			"__comment": "InnerSquare",
			"from": [ 6, 1, 6 ],
			"to": [ 7, 2, 10 ],
			"faces": {
				"down": { "uv": [ 6, 6, 7, 10 ], "texture": "#door", "cullface": "down" },
				"up": { "uv": [ 6, 6, 7, 10 ], "texture": "#door" },
				"north": { "uv": [ 7.75, 9, 8, 10 ], "texture": "#door" },
				"south": { "uv": [ 7.75, 9, 8, 10 ], "texture": "#door" },
				"west": { "uv": [ 7.75, 9, 8, 10 ], "texture": "#door" },
				"east": { "uv": [ 7.75, 9, 8, 10 ], "texture": "#door" }
			}
		},
		{
			"__comment": "InnerSquare",
			"from": [ 9, 1, 6 ],
			"to": [ 10, 2, 10 ],
			"faces": {
				"down": { "uv": [ 9, 6, 10, 10 ], "texture": "#door", "cullface": "down" },
				"up": { "uv": [ 9, 6, 10, 10 ], "texture": "#door" },
				"north": { "uv": [ 7.75, 9, 8, 10 ], "texture": "#door" },
				"south": { "uv": [ 7.75, 9, 8, 10 ], "texture": "#door" },
				"west": { "uv": [ 7.75, 9, 8, 10 ], "texture": "#door" },
				"east": { "uv": [ 7.75, 9, 8, 10 ], "texture": "#door" }
			}
		},
		{
			"__comment": "InnerSquare",
			"from": [ 7, 1, 6 ],
			"to": [ 9, 2, 7 ],
			"faces": {
				"down": { "uv": [ 7, 9, 9, 10 ], "texture": "#door", "cullface": "down" },
				"up": { "uv": [ 7, 6, 9, 7 ], "texture": "#door" },
				"north": { "uv": [ 7.75, 9, 8, 10 ], "texture": "#door" },
				"south": { "uv": [ 7.75, 9, 8, 10 ], "texture": "#door" }
			}
		},
		{
			"__comment": "InnerSquare",
			"from": [ 7, 1, 9 ],
			"to": [ 9, 2, 10 ],
			"faces": {
				"down": { "uv": [ 7, 6, 9, 7 ], "texture": "#door", "cullface": "down" },
				"up": { "uv": [ 7, 9, 9, 10 ], "texture": "#door" },
				"north": { "uv": [ 7.75, 9, 8, 10 ], "texture": "#door" },
				"south": { "uv": [ 7.75, 9, 8, 10 ], "texture": "#door" }
			}
		},
		{
			"__comment": "Cross",
			"from": [ 4, 1.125, 11.625 ],
			"to": [ 7.5, 1.875, 12.375 ],
			"rotation": { "origin": [ 4, 0.625, 12 ], "axis": "y", "angle": 45 },
			"faces": {
				"down": { "uv": [ 5, 12, 8, 13 ], "texture": "#door", "cullface": "down", "rotation": 180 },
				"up": { "uv": [ 5, 12, 8, 13 ], "texture": "#door" },
				"north": { "uv": [ 5, 12, 8, 13 ], "texture": "#door" },
				"south": { "uv": [ 5, 12, 8, 13 ], "texture": "#door" }
			}
		},
		{
			"__comment": "Cross",
			"from": [ 8.5, 1.125, 3.625 ],
			"to": [ 12, 1.875, 4.375 ],
			"rotation": { "origin": [ 12, 0.625, 4 ], "axis": "y", "angle": 45 },
			"faces": {
				"down": { "uv": [ 5, 12, 8, 13 ], "texture": "#door", "cullface": "down", "rotation": 180 },
				"up": { "uv": [ 5, 12, 8, 13 ], "texture": "#door" },
				"north": { "uv": [ 5, 12, 8, 13 ], "texture": "#door" },
				"south": { "uv": [ 5, 12, 8, 13 ], "texture": "#door" }
			}
		},
		{
			"__comment": "Cross",
			"from": [ 8.5, 1.125, 11.625 ],
			"to": [ 12, 1.875, 12.375 ],
			"rotation": { "origin": [ 12, 0.625, 12 ], "axis": "y", "angle": -45 },
			"faces": {
				"down": { "uv": [ 5, 12, 8, 13 ], "texture": "#door", "cullface": "down", "rotation": 180 },
				"up": { "uv": [ 5, 12, 8, 13 ], "texture": "#door" },
				"north": { "uv": [ 5, 12, 8, 13 ], "texture": "#door" },
				"south": { "uv": [ 5, 12, 8, 13 ], "texture": "#door" }
			}
		},
		{
			"__comment": "Cross",
			"from": [ 3.625, 1.125, 4 ],
			"to": [ 4.375, 1.875, 7.5 ],
			"rotation": { "origin": [ 4, 0.625, 4 ], "axis": "y", "angle": 45 },
			"faces": {
				"down": { "uv": [ 5, 12, 8, 13 ], "texture": "#door", "cullface": "down", "rotation": 90 },
				"up": { "uv": [ 5, 12, 8, 13 ], "texture": "#door", "rotation": 90 },
				"west": { "uv": [ 5, 12, 8, 13 ], "texture": "#door" },
				"east": { "uv": [ 5, 12, 8, 13 ], "texture": "#door" }
			}
		}
	]
}
