{
	"__comment": "Designed by Sphax with BDcraft Cubik PRO 0.76 Beta - http://bdcraft.net",
	"ambientocclusion": false,
	"textures": {
		"particle": "#bottom",
		"bottom": "block/copper_door_bottom",
		"top": "block/copper_door_top"
	},
	"elements": [
		{
			"from": [ 0, 0, 0 ],
			"to": [ 3, 16, 16 ],
			"faces": {
				"down": { "uv": [ 0, 2, 2, 2.25 ], "texture": "#bottom", "cullface": "down" },
				"north": { "uv": [ 2, 5.25, 0, 5.75 ], "texture": "#bottom", "cullface": "north" },
				"south": { "uv": [ 0, 0, 0.25, 16 ], "texture": "#bottom", "cullface": "south" },
				"west": { "uv": [ 16, 0, 0, 16 ], "texture": "#bottom", "cullface": "west" },
				"east": { "uv": [ 0, 0, 16, 16 ], "texture": "#bottom" }
			}
		}
	]
}
