{
	"__comment": "Designed by BDcraft - https://bdcraft.net",
	"parent": "minecraft:block/thin_block",
	"ambientocclusion": false,
	"textures": {
		"particle": "#texture",
		"texture": "block/copper_trapdoor",
		"door": "block/copper_door_top"
	},
	"elements": [
		{
			"__comment": "Border",
			"from": [ 0, 0, 13 ],
			"to": [ 16, 16, 16 ],
			"faces": {
				"down": { "uv": [ 5.75, 3, 5.5, 0 ], "texture": "#door", "cullface": "down" },
				"up": { "uv": [ 5.5, 0, 5.75, 3 ], "texture": "#door", "cullface": "up" },
				"north": { "uv": [ 16, 16, 0, 0 ], "texture": "#texture", "rotation": 180 },
				"south": { "uv": [ 16, 16, 0, 0 ], "texture": "#texture", "cullface": "south", "rotation": 180 },
				"west": { "uv": [ 5.5, 0, 5.75, 3 ], "texture": "#door", "cullface": "west", "rotation": 270 },
				"east": { "uv": [ 5.5, 0, 5.75, 3 ], "texture": "#door", "cullface": "east", "rotation": 90 }
			}
		},
		{
			"__comment": "Inner",
			"from": [ 2.5, 1.99, 13 ],
			"to": [ 13.5, 2.99, 16 ],
			"faces": {
				"up": { "uv": [ 5.5, 0, 5.75, 3 ], "texture": "#door" }
			}
		},
		{
			"__comment": "Inner",
			"from": [ 2.5, 13.01, 13 ],
			"to": [ 13.5, 14.01, 16 ],
			"faces": {
				"down": { "uv": [ 5.75, 3, 5.5, 0 ], "texture": "#door" }
			}
		},
		{
			"__comment": "Inner",
			"from": [ 1.99, 2.5, 13 ],
			"to": [ 2.99, 13.5, 16 ],
			"faces": {
				"east": { "uv": [ 5.5, 0, 5.75, 3 ], "texture": "#door", "rotation": 90 }
			}
		},
		{
			"__comment": "Inner",
			"from": [ 13.01, 2.5, 13 ],
			"to": [ 14.01, 13.5, 16 ],
			"faces": {
				"west": { "uv": [ 5.5, 0, 5.75, 3 ], "texture": "#door", "rotation": 270 }
			}
		},
		{
			"__comment": "InnerCorner",
			"from": [ 3, 11, 13.0049 ],
			"to": [ 6, 12, 15.9849 ],
			"rotation": { "origin": [ 3, 11, 15.99999 ], "axis": "z", "angle": 45 },
			"faces": {
				"down": { "uv": [ 5.75, 3, 5.5, 0 ], "texture": "#door" },
				"north": { "uv": [ 3, 5.75, 2.5, 5.25 ], "texture": "#texture", "rotation": 180 },
				"south": { "uv": [ 2.5, 5.25, 3, 5.75 ], "texture": "#texture", "cullface": "south", "rotation": 180 }
			}
		},
		{
			"__comment": "InnerCorner",
			"from": [ 2, 2, 13.0049 ],
			"to": [ 5, 3, 15.9849 ],
			"rotation": { "origin": [ 5, 3.000001, 16 ], "axis": "z", "angle": -45 },
			"faces": {
				"up": { "uv": [ 5.5, 0, 5.75, 3 ], "texture": "#door" },
				"north": { "uv": [ 3, 5.75, 2.5, 5.25 ], "texture": "#texture", "rotation": 180 },
				"south": { "uv": [ 2.5, 5.25, 3, 5.75 ], "texture": "#texture", "cullface": "south", "rotation": 180 }
			}
		},
		{
			"__comment": "InnerCorner",
			"from": [ 10, 11, 13.0049 ],
			"to": [ 13, 12, 15.9849 ],
			"rotation": { "origin": [ 13, 11, 16 ], "axis": "z", "angle": -45 },
			"faces": {
				"down": { "uv": [ 5.75, 3, 5.5, 0 ], "texture": "#door" },
				"north": { "uv": [ 3, 5.75, 2.5, 5.25 ], "texture": "#texture", "rotation": 180 },
				"south": { "uv": [ 2.5, 5.25, 3, 5.75 ], "texture": "#texture", "cullface": "south", "rotation": 180 }
			}
		},
		{
			"__comment": "InnerCorner",
			"from": [ 10, 4, 13.0049 ],
			"to": [ 13, 5, 15.9849 ],
			"rotation": { "origin": [ 13, 5.000002, 16 ], "axis": "z", "angle": 45 },
			"faces": {
				"up": { "uv": [ 5.5, 0, 5.75, 3 ], "texture": "#door" },
				"north": { "uv": [ 3, 5.75, 2.5, 5.25 ], "texture": "#texture", "rotation": 180 },
				"south": { "uv": [ 2.5, 5.25, 3, 5.75 ], "texture": "#texture", "cullface": "south", "rotation": 180 }
			}
		},
		{
			"__comment": "InnerSquare",
			"from": [ 9, 6, 14 ],
			"to": [ 10, 10, 15 ],
			"faces": {
				"down": { "uv": [ 8, 10, 7.75, 9 ], "texture": "#door" },
				"up": { "uv": [ 7.75, 9, 8, 10 ], "texture": "#door" },
				"north": { "uv": [ 7, 10, 6, 6 ], "texture": "#door", "rotation": 180 },
				"south": { "uv": [ 6, 6, 7, 10 ], "texture": "#door", "cullface": "south", "rotation": 180 },
				"west": { "uv": [ 7.75, 9, 8, 10 ], "texture": "#door", "rotation": 270 },
				"east": { "uv": [ 7.75, 9, 8, 10 ], "texture": "#door", "rotation": 90 }
			}
		},
		{
			"__comment": "InnerSquare",
			"from": [ 6, 6, 14 ],
			"to": [ 7, 10, 15 ],
			"faces": {
				"down": { "uv": [ 8, 10, 7.75, 9 ], "texture": "#door" },
				"up": { "uv": [ 7.75, 9, 8, 10 ], "texture": "#door" },
				"north": { "uv": [ 10, 10, 9, 6 ], "texture": "#door", "rotation": 180 },
				"south": { "uv": [ 9, 6, 10, 10 ], "texture": "#door", "cullface": "south", "rotation": 180 },
				"west": { "uv": [ 7.75, 9, 8, 10 ], "texture": "#door", "rotation": 270 },
				"east": { "uv": [ 7.75, 9, 8, 10 ], "texture": "#door", "rotation": 90 }
			}
		},
		{
			"__comment": "InnerSquare",
			"from": [ 7, 9, 14 ],
			"to": [ 9, 10, 15 ],
			"faces": {
				"down": { "uv": [ 8, 10, 7.75, 9 ], "texture": "#door" },
				"up": { "uv": [ 7.75, 9, 8, 10 ], "texture": "#door" },
				"north": { "uv": [ 9, 7, 7, 6 ], "texture": "#door", "rotation": 180 },
				"south": { "uv": [ 7, 9, 9, 10 ], "texture": "#door", "cullface": "south", "rotation": 180 }
			}
		},
		{
			"__comment": "InnerSquare",
			"from": [ 7, 6, 14 ],
			"to": [ 9, 7, 15 ],
			"faces": {
				"down": { "uv": [ 8, 10, 7.75, 9 ], "texture": "#door" },
				"up": { "uv": [ 7.75, 9, 8, 10 ], "texture": "#door" },
				"north": { "uv": [ 9, 10, 7, 9 ], "texture": "#door", "rotation": 180 },
				"south": { "uv": [ 7, 6, 9, 7 ], "texture": "#door", "cullface": "south", "rotation": 180 }
			}
		},
		{
			"__comment": "Cross",
			"from": [ 8.5, 3.6251, 14.125 ],
			"to": [ 12, 4.3751, 14.875 ],
			"rotation": { "origin": [ 12, 4.000002, 15.375 ], "axis": "z", "angle": -45 },
			"faces": {
				"down": { "uv": [ 8, 13, 5, 12 ], "texture": "#door" },
				"up": { "uv": [ 5, 12, 8, 13 ], "texture": "#door" },
				"north": { "uv": [ 8, 13, 5, 12 ], "texture": "#door", "rotation": 180 },
				"south": { "uv": [ 5, 12, 8, 13 ], "texture": "#door", "cullface": "south" }
			}
		},
		{
			"__comment": "Cross",
			"from": [ 4, 11.625, 14.125 ],
			"to": [ 7.5, 12.375, 14.875 ],
			"rotation": { "origin": [ 4, 12, 15.375 ], "axis": "z", "angle": -45 },
			"faces": {
				"down": { "uv": [ 8, 13, 5, 12 ], "texture": "#door" },
				"up": { "uv": [ 5, 12, 8, 13 ], "texture": "#door" },
				"north": { "uv": [ 8, 13, 5, 12 ], "texture": "#door", "rotation": 180 },
				"south": { "uv": [ 5, 12, 8, 13 ], "texture": "#door", "cullface": "south" }
			}
		},
		{
			"__comment": "Cross",
			"from": [ 4, 3.625, 14.125 ],
			"to": [ 7.5, 4.375, 14.875 ],
			"rotation": { "origin": [ 4, 4.000001, 15.375 ], "axis": "z", "angle": 45 },
			"faces": {
				"down": { "uv": [ 8, 13, 5, 12 ], "texture": "#door" },
				"up": { "uv": [ 5, 12, 8, 13 ], "texture": "#door" },
				"north": { "uv": [ 8, 13, 5, 12 ], "texture": "#door", "rotation": 180 },
				"south": { "uv": [ 5, 12, 8, 13 ], "texture": "#door", "cullface": "south" }
			}
		},
		{
			"__comment": "Cross",
			"from": [ 11.625, 8.5, 14.125 ],
			"to": [ 12.375, 12, 14.875 ],
			"rotation": { "origin": [ 12, 12, 15.375 ], "axis": "z", "angle": -45 },
			"faces": {
				"north": { "uv": [ 8, 13, 5, 12 ], "texture": "#door", "rotation": 270 },
				"south": { "uv": [ 5, 12, 8, 13 ], "texture": "#door", "cullface": "south", "rotation": 270 },
				"west": { "uv": [ 5, 12, 8, 13 ], "texture": "#door", "rotation": 270 },
				"east": { "uv": [ 5, 12, 8, 13 ], "texture": "#door", "rotation": 90 }
			}
		}
	]
}
