{
	"__comment": "Designed by Sphax with BDcraft Cubik PRO 0.76 Beta - http://bdcraft.net",
	"ambientocclusion": false,
	"textures": {
		"particle": "#top",
		"bottom": "block/copper_door_bottom",
		"top": "block/copper_door_top"
	},
	"elements": [
		{
			"from": [ 0, 0, 13 ],
			"to": [ 3, 16, 16 ],
			"faces": {
				"up": { "uv": [ 2, 5.25, 0, 5.75 ], "texture": "#bottom", "cullface": "up", "rotation": 180 },
				"north": { "uv": [ 2, 5.25, 0, 5.75 ], "texture": "#bottom" },
				"south": { "uv": [ 0, 0, 0.25, 16 ], "texture": "#top", "cullface": "south" },
				"west": { "uv": [ 3, 0, 0, 16 ], "texture": "#top", "cullface": "west" },
				"east": { "uv": [ 0, 0, 3, 16 ], "texture": "#top" }
			}
		},
		{
			"from": [ 0, 0, 0 ],
			"to": [ 3, 16, 3 ],
			"faces": {
				"up": { "uv": [ 2, 5.25, 0, 5.75 ], "texture": "#bottom", "cullface": "up", "rotation": 180 },
				"north": { "uv": [ 2, 5.25, 0, 5.75 ], "texture": "#bottom", "cullface": "north" },
				"south": { "uv": [ 0, 5.25, 2, 5.75 ], "texture": "#bottom" },
				"west": { "uv": [ 16, 0, 13, 16 ], "texture": "#top", "cullface": "west" },
				"east": { "uv": [ 13, 0, 16, 16 ], "texture": "#top" }
			}
		},
		{
			"from": [ 0, 13, 3 ],
			"to": [ 3, 16, 13 ],
			"faces": {
				"down": { "uv": [ 2, 5.25, 0, 5.75 ], "texture": "#bottom", "rotation": 180 },
				"up": { "uv": [ 2, 5.25, 0, 5.75 ], "texture": "#bottom", "cullface": "up", "rotation": 180 },
				"west": { "uv": [ 13, 0, 3, 3 ], "texture": "#top", "cullface": "west" },
				"east": { "uv": [ 3, 0, 13, 3 ], "texture": "#top" }
			}
		},
		{
			"__comment": "Box15",
			"from": [ 0.75, 15, 3 ],
			"to": [ 1.75, 16, 5 ],
			"faces": {
				"down": { "uv": [ 13, 0, 11, 0.25 ], "texture": "#bottom", "rotation": 270 },
				"north": { "uv": [ 11, 0, 13, 1 ], "texture": "#bottom" },
				"south": { "uv": [ 11, 0, 13, 1 ], "texture": "#bottom" },
				"west": { "uv": [ 13, 0, 11, 1 ], "texture": "#bottom" },
				"east": { "uv": [ 11, 0, 13, 1 ], "texture": "#bottom" }
			}
		},
		{
			"__comment": "Box18",
			"from": [ 0, 0, 3 ],
			"to": [ 3, 3, 13 ],
			"faces": {
				"up": { "uv": [ 2, 5.25, 0, 5.75 ], "texture": "#bottom", "rotation": 180 },
				"west": { "uv": [ 13, 13, 3, 16 ], "texture": "#top", "cullface": "west" },
				"east": { "uv": [ 3, 13, 13, 16 ], "texture": "#top" }
			}
		},
		{
			"__comment": "Box19",
			"from": [ 0.75, 6, 6 ],
			"to": [ 2.25, 7, 10 ],
			"faces": {
				"down": { "uv": [ 9, 13, 9.5, 12 ], "texture": "#top", "rotation": 90 },
				"up": { "uv": [ 9, 13, 9.5, 12 ], "texture": "#top", "rotation": 90 },
				"north": { "uv": [ 9, 13, 9.5, 12 ], "texture": "#top", "rotation": 270 },
				"south": { "uv": [ 9, 12, 9.5, 13 ], "texture": "#top", "rotation": 270 },
				"west": { "uv": [ 10, 9, 6, 10 ], "texture": "#top" },
				"east": { "uv": [ 6, 9, 10, 10 ], "texture": "#top" }
			}
		},
		{
			"__comment": "Box19",
			"from": [ 0.75, 9, 6 ],
			"to": [ 2.25, 10, 10 ],
			"faces": {
				"down": { "uv": [ 9, 12, 9.5, 13 ], "texture": "#top", "rotation": 90 },
				"up": { "uv": [ 9, 13, 9.5, 12 ], "texture": "#top", "rotation": 90 },
				"north": { "uv": [ 9, 13, 9.5, 12 ], "texture": "#top", "rotation": 270 },
				"south": { "uv": [ 9, 12, 9.5, 13 ], "texture": "#top", "rotation": 270 },
				"west": { "uv": [ 10, 6, 6, 7 ], "texture": "#top" },
				"east": { "uv": [ 6, 6, 10, 7 ], "texture": "#top" }
			}
		},
		{
			"__comment": "Box19",
			"from": [ 0.75, 7, 9 ],
			"to": [ 2.25, 9, 10 ],
			"faces": {
				"north": { "uv": [ 9, 13, 9.5, 12 ], "texture": "#top", "rotation": 270 },
				"south": { "uv": [ 9, 12, 9.5, 13 ], "texture": "#top", "rotation": 270 },
				"west": { "uv": [ 7, 7, 6, 9 ], "texture": "#top" },
				"east": { "uv": [ 6, 7, 7, 9 ], "texture": "#top" }
			}
		},
		{
			"__comment": "Box19",
			"from": [ 0.75, 7, 6 ],
			"to": [ 2.25, 9, 7 ],
			"faces": {
				"north": { "uv": [ 9, 13, 9.5, 12 ], "texture": "#top", "rotation": 270 },
				"south": { "uv": [ 9, 12, 9.5, 13 ], "texture": "#top", "rotation": 270 },
				"west": { "uv": [ 10, 7, 9, 9 ], "texture": "#top" },
				"east": { "uv": [ 9, 7, 10, 9 ], "texture": "#top" }
			}
		},
		{
			"__comment": "cross",
			"from": [ 1, 12.5, 8.25 ],
			"to": [ 2, 13.5, 13 ],
			"rotation": { "origin": [ 2, 13, 13 ], "axis": "x", "angle": -45 },
			"faces": {
				"down": { "uv": [ 5, 12, 10, 13 ], "texture": "#top", "rotation": 270 },
				"up": { "uv": [ 5, 13, 10, 12 ], "texture": "#top", "rotation": 90 },
				"west": { "uv": [ 5, 12, 10, 13 ], "texture": "#top" },
				"east": { "uv": [ 5, 12, 10, 13 ], "texture": "#top" }
			}
		},
		{
			"__comment": "cross",
			"from": [ 1, 2.5, 3 ],
			"to": [ 2, 3.5, 7.75 ],
			"rotation": { "origin": [2, 3, 3 ], "axis": "x", "angle": -45 },
			"faces": {
				"down": { "uv": [ 5, 12, 10, 13 ], "texture": "#top", "rotation": 270 },
				"up": { "uv": [ 5, 13, 10, 12 ], "texture": "#top", "rotation": 90 },
				"west": { "uv": [ 5, 12, 10, 13 ], "texture": "#top" },
				"east": { "uv": [ 5, 12, 10, 13 ], "texture": "#top" }
			}
		},
		{
			"__comment": "cross",
			"from": [ 1, 12.5, 3 ],
			"to": [ 2, 13.5, 7.75 ],
			"rotation": { "origin": [ 2, 13, 3 ], "axis": "x", "angle": 45 },
			"faces": {
				"down": { "uv": [ 5, 12, 10, 13 ], "texture": "#top", "rotation": 270 },
				"up": { "uv": [ 5, 13, 10, 12 ], "texture": "#top", "rotation": 90 },
				"west": { "uv": [ 5, 12, 10, 13 ], "texture": "#top" },
				"east": { "uv": [ 5, 12, 10, 13 ], "texture": "#top" }
			}
		},
		{
			"__comment": "cross",
			"from": [ 1, 2.5, 8.25 ],
			"to": [ 2, 3.5, 13 ],
			"rotation": { "origin": [ 2, 3, 13 ], "axis": "x", "angle": 45 },
			"faces": {
				"down": { "uv": [ 5, 12, 10, 13 ], "texture": "#top", "rotation": 270 },
				"up": { "uv": [ 5, 13, 10, 12 ], "texture": "#top", "rotation": 90 },
				"west": { "uv": [ 5, 12, 10, 13 ], "texture": "#top" },
				"east": { "uv": [ 5, 12, 10, 13 ], "texture": "#top" }
			}
		}
	]
}
