{
    "ambientocclusion": false,
    "textures": {
        "particle": "#flowerpot",
        "flowerpot": "block/flower_pot",
        "dirt": "block/dirt"
    },
    "elements": [
    {
            "from": [ 5, 0, 5 ],
            "to": [ 6, 6, 11 ],
            "faces": {
                "down": { "uv": [ 5, 5, 6, 11 ], "texture": "#flowerpot", "cullface": "down" },
                "up": { "uv": [ 5, 5, 6, 11 ], "texture": "#flowerpot" },
                "north": { "uv": [ 10, 11, 11, 16 ], "texture": "#flowerpot" },
                "south": { "uv": [ 5, 11, 6, 16 ], "texture": "#flowerpot" },
                "west": { "uv": [ 5, 11, 11, 16 ], "texture": "#flowerpot" },
                "east": { "uv": [ 5, 11, 11, 16 ], "texture": "#flowerpot" }
            }
        },
        {
            "from": [ 10, 0, 5 ],
            "to": [ 11, 6, 11 ],
            "faces": {
                "down": { "uv": [ 10, 5, 11, 11 ], "texture": "#flowerpot", "cullface": "down" },
                "up": { "uv": [ 10, 5, 11, 11 ], "texture": "#flowerpot" },
                "north": { "uv": [ 5, 11, 6, 16 ], "texture": "#flowerpot" },
                "south": { "uv": [ 10, 11, 11, 16 ], "texture": "#flowerpot" },
                "west": { "uv": [ 5, 11, 11, 16 ], "texture": "#flowerpot" },
                "east": { "uv": [ 5, 11, 11, 16 ], "texture": "#flowerpot" }
            }
        },
        {
            "from": [ 6, 0, 5 ],
            "to": [ 10, 6, 6 ],
            "faces": {
                "down": { "uv": [ 6, 10, 10, 11 ], "texture": "#flowerpot", "cullface": "down" },
                "up": { "uv": [ 6, 5, 10, 6 ], "texture": "#flowerpot" },
                "north": { "uv": [ 6, 11, 10, 16 ], "texture": "#flowerpot" },
                "south": { "uv": [ 6, 11, 10, 16 ], "texture": "#flowerpot" }
            }
        },
        {
            "from": [ 6, 0, 10 ],
            "to": [ 10, 6, 11 ],
            "faces": {
                "down": { "uv": [ 6, 5, 10, 6 ], "texture": "#flowerpot", "cullface": "down" },
                "up": { "uv": [ 6, 10, 10, 11 ], "texture": "#flowerpot" },
                "north": { "uv": [ 6, 11, 10, 16 ], "texture": "#flowerpot" },
                "south": { "uv": [ 6, 11, 10, 16 ], "texture": "#flowerpot" }
            }
        },
        {   "from": [ 2.6, 4, 8 ],
            "to": [ 13.4, 16, 8 ],
            "rotation": { "origin": [ 8, 8, 8 ], "axis": "y", "angle": 45, "rescale": true },
            "shade": false,
            "faces": {
                "north": { "uv": [ 0, 0, 16, 16 ], "texture": "#plant" },
                "south": { "uv": [ 0, 0, 16, 16 ], "texture": "#plant" }
            }
        },
        {   "from": [ 8, 4, 2.6 ],
            "to": [ 8, 16, 13.4 ],
            "rotation": { "origin": [ 8, 8, 8 ], "axis": "y", "angle": 45, "rescale": true },
            "shade": false,
            "faces": {
                "west": { "uv": [ 0, 0, 16, 16 ], "texture": "#plant" },
                "east": { "uv": [ 0, 0, 16, 16 ], "texture": "#plant" }
            }
        },
        {   "from": [ 2.6, 4, 8 ],
            "to": [ 13.4, 16, 8 ],
            "light_emission": 15,
            "rotation": { "origin": [ 8, 8, 8 ], "axis": "y", "angle": 45, "rescale": true },
            "shade": false,
            "faces": {
                "north": { "uv": [ 0, 0, 16, 16 ], "texture": "#cross_emissive" },
                "south": { "uv": [ 0, 0, 16, 16 ], "texture": "#cross_emissive" }
            }
        },
        {   "from": [ 8, 4, 2.6 ],
            "to": [ 8, 16, 13.4 ],
            "light_emission": 15,
            "rotation": { "origin": [ 8, 8, 8 ], "axis": "y", "angle": 45, "rescale": true },
            "shade": false,
            "faces": {
                "west": { "uv": [ 0, 0, 16, 16 ], "texture": "#cross_emissive" },
                "east": { "uv": [ 0, 0, 16, 16 ], "texture": "#cross_emissive" }
            }
        }
    ]
}
