{
	"__comment": "Designed by HanFox with Cubik Studio - https://cubik.studio",
	"ambientocclusion": false,
	"textures": {
		"particle": "#texture",
		"texture": "block/pale_oak_door_bottom"
	},
	"elements": [
		{
			"from": [ 0, 0, 0 ],
			"to": [ 3, 16, 16 ],
			"faces": {
				"down": { "uv": [ 13, 6, 16, 6.5 ], "texture": "#texture", "cullface": "down" },
				"north": { "uv": [ 16, 6, 13, 6.5 ], "texture": "#texture", "cullface": "north" },
				"south": { "uv": [ 0, 0, 0.125, 16 ], "texture": "#texture", "cullface": "south" },
				"west": { "uv": [ 16, 0, 0, 16 ], "texture": "#texture", "cullface": "west" },
				"east": { "uv": [ 0, 0, 16, 16 ], "texture": "#texture" }
			}
		}
	]
}