{
	"__comment": "Designed by HanFox with Cubik Studio - https://cubik.studio",
	"parent": "block/thin_block",
	"ambientocclusion": false,
	"textures": {
		"particle": "#texture",
		"texture": "block/pale_oak_trapdoor"
	},
	"elements": [
		{
			"from": [ 0, 0, 0 ],
			"to": [ 16, 3, 16 ],
			"faces": {
				"down": { "uv": [ 16, 0, 0, 16 ], "texture": "#texture", "cullface": "down" },
				"up": { "uv": [ 0, 0, 16, 16 ], "texture": "#texture", "rotation": 180 },
				"north": { "uv": [ 7.5, 0, 8, 3 ], "texture": "#texture", "cullface": "north" },
				"south": { "uv": [ 7.5, 0, 8, 3 ], "texture": "#texture", "cullface": "south" },
				"west": { "uv": [ 7.5, 0, 8, 3 ], "texture": "#texture", "cullface": "west" },
				"east": { "uv": [ 7.5, 0, 8, 3 ], "texture": "#texture", "cullface": "east" }
			}
		}
	]
}