{
	"__comment": "Designed by HanFox with Cubik Studio - https://cubik.studio",
	"parent": "block/thin_block",
	"ambientocclusion": false,
	"textures": {
		"particle": "#texture",
		"texture": "block/pale_oak_trapdoor"
	},
	"elements": [
		{
			"__comment": "Box1",
			"from": [ 0, 0, 13 ],
			"to": [ 16, 16, 16 ],
			"faces": {
				"down": { "uv": [ 7.5, 0, 8, 3 ], "texture": "#texture", "cullface": "down", "rotation": 180 },
				"up": { "uv": [ 7.5, 0, 8, 3 ], "texture": "#texture", "cullface": "up" },
				"north": { "uv": [ 16, 16, 0, 0 ], "texture": "#texture" },
				"south": { "uv": [ 16, 0, 0, 16 ], "texture": "#texture", "cullface": "south", "rotation": 180 },
				"west": { "uv": [ 7.5, 0, 8, 3 ], "texture": "#texture", "cullface": "west", "rotation": 270 },
				"east": { "uv": [ 7.5, 0, 8, 3 ], "texture": "#texture", "cullface": "east", "rotation": 90 }
			}
		}
	]
}