{
	"display": {
		"icon": {
			"id": "minecraft:mud_bricks"
		},
		"title": {
			"text": "Discover the Citadel"
		},
		"description": {
			"text": "Discovered an ancient structure deep within the Undergrowth. I wonder what happened here?"
		},
		"frame": "task",
		"show_toast": true,
		"announce_to_chat": true,
		"hidden": true
	},
	"parent": "cavernous:expansion/secrets/story",
	"criteria": {
		"in_citadel": {
			"trigger": "minecraft:location",
			"conditions": {
				"player": [
					{
						"condition": "minecraft:entity_properties",
						"entity": "this",
						"predicate": {
							"location": {
								"structures": "cavernous:the_citadel"
							}
						}
					}
				]
			}
		}
	}
}
