{
	"display": {
		"icon": {
			"id": "minecraft:iron_bars"
		},
		"title": {
			"text": "The Prison"
		},
		"description": {
			"text": "Located the prison. There's a lack of living spaces throughout the whole citadel, it doesn't look like people were here willingly... Investigate to find out what truly went on here."
		},
		"frame": "task",
		"show_toast": true,
		"announce_to_chat": true,
		"hidden": true
	},
	"parent": "cavernous:expansion/secrets/story/a2_discover_gate",
	"criteria": {
		"parent": {
			"trigger": "minecraft:impossible"
		}
	}
}
