{
	"type": "minecraft:entity",
	"pools": [
		{
			"rolls": 3,
			"entries": [
				{
					"type": "minecraft:item",
					"name": "minecraft:bone",
					"weight": 4,
					"functions": [
						{
							"function": "minecraft:set_count",
							"count": {
								"min": 1,
								"max": 3
							},
							"add": false
						}
					]
				},
				{
					"type": "minecraft:item",
					"name": "minecraft:tipped_arrow",
					"weight": 5,
					"functions": [
						{
							"function": "minecraft:set_components",
							"components": {
								"minecraft:potion_contents": {
									"custom_color": 1682431,
									"custom_effects": [
										{
											"id": "minecraft:slowness",
											"amplifier": 4,
											"duration": 450
										},
										{
											"id": "minecraft:mining_fatigue",
											"amplifier": 2,
											"duration": 555
										}
									]
								},
								"minecraft:item_name": "{\"italic\":false,\"text\":\"Arrow of Super Fatigue\"}",
								"minecraft:rarity": "uncommon"
							}
						},
						{
							"function": "minecraft:set_count",
							"count": {
								"min": 1,
								"max": 4
							},
							"add": false
						}
					]
				},
				{
					"type": "minecraft:item",
					"name": "minecraft:gold_nugget",
					"weight": 5,
					"functions": [
						{
							"function": "minecraft:set_count",
							"count": {
								"min": 1,
								"max": 3
							},
							"add": false
						}
					]
				}
			]
		}
	]
}
