{
  "feature": "scorched:terracotta_patch",
  "placement": [
    {
      "type": "minecraft:height_range",
      "height": {
        "type": "minecraft:uniform",
        "min_inclusive": {
          "absolute": 100
        },
        "max_inclusive": {
          "absolute": 319
        }
      }
    },
    {
      "type": "minecraft:noise_based_count",
      "noise_to_count_ratio": 24,
      "noise_factor": 85,
      "noise_offset": -0.5
    },
    {
      "type": "minecraft:in_square"
    },
    {
      "type": "minecraft:heightmap",
      "heightmap": "WORLD_SURFACE_WG"
    },
    {
      "type": "minecraft:biome"
    },
    {
      "type": "minecraft:block_predicate_filter",
      "predicate": {
        "type": "minecraft:matching_blocks",
        "offset": [
          0,
          -1,
          0
        ],
        "blocks": "#minecraft:dirt"
      }
    }
  ]
}
