{
    "fallback": "minecraft:empty",
    "elements": [
        {
            "weight": 150,
            "element": {
                "projection": "rigid",
                "element_type": "minecraft:empty_pool_element"
            }
        },
        {
            "weight": 1,
            "element": {
                "location": "forsaken:homes/decoration/spruce/f/1",
                "processors": "forsaken:homes/decoration/spruce",
                "projection": "rigid",
                "element_type": "minecraft:single_pool_element"
            }
        },
        {
            "weight": 1,
            "element": {
                "location": "forsaken:homes/decoration/spruce/f/2",
                "processors": "forsaken:homes/decoration/spruce",
                "projection": "rigid",
                "element_type": "minecraft:single_pool_element"
            }
        },
        {
            "weight": 1,
            "element": {
                "location": "forsaken:homes/decoration/spruce/f/3",
                "processors": "forsaken:homes/decoration/spruce",
                "projection": "rigid",
                "element_type": "minecraft:single_pool_element"
            }
        },
        {
            "weight": 1,
            "element": {
                "location": "forsaken:homes/decoration/spruce/f/4",
                "processors": "forsaken:homes/decoration/spruce",
                "projection": "rigid",
                "element_type": "minecraft:single_pool_element"
            }
        },
        {
            "weight": 1,
            "element": {
                "location": "forsaken:homes/decoration/spruce/f/5",
                "processors": "forsaken:homes/decoration/spruce",
                "projection": "rigid",
                "element_type": "minecraft:single_pool_element"
            }
        },
        {
            "weight": 1,
            "element": {
                "location": "forsaken:homes/decoration/spruce/f/6",
                "processors": "forsaken:homes/decoration/spruce",
                "projection": "rigid",
                "element_type": "minecraft:single_pool_element"
            }
        },
        {
            "weight": 1,
            "element": {
                "location": "forsaken:homes/decoration/spruce/f/7",
                "processors": "forsaken:homes/decoration/spruce",
                "projection": "rigid",
                "element_type": "minecraft:single_pool_element"
            }
        },
        {
            "weight": 1,
            "element": {
                "location": "forsaken:homes/decoration/spruce/f/8",
                "processors": "forsaken:homes/decoration/spruce",
                "projection": "rigid",
                "element_type": "minecraft:single_pool_element"
            }
        },
        {
            "weight": 1,
            "element": {
                "location": "forsaken:homes/decoration/spruce/f/9",
                "processors": "forsaken:homes/decoration/spruce",
                "projection": "rigid",
                "element_type": "minecraft:single_pool_element"
            }
        },
        {
            "weight": 1,
            "element": {
                "location": "forsaken:homes/decoration/spruce/f/10",
                "processors": "forsaken:homes/decoration/spruce",
                "projection": "rigid",
                "element_type": "minecraft:single_pool_element"
            }
        },
        {
            "weight": 1,
            "element": {
                "location": "forsaken:homes/decoration/spruce/f/11",
                "processors": "forsaken:homes/decoration/spruce",
                "projection": "rigid",
                "element_type": "minecraft:single_pool_element"
            }
        },
        {
            "weight": 1,
            "element": {
                "location": "forsaken:homes/decoration/spruce/f/12",
                "processors": "forsaken:homes/decoration/spruce",
                "projection": "rigid",
                "element_type": "minecraft:single_pool_element"
            }
        },
        {
            "weight": 1,
            "element": {
                "location": "forsaken:homes/decoration/spruce/f/13",
                "processors": "forsaken:homes/decoration/spruce",
                "projection": "rigid",
                "element_type": "minecraft:single_pool_element"
            }
        },
        {
            "weight": 1,
            "element": {
                "location": "forsaken:homes/decoration/spruce/f/14",
                "processors": "forsaken:homes/decoration/spruce",
                "projection": "rigid",
                "element_type": "minecraft:single_pool_element"
            }
        },
        {
            "weight": 1,
            "element": {
                "location": "forsaken:homes/decoration/spruce/f/15",
                "processors": "forsaken:homes/decoration/spruce",
                "projection": "rigid",
                "element_type": "minecraft:single_pool_element"
            }
        },
        {
            "weight": 1,
            "element": {
                "location": "forsaken:homes/decoration/spruce/f/16",
                "processors": "forsaken:homes/decoration/spruce",
                "projection": "rigid",
                "element_type": "minecraft:single_pool_element"
            }
        }
    ]
}