{
  "type": "minecraft:crafting_shaped",
  "category": "equipment",
  "pattern": [
    " i ",
    " i ",
    " s "
  ],
  "key": {
    "i": "minecraft:copper_ingot",
    "s":"minecraft:stick"
  },
  "result": {
    "id": "minecraft:stone_sword",
    "count": 1,
    "components": {
      "minecraft:item_name": "[{'text':'Copper Sword'}]",
      "minecraft:item_model": "bbw:copper_sword",
      "minecraft:attribute_modifiers": {
        "modifiers": [
          {
            "id": "237466234",
            "type": "minecraft:attack_damage",
            "amount": 5,
            "operation": "add_value",
            "slot": "mainhand"
          },
          {
            "id": "364525375",
            "type": "minecraft:attack_speed",
            "amount": -2.4,
            "operation": "add_value",
            "slot": "mainhand"
          }
        ],
        "show_in_tooltip": false
      },
      "minecraft:lore": [
        "{'text':' '}",
        "{'text':'When in Main Hand:','italic':false,'color':gray}",
        "{'text':'6 Attack Damage','italic':false,'color':dark_green}",
        "{'text':'1.6 Attack Speed','italic':false,'color':dark_green}"
      ]
    }
  }
}
