{
  "type": "minecraft:crafting_shaped",
  "category": "equipment",
  "pattern": [
    " ii",
    " s ",
    " s "
  ],
  "key": {
    "i":"minecraft:copper_ingot",
    "s": "minecraft:stick"
  },
  "result": {
    "id": "minecraft:stone_hoe",
    "count": 1,
    "components": {
      "minecraft:item_name": "[{'text':'Copper Hoe'}]",
      "minecraft:item_model": "bbw:copper_hoe",
      "minecraft:tool": {
        "rules": [
          {
            "blocks": "#minecraft:mineable/hoe",
            "speed": 5,
            "correct_for_drops": true
          }
        ]
      }
    }
  }
}
