{
  "type": "minecraft:crafting_shaped",
  "category": "equipment",
  "pattern": [
    "iii",
    "isi",
    " s "
  ],
  "key": {
    "i": "minecraft:copper_ingot",
    "s":"minecraft:stick"
  },
  "result": {
    "id": "minecraft:stone_axe",
    "components": {
      "minecraft:item_name": "[{'text':'Copper Battleaxe'}]",
      "minecraft:attribute_modifiers": {
        "modifiers": [
          {
            "id": "23645236423",
            "type": "minecraft:attack_speed",
            "amount": -3.5,
            "operation": "add_value",
            "slot": "mainhand"
          },
          {
            "id": "3746725375234",
            "type": "minecraft:attack_damage",
            "amount": 10,
            "operation": "add_value",
            "slot": "mainhand"
          },
          {
            "id": "236452345623",
            "type": "minecraft:entity_interaction_range",
            "amount": 0,
            "operation": "add_value",
            "slot": "mainhand"
          }
        ],
        "show_in_tooltip": false
      },
      "minecraft:item_model": "bbw:copper_battleaxe",
      "minecraft:lore": [
        "{'text':' '}",
        "{'text':'When in Main Hand:','italic':false,'color':'gray'}",
        "{'text':'11 Attack Damage','italic':false,'color':'dark_green'}",
        "{'text':'0.5 Attack Speed','italic':false,'color':'dark_green'}"
      ]
    }
  }
}
