{
  "type": "minecraft:crafting_shaped",
  "category": "equipment",
  "pattern": [
    " ii",
    " si",
    " s "
  ],
  "key": {
    "i": "minecraft:copper_ingot",
    "s": "minecraft:stick"
  },
  "result": {
    "id": "minecraft:stone_axe",
    "count": 1,
    "components": {
      "minecraft:item_name": "[{'text':'Copper Axe'}]",
      "minecraft:item_model": "bbw:copper_axe",
      "minecraft:tool": {
        "rules": [
          {
            "blocks": "#minecraft:mineable/axe",
            "speed": 5,
            "correct_for_drops": true
          }
        ]
      },
      "minecraft:attribute_modifiers": {
        "modifiers": [
          {
            "id": "345345345",
            "type": "minecraft:attack_damage",
            "amount": 8,
            "operation": "add_value",
            "slot": "mainhand"
          },
          {
            "id": "2347744756",
            "type": "minecraft:attack_speed",
            "amount": -3.1,
            "operation": "add_value",
            "slot": "mainhand"
          }
        ],
        "show_in_tooltip": false
      },
      "minecraft:lore": [
        "{'text':' '}",
        "{'text':'When in Main Hand:','italic':false,'color':gray}",
        "{'text':'9 Attack Damage','italic':false,'color':dark_green}",
        "{'text':'0.9 Attack Speed','italic':false,'color':dark_green}"
      ]
    }
  }
}
