{
  "type": "minecraft:crafting_shaped",
  "category": "equipment",
  "pattern": [
    " e ",
    "gig",
    " g "
  ],
  "key": {
    "e": "minecraft:quartz",
    "i": "minecraft:netherite_ingot",
    "g": "minecraft:gold_ingot"
  },
  "result": {
    "id": "minecraft:command_block",
    "count": 1,
    "components": {
      "minecraft:item_model": "bbw:def_totem",
      "minecraft:item_name": "[{'text':'Totem of Defense'}]",
      "minecraft:attribute_modifiers": {
        "modifiers": [
          {
            "id": "23572342254245",
            "type": "minecraft:armor_toughness",
            "amount": 1,
            "operation": "add_value",
            "slot": "hand"
          },
          {
            "id": "39237846346646354",
            "type": "minecraft:armor",
            "amount": 4,
            "operation": "add_value",
            "slot": "hand"
          }
        ],
        "show_in_tooltip": false
      },
      "minecraft:rarity": "uncommon",
      "minecraft:max_stack_size": 1
  }
}
}
