{
  "type": "minecraft:crafting_shaped",
  "category": "equipment",
  "pattern": [
    "   ",
    " i ",
    "s  "
  ],
  "key": {
    "i": "minecraft:diamond",
    "s": "minecraft:stick"
  },
  "result": {
    "id": "minecraft:iron_sword",
    "count": 1,
    "components": {
      "minecraft:item_name": "[{'text':'Diamond Dagger'}]",
      "minecraft:attribute_modifiers": {
        "modifiers": [
          {
            "id": "2367452345524534253",
            "type": "minecraft:attack_speed",
            "amount": -2.2,
            "operation": "add_value",
            "slot": "mainhand"
          },
          {
            "id": "23684523645654",
            "type": "minecraft:attack_damage",
            "amount": 4,
            "operation": "add_value",
            "slot": "mainhand"
          },
          {
            "id": "236456234563654267467",
            "type": "minecraft:entity_interaction_range",
            "amount": -1,
            "operation": "add_value",
            "slot": "mainhand"
          }
        ],
        "show_in_tooltip": false
      },
      "minecraft:item_model": "bbw:diamond_dagger",
      "minecraft:lore": [
        "{'text':' '}",
        "{'text':'When in Main Hand:','italic':false,'color':gray}",
        "{'text':'5 Attack Damage','italic':false,'color':dark_green}",
        "{'text':'1.8 Attack Speed','italic':false,'color':dark_green}"
      ],
      "minecraft:rarity": "common",
      "minecraft:max_damage": 1561
    }
  }
}
