{
  "type": "minecraft:crafting_shaped",
  "category": "equipment",
  "pattern": [
    "   ",
    " i ",
    "s  "
  ],
  "key": {
    "i": "minecraft:iron_ingot",
    "s": "minecraft:stick"
  },
  "result": {
    "id": "minecraft:iron_sword",
    "count": 1,
    "components": {
      "minecraft:item_name": "[{'text':'Iron Dagger'}]",
      "minecraft:attribute_modifiers": {
        "modifiers": [
          {
            "id": "172366343465265612",
            "type": "minecraft:attack_speed",
            "amount": -2.2,
            "operation": "add_value",
            "slot": "mainhand"
          },
          {
            "id": "12673565265235626",
            "type": "minecraft:attack_damage",
            "amount": 3,
            "operation": "add_value",
            "slot": "mainhand"
          },
          {
            "id": "-1256352354234523",
            "type": "minecraft:entity_interaction_range",
            "amount": -1,
            "operation": "add_value",
            "slot": "mainhand"
          }
        ],
        "show_in_tooltip": false
      },
      "minecraft:item_model": "bbw:iron_dagger",
      "minecraft:lore": [
        "{'text':' '}",
        "{'text':'When in Main Hand:','italic':false,'color':gray}",
        "{'text':'4 Attack Damage','italic':false,'color':dark_green}",
        "{'text':'1.8 Attack Speed','italic':false,'color':dark_green}"
      ]
    }
  }
}
