{
  "type": "minecraft:crafting_shaped",
  "category": "equipment",
  "pattern": [
    "ioi",
    "isi",
    " s "
  ],
  "key": {
    "i": "minecraft:diamond",
    "s": "minecraft:stick",
    "o": "minecraft:netherite_ingot"
  },
  "result": {
    "id": "minecraft:iron_sword",
    "count": 1,
    "components": {
      "minecraft:item_name": "[{'text':'Netherite Battleaxe'}]",
      "minecraft:attribute_modifiers": {
        "modifiers": [
          {
            "id": "27342369762772364",
            "type": "minecraft:attack_speed",
            "amount": -3.5,
            "operation": "add_value",
            "slot": "mainhand"
          },
          {
            "id": "672364523675673546",
            "type": "minecraft:attack_damage",
            "amount": 12,
            "operation": "add_value",
            "slot": "mainhand"
          },
          {
            "id": "237842376473647",
            "type": "minecraft:entity_interaction_range",
            "amount": 0,
            "operation": "add_value",
            "slot": "mainhand"
          }
        ],
        "show_in_tooltip": false
      },
      "minecraft:item_model": "bbw:netherite_battleaxe",
      "minecraft:lore": [
        "{'text':' '}",
        "{'text':'When in Main Hand:','italic':false,'color':gray}",
        "{'text':'13 Attack Damage','italic':false,'color':dark_green}",
        "{'text':'0.5 Attack Speed','italic':false,'color':dark_green}"
      ],
      "minecraft:rarity": "common",
      "minecraft:max_damage": 2031,
      "minecraft:damage_resistant": {
        "types": "#minecraft:is_fire"
      }
    }
  }
}
