{
  "type": "minecraft:crafting_shaped",
  "category": "equipment",
  "pattern": [
    "   ",
    " i ",
    "s  "
  ],
  "key": {
    "i": "minecraft:netherite_ingot",
    "s": "minecraft:stick"
  },
  "result": {
    "id": "minecraft:iron_sword",
    "count": 1,
    "components": {
      "minecraft:item_name": "[{'text':'Netherite Dagger'}]",
      "minecraft:attribute_modifiers": {
        "modifiers": [
          {
            "id": "2374672346723647234767634",
            "type": "minecraft:attack_speed",
            "amount": -2.2,
            "operation": "add_value",
            "slot": "mainhand"
          },
          {
            "id": "2364563456575762346",
            "type": "minecraft:attack_damage",
            "amount": 5,
            "operation": "add_value",
            "slot": "mainhand"
          },
          {
            "id": "127936645352234",
            "type": "minecraft:entity_interaction_range",
            "amount": -1,
            "operation": "add_value",
            "slot": "mainhand"
          }
        ],
        "show_in_tooltip": false
      },
      "minecraft:item_model": "bbw:netherite_dagger",
      "minecraft:lore": [
        "{'text':' '}",
        "{'text':'When in Main Hand:','italic':false,'color':gray}",
        "{'text':'6 Attack Damage','italic':false,'color':dark_green}",
        "{'text':'1.8 Attack Speed','italic':false,'color':dark_green}"
      ],
      "minecraft:rarity": "common",
      "minecraft:max_damage": 2031,
      "minecraft:damage_resistant": {
        "types": "#minecraft:is_fire"
      }
    }
  }
}
