{
  "type": "minecraft:crafting_shaped",
  "category": "equipment",
  "pattern": [
    " e ",
    "gig",
    " g "
  ],
  "key": {
    "e": "minecraft:lapis_lazuli",
    "i": "minecraft:netherite_ingot",
    "g": "minecraft:gold_ingot"
  },
  "result": {
    "id": "minecraft:command_block",
    "count": 1,
    "components": {
      "minecraft:item_model": "bbw:speed_totem",
      "minecraft:item_name": "[{'text':'Totem of Speed'}]",
      "minecraft:attribute_modifiers": {
        "modifiers": [
          {
            "id": "23646342356456235464574856346364",
            "type": "minecraft:movement_speed",
            "amount": 0.1,
            "operation": "add_value",
            "slot": "hand"
          }
        ],
        "show_in_tooltip": false
      },
      "minecraft:rarity": "uncommon",
      "minecraft:max_stack_size": 1
  }
}
}