{
  "type": "minecraft:crafting_shaped",
  "category": "equipment",
  "pattern": [
    " ii",
    " si",
    "s  "
  ],
  "key": {
    "i": "minecraft:cobblestone",
    "s": "minecraft:stick"
  },
  "result": {
    "id": "minecraft:stone_sword",
    "count": 1,
    "components": {
      "minecraft:item_name": "[{'text':'Stone Spear'}]",
      "minecraft:attribute_modifiers": {
        "modifiers": [
          {
            "id": "2781381237283872382382873",
            "type": "minecraft:attack_speed",
            "amount": -3,
            "operation": "add_value",
            "slot": "mainhand"
          },
          {
            "id": "12767126372387263781263",
            "type": "minecraft:attack_damage",
            "amount": 4,
            "operation": "add_value",
            "slot": "mainhand"
          },
          {
            "id": "126367123712637263672",
            "type": "minecraft:entity_interaction_range",
            "amount": 2,
            "operation": "add_value",
            "slot": "mainhand"
          }
        ],
        "show_in_tooltip": false
      },
      "minecraft:item_model": "bbw:stone_spear",
      "minecraft:lore": [
        "{'text':' '}",
        "{'text':'When in Main Hand:','italic':false,'color':gray}",
        "{'text':'5 Attack Damage','italic':false,'color':dark_green}",
        "{'text':'1 Attack Speed','italic':false,'color':dark_green}"
      ]
    }
  }
}
