{
  "type": "minecraft:crafting_shaped",
  "category": "equipment",
  "pattern": [
    "iii",
    "isi",
    " s "
  ],
  "key": {
    "i": "minecraft:cobblestone",
    "s": "minecraft:stick"
  },
  "result": {
    "id": "minecraft:stone_axe",
    "count": 1,
    "components": {
      "minecraft:item_name": "[{'text':'Stone Battleaxe'}]",
      "minecraft:attribute_modifiers": {
        "modifiers": [
          {
            "id": "6126235423654623567235",
            "type": "minecraft:attack_speed",
            "amount": -3.5,
            "operation": "add_value",
            "slot": "mainhand"
          },
          {
            "id": "23674562354623546723546",
            "type": "minecraft:attack_damage",
            "amount": 9,
            "operation": "add_value",
            "slot": "mainhand"
          },
          {
            "id": "2367843684623675254253",
            "type": "minecraft:entity_interaction_range",
            "amount": 0,
            "operation": "add_value",
            "slot": "mainhand"
          }
        ],
        "show_in_tooltip": false
      },
      "minecraft:item_model": "bbw:stone_battleaxe",
      "minecraft:lore": [
        "{'text':' '}",
        "{'text':'When in Main Hand:','italic':false,'color':gray}",
        "{'text':'10 Attack Damage','italic':false,'color':dark_green}",
        "{'text':'0.5 Attack Speed','italic':false,'color':dark_green}"
      ]
    }
  }
}
