{
  "type": "minecraft:crafting_shaped",
  "category": "equipment",
  "pattern": [
    "iii",
    "isi",
    " s "
  ],
  "key": {
    "i": "#minecraft:planks",
    "s": "minecraft:stick"
  },
  "result": {
    "id": "minecraft:wooden_axe",
    "count": 1,
    "components": {
      "minecraft:item_name": "[{'text':'Wooden Battleaxe'}]",
      "minecraft:attribute_modifiers": {
        "modifiers": [
          {
            "id": "23674567354235651265190934",
            "type": "minecraft:attack_speed",
            "amount": -3.5,
            "operation": "add_value",
            "slot": "mainhand"
          },
          {
            "id": "237437847638671267534635645",
            "type": "minecraft:attack_damage",
            "amount": 9,
            "operation": "add_value",
            "slot": "mainhand"
          },
          {
            "id": "23784623746747346",
            "type": "minecraft:entity_interaction_range",
            "amount": 0,
            "operation": "add_value",
            "slot": "mainhand"
          }
        ],
        "show_in_tooltip": false
      },
      "minecraft:item_model": "bbw:wooden_battleaxe",
      "minecraft:lore": [
        "{'text':' '}",
        "{'text':'When in Main Hand:','italic':false,'color':gray}",
        "{'text':'8 Attack Damage','italic':false,'color':dark_green}",
        "{'text':'0.5 Attack Speed','italic':false,'color':dark_green}"
      ]
    }
  }
}
