{
  "type": "minecraft:crafting_shaped",
  "category": "equipment",
  "pattern": [
    "   ",
    " i ",
    "s  "
  ],
  "key": {
    "i":"#minecraft:planks",
    "s": "minecraft:stick"
  },
  "result": {
    "id": "minecraft:wooden_sword",
    "count": 1,
    "components": {
      "minecraft:item_name": "[{'text':'Wooden Dagger'}]",
      "minecraft:attribute_modifiers": {
        "modifiers": [
          {
            "id": "723465762536264634",
            "type": "minecraft:attack_speed",
            "amount": -2.2,
            "operation": "add_value",
            "slot": "mainhand"
          },
          {
            "id": "19023895644675",
            "type": "minecraft:attack_damage",
            "amount": 1,
            "operation": "add_value",
            "slot": "mainhand"
          },
          {
            "id": "76763465632893848",
            "type": "minecraft:entity_interaction_range",
            "amount": -1,
            "operation": "add_value",
            "slot": "mainhand"
          }
        ],
        "show_in_tooltip": false
      },
      "minecraft:item_model": "bbw:wooden_dagger",
      "minecraft:lore": [
        "{'text':' '}",
        "{'text':'When in Main Hand:','italic':false,'color':gray}",
        "{'text':'2 Attack Damage','italic':false,'color':dark_green}",
        "{'text':'1.8 Attack Speed','italic':false,'color':dark_green}"
      ]
    }
  }
}
