{
  "type": "minecraft:jigsaw",
  "biomes": "minecraft:mangrove_swamp",
  "step": "surface_structures",
  "spawn_overrides": {
    "monster": {
      "bounding_box": "full",
      "spawns": [
        {
          "type": "minecraft:bogged",
          "weight": 70,
          "minCount": 1,
          "maxCount": 2
        },
        {
          "type": "minecraft:slime",
          "weight": 30,
          "minCount": 1,
          "maxCount": 2
        }
      ]
    },
    "creature": {
      "bounding_box": "full",
      "spawns": [
        {
          "type": "minecraft:frog",
          "weight": 100,
          "minCount": 1,
          "maxCount": 2
        }
      ]
    }
  },
  "terrain_adaptation": "beard_box",
  "start_pool": "luistercorp:mangrove/small_well",
  "size": 1,
  "start_height": {
    "absolute": 0
  },
  "project_start_to_heightmap": "WORLD_SURFACE_WG",
  "max_distance_from_center": 25,
  "use_expansion_hack": false,
  "liquid_settings": "ignore_waterlogging"
}