{
  "fallback": "minecraft:empty",
  "elements": [
    {
      "weight": 1,
      "element": {
        "element_type": "minecraft:single_pool_element",
        "projection": "rigid",
        "location": "mmdp.deformation:dungeon/large_room/ethereal_sanctum/initial",
        "processors": {
          "processors": []
        }
      }
    },
	{
      "weight": 1,
      "element": {
        "element_type": "minecraft:single_pool_element",
        "projection": "rigid",
        "location": "mmdp.deformation:dungeon/large_room/ethereal_sanctum/scratched",
        "processors": {
          "processors": []
        }
      }
    },
	{
      "weight": 1,
      "element": {
        "element_type": "minecraft:single_pool_element",
        "projection": "rigid",
        "location": "mmdp.deformation:dungeon/large_room/ethereal_sanctum/ruined",
        "processors": {
          "processors": []
        }
      }
    },
	{
      "weight": 1,
      "element": {
        "element_type": "minecraft:single_pool_element",
        "projection": "rigid",
        "location": "mmdp.deformation:dungeon/large_room/ethereal_sanctum/overgrown",
        "processors": {
          "processors": []
        }
      }
    },
	{
      "weight": 1,
      "element": {
        "element_type": "minecraft:single_pool_element",
        "projection": "rigid",
        "location": "mmdp.deformation:dungeon/large_room/ethereal_sanctum/infested",
        "processors": {
          "processors": []
        }
      }
    }
  ]
}