{
  "fallback": "minecraft:empty",
  "elements": [
    {
      "weight": 1,
      "element": {
        "element_type": "minecraft:single_pool_element",
        "projection": "rigid",
        "location": "mmdp.deformation:dungeon/parkour_box/usual/1",
        "processors": {
          "processors": []
        }
      }
    },
	{
      "weight": 1,
      "element": {
        "element_type": "minecraft:single_pool_element",
        "projection": "rigid",
        "location": "mmdp.deformation:dungeon/parkour_box/usual/2",
        "processors": {
          "processors": []
        }
      }
    },
	{
      "weight": 1,
      "element": {
        "element_type": "minecraft:single_pool_element",
        "projection": "rigid",
        "location": "mmdp.deformation:dungeon/parkour_box/usual/3",
        "processors": {
          "processors": []
        }
      }
    },
	{
      "weight": 1,
      "element": {
        "element_type": "minecraft:single_pool_element",
        "projection": "rigid",
        "location": "mmdp.deformation:dungeon/parkour_box/invisible/1",
        "processors": {
          "processors": []
        }
      }
    },
	{
      "weight": 1,
      "element": {
        "element_type": "minecraft:single_pool_element",
        "projection": "rigid",
        "location": "mmdp.deformation:dungeon/parkour_box/invisible/2",
        "processors": {
          "processors": []
        }
      }
    },
	{
      "weight": 1,
      "element": {
        "element_type": "minecraft:single_pool_element",
        "projection": "rigid",
        "location": "mmdp.deformation:dungeon/parkour_box/invisible/3",
        "processors": {
          "processors": []
        }
      }
    }
  ]
}