{
  "fallback": "minecraft:empty",
  "elements": [
    {
      "weight": 1,
      "element": {
        "element_type": "minecraft:single_pool_element",
        "projection": "rigid",
        "location": "mmdp.deformation:dungeon/starting_point/1",
        "processors": {
          "processors": []
        }
      }
    },
	{
      "weight": 1,
      "element": {
        "element_type": "minecraft:single_pool_element",
        "projection": "rigid",
        "location": "mmdp.deformation:dungeon/starting_point/2",
        "processors": {
          "processors": []
        }
      }
    },
	{
      "weight": 1,
      "element": {
        "element_type": "minecraft:single_pool_element",
        "projection": "rigid",
        "location": "mmdp.deformation:dungeon/starting_point/3",
        "processors": {
          "processors": []
        }
      }
    },
	{
      "weight": 1,
      "element": {
        "element_type": "minecraft:single_pool_element",
        "projection": "rigid",
        "location": "mmdp.deformation:dungeon/starting_point/4",
        "processors": {
          "processors": []
        }
      }
    },
	{
      "weight": 1,
      "element": {
        "element_type": "minecraft:single_pool_element",
        "projection": "rigid",
        "location": "mmdp.deformation:dungeon/starting_point/5",
        "processors": {
          "processors": []
        }
      }
    },
	{
      "weight": 1,
      "element": {
        "element_type": "minecraft:single_pool_element",
        "projection": "rigid",
        "location": "mmdp.deformation:dungeon/starting_point/6",
        "processors": {
          "processors": []
        }
      }
    },
	{
      "weight": 1,
      "element": {
        "element_type": "minecraft:single_pool_element",
        "projection": "rigid",
        "location": "mmdp.deformation:dungeon/starting_point/7",
        "processors": {
          "processors": []
        }
      }
    },
	{
      "weight": 1,
      "element": {
        "element_type": "minecraft:single_pool_element",
        "projection": "rigid",
        "location": "mmdp.deformation:dungeon/starting_point/8",
        "processors": {
          "processors": []
        }
      }
    },
	{
      "weight": 1,
      "element": {
        "element_type": "minecraft:single_pool_element",
        "projection": "rigid",
        "location": "mmdp.deformation:dungeon/starting_point/9",
        "processors": {
          "processors": []
        }
      }
    }
  ]
}